,n_adj,n_adp,n_adv,n_aux,n_cconj,n_det,n_intj,n_noun,n_num,n_part,n_pron,n_propn,n_punct,n_sconj,n_sym,n_verb,n_space,n_uadj,n_uadp,n_uadv,n_uaux,n_ucconj,n_udet,n_uintj,n_unoun,n_unum,n_upart,n_upron,n_upropn,n_upunct,n_usconj,n_usym,n_uverb,n_uspace,a_word_ps,a_bry_ps,corr_ttr,fkgl,fkre
0,11,8,3,6,6,3,0,7,1,4,11,2,7,1,0,11,1,10,5,3,2,2,2,0,7,1,1,5,2,4,1,0,10,1,27.333,88.02,4.295,8.165,85.206
1,0,1,0,1,1,2,0,3,1,2,5,0,3,0,0,5,0,0,1,0,1,1,1,0,3,1,2,3,0,2,0,0,5,0,10.5,44.104,3.086,-0.257,115.606
2,0,0,0,0,0,0,0,0,0,0,0,0,0,0,0,0,0,0,0,0,0,0,0,0,0,0,0,0,0,0,0,0,0,0,0.0,0.0,0.0,-15.59,206.835
3,0,0,0,0,0,0,0,0,0,0,0,0,0,0,0,0,0,0,0,0,0,0,0,0,0,0,0,0,0,0,0,0,0,0,0.0,0.0,0.0,-15.59,206.835
4,3,4,4,8,6,5,1,6,0,7,25,0,8,2,0,19,0,3,2,3,4,3,3,1,6,0,2,8,0,4,2,0,13,0,18.0,69.99,3.727,4.803,92.685
5,21,29,14,31,12,17,2,44,11,17,67,13,38,12,1,53,0,18,12,13,6,3,9,2,31,4,3,15,11,7,8,1,36,0,16.286,64.046,6.5,4.804,89.626
6,0,0,0,0,0,0,0,0,0,0,0,0,0,0,0,0,0,0,0,0,0,0,0,0,0,0,0,0,0,0,0,0,0,0,0.0,0.0,0.0,-15.59,206.835
7,0,0,0,0,0,0,0,0,0,0,0,0,0,0,0,0,0,0,0,0,0,0,0,0,0,0,0,0,0,0,0,0,0,0,0.0,0.0,0.0,-15.59,206.835
8,16,16,14,14,5,20,0,24,0,4,25,2,29,12,1,22,5,15,8,11,5,3,7,0,16,0,2,8,2,7,5,1,16,2,16.364,57.551,5.534,4.296,93.406
9,6,12,5,5,5,6,0,12,1,3,23,0,5,0,0,16,0,6,6,5,2,1,4,0,11,1,1,6,0,2,0,0,14,0,13.429,47.715,4.084,3.958,90.605
10,0,0,0,0,0,0,0,0,0,0,0,0,0,0,0,0,0,0,0,0,0,0,0,0,0,0,0,0,0,0,0,0,0,0,0.0,0.0,0.0,-15.59,206.835
11,2,7,1,8,3,4,1,6,0,2,17,1,5,3,0,12,2,2,6,1,4,1,4,1,6,0,2,6,1,3,3,0,7,1,17.25,64.223,4.001,5.332,87.561
12,4,6,5,4,3,4,0,7,0,2,7,0,4,0,0,6,0,3,6,5,3,2,2,0,7,0,2,4,0,2,0,0,6,0,48.0,195.432,4.185,17.634,54.128
13,0,0,0,0,0,0,0,0,0,0,0,0,0,0,0,0,0,0,0,0,0,0,0,0,0,0,0,0,0,0,0,0,0,0,0.0,0.0,0.0,-15.59,206.835
14,1,1,3,0,1,2,1,2,1,0,5,0,0,0,0,4,0,1,1,3,0,1,1,1,2,1,0,3,0,0,0,0,3,0,11.5,30.938,2.801,2.747,95.849
15,0,0,0,0,0,0,0,0,0,0,0,0,0,0,0,0,0,0,0,0,0,0,0,0,0,0,0,0,0,0,0,0,0,0,0.0,0.0,0.0,-15.59,206.835
16,15,49,27,33,18,24,4,55,2,19,80,44,68,12,0,65,0,14,19,19,7,2,6,4,37,2,3,16,16,7,6,0,43,0,9.143,30.774,6.281,2.515,93.316
17,0,0,0,0,0,0,0,0,0,0,0,0,0,0,0,0,0,0,0,0,0,0,0,0,0,0,0,0,0,0,0,0,0,0,0.0,0.0,0.0,-15.59,206.835
18,9,28,21,32,15,13,2,40,5,13,72,14,31,23,0,48,1,8,13,17,8,3,4,2,22,5,3,13,3,5,9,0,29,1,17.684,67.08,5.053,4.336,95.473
19,0,0,0,0,0,0,0,0,0,0,0,0,0,0,0,0,0,0,0,0,0,0,0,0,0,0,0,0,0,0,0,0,0,0,0.0,0.0,0.0,-15.59,206.835
20,0,0,0,0,0,0,0,0,0,0,0,0,0,0,0,0,0,0,0,0,0,0,0,0,0,0,0,0,0,0,0,0,0,0,0.0,0.0,0.0,-15.59,206.835
21,1,2,2,3,2,1,1,2,0,1,9,0,3,1,0,6,1,1,2,2,1,2,1,1,2,0,1,6,0,4,1,0,5,1,16.5,51.523,3.57,5.863,82.415
22,0,0,0,0,0,0,0,0,0,0,0,0,0,0,0,0,0,0,0,0,0,0,0,0,0,0,0,0,0,0,0,0,0,0,0.0,0.0,0.0,-15.59,206.835
23,8,18,27,18,6,11,3,34,5,13,50,5,29,9,0,47,0,8,13,22,6,2,3,3,23,5,2,14,3,7,7,0,27,0,18.143,73.813,6.167,5.609,87.166
24,6,23,7,3,0,8,2,33,5,7,24,4,28,2,0,16,8,5,9,6,2,0,4,2,28,5,3,7,4,7,2,0,12,2,10.133,36.925,5.793,1.404,103.044
25,0,0,0,0,0,0,0,0,0,0,0,0,0,0,0,0,0,0,0,0,0,0,0,0,0,0,0,0,0,0,0,0,0,0,0.0,0.0,0.0,-15.59,206.835
26,0,0,0,0,0,0,0,0,0,0,0,0,0,0,0,0,0,0,0,0,0,0,0,0,0,0,0,0,0,0,0,0,0,0,0.0,0.0,0.0,-15.59,206.835
27,5,7,7,4,3,6,1,14,3,4,14,6,19,1,0,21,3,5,5,7,3,1,3,1,13,3,2,7,6,5,1,0,19,2,8.909,34.792,5.714,1.852,97.653
28,0,0,0,0,0,0,0,0,0,0,0,0,0,0,0,0,0,0,0,0,0,0,0,0,0,0,0,0,0,0,0,0,0,0,0.0,0.0,0.0,-15.59,206.835
29,0,0,0,0,0,0,0,0,0,0,0,0,0,0,0,0,0,0,0,0,0,0,0,0,0,0,0,0,0,0,0,0,0,0,0.0,0.0,0.0,-15.59,206.835
30,0,0,0,0,0,0,0,0,0,0,0,0,0,0,0,0,0,0,0,0,0,0,0,0,0,0,0,0,0,0,0,0,0,0,0.0,0.0,0.0,-15.59,206.835
31,7,18,12,15,12,19,0,31,5,8,31,11,18,4,1,34,3,7,5,9,4,4,5,0,28,5,2,12,11,7,4,1,24,2,23.333,88.497,6.051,8.063,78.812
32,4,3,3,2,2,1,1,4,1,0,6,2,4,1,0,4,0,3,3,3,1,2,1,1,3,1,0,3,2,4,1,0,4,0,11.667,41.787,3.825,2.783,95.89
33,8,8,10,8,9,5,1,21,2,11,33,0,14,3,0,26,3,8,6,8,5,2,3,1,17,1,2,10,0,2,3,0,18,2,24.667,99.255,4.766,7.185,87.481
34,3,11,0,4,2,6,1,16,3,4,8,8,9,2,0,8,1,3,8,0,3,2,4,1,13,3,3,4,8,4,2,0,8,1,25.667,97.028,5.399,13.576,43.446
35,1,0,1,1,0,1,0,2,0,0,1,0,0,0,0,1,0,1,0,1,1,0,1,0,2,0,0,1,0,1,0,0,1,0,4.5,16.133,2.121,0.587,98.868
36,0,0,0,0,0,0,0,0,0,0,0,0,0,0,0,0,0,0,0,0,0,0,0,0,0,0,0,0,0,0,0,0,0,0,0.0,0.0,0.0,-15.59,206.835
37,8,4,12,11,2,5,1,16,0,6,22,6,17,4,0,15,0,6,2,9,4,2,4,1,15,0,2,8,5,5,3,0,11,0,12.444,52.499,5.078,4.856,82.411
38,4,3,4,8,1,2,0,5,0,2,10,0,5,1,0,5,0,4,3,4,3,1,2,0,4,0,1,6,0,3,1,0,5,0,11.25,44.722,3.795,0.86,108.936
39,0,0,0,0,0,0,0,0,0,0,0,0,0,0,0,0,0,0,0,0,0,0,0,0,0,0,0,0,0,0,0,0,0,0,0.0,0.0,0.0,-15.59,206.835
40,1,4,1,2,1,1,0,5,0,0,10,1,9,0,0,3,5,1,3,1,1,1,1,0,4,0,0,7,1,4,0,0,2,3,11.667,37.61,3.705,4.469,83.805
41,0,0,0,0,0,0,0,0,0,0,0,0,0,0,0,0,0,0,0,0,0,0,0,0,0,0,0,0,0,0,0,0,0,0,0.0,0.0,0.0,-15.59,206.835
42,0,0,0,0,0,0,0,0,0,0,0,0,0,0,0,0,0,0,0,0,0,0,0,0,0,0,0,0,0,0,0,0,0,0,0.0,0.0,0.0,-15.59,206.835
43,32,70,66,62,25,48,5,91,7,18,147,4,107,25,0,118,23,23,23,36,11,4,7,5,62,4,3,26,4,8,11,0,68,2,19.5,76.957,6.806,5.312,91.711
44,0,0,0,0,0,0,0,0,0,0,0,0,0,0,0,0,0,0,0,0,0,0,0,0,0,0,0,0,0,0,0,0,0,0,0.0,0.0,0.0,-15.59,206.835
45,0,0,0,0,0,0,0,0,0,0,0,0,0,0,0,0,0,0,0,0,0,0,0,0,0,0,0,0,0,0,0,0,0,0,0.0,0.0,0.0,-15.59,206.835
46,0,0,0,0,0,0,0,0,0,0,0,0,0,0,0,0,0,0,0,0,0,0,0,0,0,0,0,0,0,0,0,0,0,0,0.0,0.0,0.0,-15.59,206.835
47,1,2,4,2,0,0,0,2,0,1,6,0,3,1,0,4,0,1,2,4,1,0,0,0,2,0,1,6,0,3,1,0,4,0,11.5,56.486,3.686,6.338,70.102
48,0,0,0,0,0,0,0,0,0,0,0,0,0,0,0,0,0,0,0,0,0,0,0,0,0,0,0,0,0,0,0,0,0,0,0.0,0.0,0.0,-15.59,206.835
49,0,0,0,0,0,0,0,0,0,0,0,0,0,0,0,0,0,0,0,0,0,0,0,0,0,0,0,0,0,0,0,0,0,0,0.0,0.0,0.0,-15.59,206.835
50,9,7,8,6,2,4,1,12,0,1,13,0,16,2,1,8,0,9,7,6,2,2,2,1,11,0,1,7,0,5,1,1,6,0,14.6,59.42,5.048,2.389,103.939
51,4,5,4,6,2,6,0,19,0,4,14,0,19,1,0,13,2,4,4,4,3,1,4,0,16,0,2,5,0,3,1,0,10,1,11.429,44.083,4.585,4.207,85.255
52,5,5,12,10,6,4,3,10,1,2,17,1,5,4,0,11,5,4,3,9,5,1,3,3,10,1,1,8,1,5,4,0,9,1,12.25,44.192,4.571,0.988,109.801
53,6,8,6,6,1,8,1,17,0,1,10,2,11,2,0,10,4,6,6,6,3,1,3,1,15,0,1,7,2,4,2,0,9,1,16.6,66.552,5.2,5.527,85.0
54,14,21,23,24,16,24,0,52,1,8,49,1,39,7,0,32,10,12,9,19,6,3,5,0,28,1,2,13,1,6,5,0,22,2,16.529,62.683,5.399,4.42,92.813
55,3,2,0,3,3,2,0,3,0,2,7,0,3,1,0,6,1,3,2,0,1,2,2,0,3,0,1,4,0,1,1,0,6,1,11.0,42.275,3.323,3.003,93.125
56,0,0,0,0,0,0,0,0,0,0,0,0,0,0,0,0,0,0,0,0,0,0,0,0,0,0,0,0,0,0,0,0,0,0,0.0,0.0,0.0,-15.59,206.835
57,0,0,0,0,0,0,0,0,0,0,0,0,0,0,0,0,0,0,0,0,0,0,0,0,0,0,0,0,0,0,0,0,0,0,0.0,0.0,0.0,-15.59,206.835
58,0,0,0,0,0,0,0,0,0,0,0,0,0,0,0,0,0,0,0,0,0,0,0,0,0,0,0,0,0,0,0,0,0,0,0.0,0.0,0.0,-15.59,206.835
59,14,27,20,24,14,17,1,48,6,7,36,3,42,6,2,32,3,14,15,16,5,4,8,1,42,6,2,15,3,5,5,1,25,1,21.417,88.158,6.925,7.685,78.113
60,37,59,55,47,21,64,4,118,5,25,109,21,77,15,0,95,0,29,18,32,7,2,9,4,89,3,2,18,16,5,9,0,55,0,14.062,57.308,7.621,3.163,97.434
61,3,5,10,3,3,5,0,7,0,1,5,1,6,0,0,8,0,3,4,10,2,2,3,0,5,0,1,3,1,2,0,0,8,0,17.0,70.494,4.159,5.154,88.392
62,4,7,10,15,6,2,1,8,0,6,26,0,6,8,0,18,0,4,5,9,5,2,2,1,7,0,2,8,0,2,6,0,17,0,15.857,60.701,4.564,3.351,99.281
63,0,0,0,0,0,0,0,0,0,0,0,0,0,0,0,0,0,0,0,0,0,0,0,0,0,0,0,0,0,0,0,0,0,0,0.0,0.0,0.0,-15.59,206.835
64,0,2,4,5,1,1,1,6,0,2,9,1,9,2,0,8,0,0,2,4,3,1,1,1,5,0,1,4,1,4,1,0,6,0,8.4,39.566,3.601,1.734,97.595
65,8,13,11,17,4,10,0,27,3,3,29,0,30,6,0,21,0,8,8,9,3,2,6,0,21,3,2,11,0,9,5,0,16,0,19.125,74.969,5.659,7.448,75.729
66,40,86,67,81,62,42,4,155,4,61,242,14,138,50,0,188,12,28,19,38,9,3,9,3,73,3,4,22,6,9,12,0,73,1,17.571,66.253,6.036,4.065,97.216
67,1,1,1,1,0,2,0,3,0,1,4,1,5,1,0,5,0,1,1,1,1,0,1,0,3,0,1,4,1,3,1,0,5,0,10.5,40.286,3.549,3.115,91.435
68,35,47,39,42,21,27,5,65,14,26,95,3,82,20,3,75,7,30,17,23,9,5,10,3,40,5,3,21,1,7,10,1,46,3,21.708,85.589,6.722,6.013,90.621
69,22,30,28,30,16,23,1,45,3,7,60,0,31,9,0,41,3,16,13,21,4,3,6,1,35,2,2,12,0,7,5,0,28,1,16.789,66.464,5.899,5.421,86.099
70,13,8,10,5,6,8,0,23,1,7,20,0,10,4,1,15,2,10,5,10,3,3,3,0,18,1,3,12,0,4,4,1,12,1,20.333,77.265,5.57,6.848,82.18
71,8,5,7,4,1,6,0,18,0,1,6,1,14,1,0,5,1,8,4,7,1,1,4,0,14,0,1,5,1,6,1,0,5,1,9.0,41.395,5.167,3.091,88.929
72,1,7,6,5,4,5,0,7,0,2,23,1,6,3,1,12,0,1,6,3,3,2,2,0,5,0,1,9,1,4,3,1,8,0,12.667,47.212,3.569,3.634,91.568
73,2,2,2,3,2,5,1,11,0,3,7,0,11,2,0,8,3,2,2,2,3,1,3,1,10,0,2,3,0,6,2,0,7,1,10.0,36.75,4.5,1.762,100.241
74,55,81,78,63,46,36,2,84,5,21,215,4,83,28,0,121,18,37,17,33,7,3,11,2,52,3,2,23,4,6,10,0,53,7,13.603,50.446,6.063,3.223,96.187
75,3,8,4,6,2,4,1,18,0,1,14,0,8,1,0,11,0,3,8,4,4,2,3,1,16,0,1,4,0,3,1,0,10,0,14.6,56.141,4.883,3.682,94.668
76,2,5,1,5,3,1,0,4,0,3,9,0,4,3,0,8,0,2,4,1,4,2,1,0,4,0,2,6,0,2,1,0,8,0,22.0,89.41,3.624,7.204,82.6
77,4,8,8,16,3,7,1,20,5,4,19,7,26,2,1,17,2,4,7,8,4,2,3,1,15,5,2,6,7,3,2,1,14,1,11.182,46.734,5.356,3.161,92.315
78,0,0,0,0,0,0,0,0,0,0,0,0,0,0,0,0,0,0,0,0,0,0,0,0,0,0,0,0,0,0,0,0,0,0,0.0,0.0,0.0,-15.59,206.835
79,0,0,0,0,0,0,0,0,0,0,0,0,0,0,0,0,0,0,0,0,0,0,0,0,0,0,0,0,0,0,0,0,0,0,0.0,0.0,0.0,-15.59,206.835
80,22,23,18,17,6,14,1,35,2,23,40,0,30,12,0,57,3,14,9,13,5,1,5,1,18,1,2,11,0,3,7,0,25,2,19.571,78.447,4.699,5.652,89.402
81,0,0,0,0,0,0,0,0,0,0,0,0,0,0,0,0,0,0,0,0,0,0,0,0,0,0,0,0,0,0,0,0,0,0,0.0,0.0,0.0,-15.59,206.835
82,14,22,14,23,9,12,1,39,0,13,45,4,26,7,0,33,5,12,13,11,9,2,5,1,27,0,2,15,4,7,6,0,25,2,16.067,59.559,6.058,4.777,89.429
83,0,0,0,0,0,0,0,0,0,0,0,0,0,0,0,0,0,0,0,0,0,0,0,0,0,0,0,0,0,0,0,0,0,0,0.0,0.0,0.0,-15.59,206.835
84,7,18,13,14,8,17,0,23,1,2,40,0,24,2,0,22,4,6,9,9,4,3,4,0,15,1,1,6,0,3,2,0,13,2,14.25,56.307,4.218,5.356,82.045
85,4,3,1,0,1,1,0,7,0,0,2,0,5,0,0,1,0,4,3,1,0,1,1,0,5,0,0,2,0,4,0,0,1,0,6.667,27.649,3.32,1.17,98.548
86,3,8,3,4,2,3,2,13,4,5,13,3,16,2,2,12,3,3,5,3,3,1,1,2,11,4,2,8,3,6,2,1,9,1,15.8,54.914,4.853,2.521,105.127
87,10,14,18,19,6,17,1,31,2,11,37,0,32,8,0,39,2,9,6,14,6,1,7,1,25,2,2,10,0,5,5,0,21,1,12.824,48.833,5.412,3.755,90.98
88,0,0,0,1,0,0,0,0,0,2,3,0,2,0,0,3,0,0,0,0,1,0,0,0,0,0,2,3,0,1,0,0,2,0,4.5,19.286,2.121,-0.724,108.268
89,0,0,0,0,0,0,0,0,0,0,0,0,0,0,0,0,0,0,0,0,0,0,0,0,0,0,0,0,0,0,0,0,0,0,0.0,0.0,0.0,-15.59,206.835
90,10,12,5,8,6,11,0,27,2,4,13,5,14,0,0,12,4,9,8,5,3,2,4,0,19,2,2,5,4,3,0,0,12,1,23.8,90.908,5.056,8.467,76.75
91,3,6,5,5,3,3,0,7,0,2,13,1,6,4,0,7,0,3,5,5,3,1,2,0,7,0,2,7,1,3,4,0,6,0,14.75,62.589,4.511,2.563,102.962
92,0,0,0,0,0,0,0,0,0,0,0,0,0,0,0,0,0,0,0,0,0,0,0,0,0,0,0,0,0,0,0,0,0,0,0.0,0.0,0.0,-15.59,206.835
93,0,0,0,0,0,0,0,0,0,0,0,0,0,0,0,0,0,0,0,0,0,0,0,0,0,0,0,0,0,0,0,0,0,0,0.0,0.0,0.0,-15.59,206.835
94,1,1,1,2,0,0,0,0,0,0,2,1,4,0,1,0,0,1,1,1,1,0,0,0,0,0,0,2,1,2,0,1,0,0,9.0,23.714,2.828,16.764,-9.1
95,1,0,0,1,0,2,0,2,0,0,1,0,1,1,0,2,0,1,0,0,1,0,1,0,2,0,0,1,0,1,1,0,2,0,10.0,55.667,2.236,9.55,44.405
96,8,5,8,16,4,6,0,19,5,8,33,4,32,5,0,22,4,7,5,8,6,2,2,0,15,3,2,14,3,9,5,0,15,1,9.062,28.306,5.402,0.721,106.035
97,0,0,0,0,0,0,0,0,0,0,0,0,0,0,0,0,0,0,0,0,0,0,0,0,0,0,0,0,0,0,0,0,0,0,0.0,0.0,0.0,-15.59,206.835
98,11,8,10,10,8,4,1,15,0,4,27,0,18,4,1,16,2,10,5,8,3,4,2,1,12,0,2,10,0,5,3,1,10,1,20.0,89.319,4.777,6.665,82.9
99,0,0,0,0,0,0,0,0,0,0,0,0,0,0,0,0,0,0,0,0,0,0,0,0,0,0,0,0,0,0,0,0,0,0,0.0,0.0,0.0,-15.59,206.835
100,11,14,13,7,6,11,2,32,2,4,19,6,28,2,0,18,0,10,8,13,2,3,5,2,22,2,2,10,6,7,2,0,14,0,11.385,44.474,6.045,4.158,85.528
101,0,3,4,6,4,1,0,7,0,2,19,2,13,2,1,13,1,0,3,4,5,2,1,0,6,0,1,11,2,5,1,1,9,1,16.0,66.045,4.331,5.769,82.201
102,1,0,0,0,0,0,0,1,0,0,0,0,1,0,0,0,0,1,0,0,0,0,0,0,1,0,0,0,0,1,0,0,0,0,2.0,2.0,1.5,14.69,-6.695
103,17,45,26,24,11,32,1,73,4,7,59,9,49,6,0,48,6,16,18,18,5,2,9,1,59,4,3,17,9,6,6,0,33,1,16.727,64.405,7.262,6.357,79.279
104,8,6,9,12,2,5,1,8,1,7,25,1,7,4,0,13,2,8,5,9,6,2,3,1,7,1,2,11,1,3,4,0,13,1,17.333,66.72,5.062,5.239,88.372
105,0,0,3,0,0,1,0,3,0,1,4,0,2,0,0,5,1,0,0,3,0,0,1,0,3,0,1,3,0,2,0,0,5,1,6.333,17.254,3.082,-0.078,106.901
106,4,3,2,6,3,3,0,10,0,3,9,2,7,0,0,7,4,4,2,2,4,2,2,0,9,0,2,6,2,5,0,0,6,1,18.667,79.101,4.441,5.597,88.181
107,0,0,0,0,0,0,0,0,0,0,0,0,0,0,0,0,0,0,0,0,0,0,0,0,0,0,0,0,0,0,0,0,0,0,0.0,0.0,0.0,-15.59,206.835
108,0,0,0,0,0,0,0,0,0,0,0,0,0,0,0,0,0,0,0,0,0,0,0,0,0,0,0,0,0,0,0,0,0,0,0.0,0.0,0.0,-15.59,206.835
109,8,20,22,13,7,13,1,32,1,14,42,1,42,7,0,35,3,8,10,16,4,2,6,1,26,1,3,11,1,7,5,0,26,1,13.375,57.983,5.849,3.191,96.009
110,0,0,0,0,0,0,0,0,0,0,0,0,0,0,0,0,0,0,0,0,0,0,0,0,0,0,0,0,0,0,0,0,0,0,0.0,0.0,0.0,-15.59,206.835
111,0,0,0,0,0,0,0,0,0,0,0,0,0,0,0,0,0,0,0,0,0,0,0,0,0,0,0,0,0,0,0,0,0,0,0.0,0.0,0.0,-15.59,206.835
112,12,12,12,12,4,16,1,43,3,7,26,13,32,3,2,30,20,11,8,9,6,2,3,1,38,2,2,11,13,8,3,1,27,3,26.75,100.302,6.912,8.848,79.271
113,14,15,17,19,10,15,0,27,1,10,21,1,15,3,0,22,2,13,7,13,5,3,6,0,20,1,2,9,1,4,3,0,15,1,17.7,74.761,5.102,4.113,97.1
114,3,4,2,6,5,3,1,7,1,0,13,0,2,3,0,7,0,3,4,2,4,3,2,1,7,1,0,9,0,2,1,0,5,0,18.333,63.416,4.1,5.291,89.783
115,8,18,26,16,9,6,0,20,2,8,41,1,30,7,0,31,0,7,10,16,6,3,4,0,15,2,2,9,1,7,6,0,25,0,17.636,68.27,5.534,4.609,93.432
116,0,0,0,0,0,0,0,0,0,0,0,0,0,0,0,0,0,0,0,0,0,0,0,0,0,0,0,0,0,0,0,0,0,0,0.0,0.0,0.0,-15.59,206.835
117,0,0,0,0,0,0,0,0,0,0,0,0,0,0,0,0,0,0,0,0,0,0,0,0,0,0,0,0,0,0,0,0,0,0,0.0,0.0,0.0,-15.59,206.835
118,11,22,16,12,10,16,0,31,1,4,44,3,19,4,0,27,4,11,13,16,4,2,5,0,27,1,2,12,3,7,4,0,20,1,22.778,79.955,6.075,6.475,89.211
119,3,4,9,7,4,3,1,6,0,1,17,2,14,4,0,11,1,3,3,7,4,2,2,1,6,0,1,7,2,5,3,0,9,1,12.167,44.181,4.552,3.703,90.184
120,0,0,0,0,0,0,0,0,0,0,0,0,0,0,0,0,0,0,0,0,0,0,0,0,0,0,0,0,0,0,0,0,0,0,0.0,0.0,0.0,-15.59,206.835
121,5,4,6,4,1,2,1,9,0,1,10,0,12,0,1,10,0,5,4,4,4,1,2,1,9,0,1,5,0,4,0,1,9,0,10.6,50.056,4.759,3.016,92.321
122,2,2,1,3,0,3,0,4,0,2,3,0,2,0,0,4,0,2,2,1,2,0,2,0,3,0,2,2,0,2,0,0,3,0,24.0,91.578,2.887,6.062,94.35
123,1,1,3,1,0,0,0,5,0,0,3,0,2,0,1,1,0,1,1,3,1,0,0,0,5,0,0,3,0,1,0,1,1,0,7.5,35.857,3.104,3.855,80.783
124,0,3,1,4,2,2,1,3,0,1,7,0,4,1,0,5,0,0,3,1,3,1,1,1,3,0,1,4,0,3,1,0,5,0,15.0,60.324,3.486,1.667,109.83
125,5,7,5,12,3,1,2,6,1,5,18,2,13,3,1,7,0,5,5,5,4,3,1,2,6,1,2,11,2,5,3,1,7,0,9.625,36.923,4.674,0.883,105.873
126,5,11,3,16,3,10,2,20,2,8,23,1,19,6,0,21,5,5,9,2,7,2,5,2,17,2,2,10,1,6,5,0,18,2,13.6,52.012,5.518,4.204,89.147
127,0,0,0,0,0,0,0,0,0,0,0,0,0,0,0,0,0,0,0,0,0,0,0,0,0,0,0,0,0,0,0,0,0,0,0.0,0.0,0.0,-15.59,206.835
128,34,55,25,40,8,37,1,90,12,24,67,3,104,23,5,68,10,25,16,23,7,5,8,1,50,7,3,17,3,7,8,1,47,2,14.114,65.719,6.84,5.943,77.597
129,0,0,0,0,0,0,0,0,0,0,0,0,0,0,0,0,0,0,0,0,0,0,0,0,0,0,0,0,0,0,0,0,0,0,0.0,0.0,0.0,-15.59,206.835
130,6,6,9,4,5,3,1,10,2,3,11,0,7,1,0,10,1,6,5,7,3,1,3,1,7,2,2,5,0,3,1,0,7,1,18.0,73.196,4.25,4.869,92.215
131,0,0,0,0,0,0,0,0,0,0,0,0,0,0,0,0,0,0,0,0,0,0,0,0,0,0,0,0,0,0,0,0,0,0,0.0,0.0,0.0,-15.59,206.835
132,3,4,4,2,2,3,0,11,0,2,9,2,10,1,0,7,2,3,3,4,1,2,2,0,11,0,1,5,2,3,1,0,7,1,8.667,27.978,4.511,3.448,85.781
133,10,15,25,19,7,8,0,29,3,6,40,1,22,8,1,28,0,9,8,18,5,2,5,0,24,3,2,10,1,2,4,1,22,0,16.5,63.412,5.377,4.254,93.951
134,5,14,12,13,6,10,1,24,1,3,27,0,12,3,0,20,3,5,8,12,5,2,3,1,20,1,1,8,0,3,2,0,19,1,15.778,54.88,5.341,3.859,95.497
135,5,4,6,11,6,9,1,14,2,4,18,1,15,1,0,13,2,4,2,3,6,3,2,1,12,2,2,6,1,6,1,0,7,1,10.667,38.602,4.114,-0.367,116.696
136,5,5,5,7,3,8,0,13,1,7,10,6,9,3,0,11,2,5,4,5,4,1,5,0,12,1,2,8,6,6,2,0,10,2,14.333,56.501,5.414,3.721,93.915
137,7,10,5,7,7,6,2,14,1,3,11,0,13,0,0,7,1,7,7,5,1,3,3,2,14,1,1,7,0,5,0,0,7,1,11.571,43.448,5.028,2.471,97.957
138,7,14,3,7,4,20,1,31,1,5,18,2,18,3,0,16,6,6,8,3,5,2,5,1,25,1,2,8,1,5,3,0,10,1,17.5,67.941,4.9,3.709,99.638
139,15,36,27,27,14,19,2,48,6,11,54,2,6,3,0,45,1,12,11,21,8,2,5,2,33,4,2,14,2,3,3,0,28,1,44.286,168.343,5.663,15.08,65.823
140,0,0,0,0,0,0,0,0,0,0,0,0,0,0,0,0,0,0,0,0,0,0,0,0,0,0,0,0,0,0,0,0,0,0,0.0,0.0,0.0,-15.59,206.835
141,2,1,3,4,1,0,0,1,0,3,11,0,5,3,0,6,1,2,1,3,3,1,0,0,1,0,2,5,0,2,3,0,3,1,9.0,38.001,3.064,-1.263,120.15
142,0,0,0,0,0,0,0,0,0,0,0,0,0,0,0,0,0,0,0,0,0,0,0,0,0,0,0,0,0,0,0,0,0,0,0.0,0.0,0.0,-15.59,206.835
143,3,4,3,3,1,1,0,10,3,2,7,0,2,1,0,6,1,3,3,3,2,1,1,0,9,3,1,4,0,1,1,0,5,1,15.0,62.374,3.9,5.207,84.45
144,0,0,0,0,0,0,0,0,0,0,0,0,0,0,0,0,0,0,0,0,0,0,0,0,0,0,0,0,0,0,0,0,0,0,0.0,0.0,0.0,-15.59,206.835
145,3,7,5,4,2,4,0,12,0,1,9,1,13,5,1,12,0,3,4,4,3,2,2,0,10,0,1,7,1,6,4,1,10,0,9.286,39.633,4.999,4.188,81.573
146,9,23,11,18,14,15,1,43,4,10,51,5,34,7,0,48,4,8,15,9,5,4,3,1,33,4,3,13,3,4,6,0,33,2,26.2,101.287,6.116,7.779,85.955
147,0,0,0,0,0,0,0,0,0,0,0,0,0,0,0,0,0,0,0,0,0,0,0,0,0,0,0,0,0,0,0,0,0,0,0.0,0.0,0.0,-15.59,206.835
148,57,82,60,69,35,46,3,121,12,27,179,7,123,17,1,110,7,48,20,38,7,3,7,3,74,5,2,24,5,10,8,1,63,1,12.591,49.215,7.383,3.023,95.813
149,8,26,10,14,7,13,0,36,1,2,31,5,27,4,1,19,4,8,12,9,5,2,5,0,27,1,1,14,3,7,3,1,18,2,15.083,70.506,5.992,7.569,67.664
150,3,5,6,8,3,6,0,8,1,5,9,0,3,0,0,6,0,3,5,6,3,1,3,0,8,1,2,4,0,2,0,0,6,0,20.0,78.049,3.925,5.78,89.245
151,11,20,18,23,7,15,1,44,15,10,36,4,44,3,8,41,5,10,13,18,8,2,6,1,30,13,2,9,4,4,3,1,32,2,11.0,42.962,6.668,2.552,96.357
152,9,16,8,11,7,13,1,49,3,7,29,7,38,3,2,21,7,9,9,7,5,3,4,1,36,3,2,13,7,10,3,1,16,2,19.4,65.004,6.397,6.513,82.92
153,0,0,0,0,0,0,0,0,0,0,0,0,0,0,0,0,0,0,0,0,0,0,0,0,0,0,0,0,0,0,0,0,0,0,0.0,0.0,0.0,-15.59,206.835
154,0,0,0,0,0,0,0,0,0,0,0,0,0,0,0,0,0,0,0,0,0,0,0,0,0,0,0,0,0,0,0,0,0,0,0.0,0.0,0.0,-15.59,206.835
155,0,0,0,0,0,0,0,0,0,0,0,0,0,0,0,0,0,0,0,0,0,0,0,0,0,0,0,0,0,0,0,0,0,0,0.0,0.0,0.0,-15.59,206.835
156,0,0,0,0,0,0,0,0,0,0,0,0,0,0,0,0,0,0,0,0,0,0,0,0,0,0,0,0,0,0,0,0,0,0,0.0,0.0,0.0,-15.59,206.835
157,0,0,0,0,0,0,0,0,0,0,0,0,0,0,0,0,0,0,0,0,0,0,0,0,0,0,0,0,0,0,0,0,0,0,0.0,0.0,0.0,-15.59,206.835
158,18,28,45,35,19,17,1,32,4,14,87,2,52,10,0,59,3,13,12,22,6,4,3,1,22,3,2,10,1,4,7,0,31,2,11.333,41.948,4.79,2.144,99.874
159,8,4,5,9,4,4,0,10,1,3,11,1,11,2,0,11,0,8,4,3,4,3,2,0,9,1,2,4,1,3,1,0,8,0,10.429,43.356,4.221,3.187,90.79
160,0,0,0,0,0,0,0,0,0,0,0,0,0,0,0,0,0,0,0,0,0,0,0,0,0,0,0,0,0,0,0,0,0,0,0.0,0.0,0.0,-15.59,206.835
161,0,0,0,0,0,0,0,0,0,0,0,0,0,0,0,0,0,0,0,0,0,0,0,0,0,0,0,0,0,0,0,0,0,0,0.0,0.0,0.0,-15.59,206.835
162,9,9,5,3,5,3,0,16,0,2,16,1,9,3,1,9,2,8,5,5,1,3,2,0,14,0,1,7,1,4,3,1,8,1,20.75,78.455,4.89,8.994,67.538
163,0,0,0,0,0,0,0,1,0,0,0,0,0,0,0,0,0,0,0,0,0,0,0,0,1,0,0,0,0,0,0,0,0,0,1.0,8.0,0.707,32.0,-132.58
164,0,0,0,0,0,0,0,0,0,0,0,0,0,0,0,0,0,0,0,0,0,0,0,0,0,0,0,0,0,0,0,0,0,0,0.0,0.0,0.0,-15.59,206.835
165,2,5,3,3,3,4,0,7,0,2,9,0,5,1,0,11,0,2,5,2,3,2,3,0,7,0,2,3,0,3,1,0,9,0,16.667,75.656,4.2,4.362,93.474
166,0,0,0,0,0,0,0,0,0,0,0,0,0,0,0,0,0,0,0,0,0,0,0,0,0,0,0,0,0,0,0,0,0,0,0.0,0.0,0.0,-15.59,206.835
167,3,6,2,7,8,6,0,14,4,2,12,19,19,1,0,6,2,3,4,2,1,2,4,0,10,2,1,5,18,7,1,0,4,1,30.667,90.769,4.718,11.89,64.441
168,0,0,0,0,0,0,0,0,0,0,0,0,0,0,0,0,0,0,0,0,0,0,0,0,0,0,0,0,0,0,0,0,0,0,0.0,0.0,0.0,-15.59,206.835
169,0,0,0,0,0,0,0,0,0,0,0,0,0,0,0,0,0,0,0,0,0,0,0,0,0,0,0,0,0,0,0,0,0,0,0.0,0.0,0.0,-15.59,206.835
170,2,2,4,3,0,0,0,2,0,0,6,0,3,1,0,5,0,2,2,4,2,0,0,0,2,0,0,4,0,2,1,0,4,0,8.333,38.613,3.253,4.18,79.937
171,1,1,0,2,0,2,0,4,0,1,4,0,2,1,0,3,0,1,1,0,2,0,1,0,4,0,1,4,0,2,1,0,3,0,9.5,36.792,3.244,3.02,90.329
172,2,3,1,5,4,1,0,14,2,2,7,0,7,0,0,9,0,2,3,1,4,2,1,0,10,2,1,5,0,4,0,0,8,0,12.25,52.468,4.142,4.359,85.63
173,0,0,0,0,0,0,0,0,0,0,0,0,0,0,0,0,0,0,0,0,0,0,0,0,0,0,0,0,0,0,0,0,0,0,0.0,0.0,0.0,-15.59,206.835
174,2,5,2,9,1,4,1,9,0,0,8,1,7,0,0,6,1,2,5,2,6,1,3,1,8,0,0,4,1,5,0,0,5,1,12.25,51.999,4.243,4.6,83.903
175,2,5,0,2,1,4,0,8,1,0,4,1,5,0,0,2,2,2,4,0,2,1,3,0,6,1,0,3,1,3,0,0,2,2,10.667,36.877,3.625,-0.367,116.696
176,10,11,13,14,9,10,2,26,2,4,21,2,23,6,0,19,4,10,8,9,7,3,5,2,21,2,2,6,2,5,5,0,15,1,11.769,49.113,5.831,3.345,92.042
177,0,0,0,0,0,0,0,0,0,0,0,0,0,0,0,0,0,0,0,0,0,0,0,0,0,0,0,0,0,0,0,0,0,0,0.0,0.0,0.0,-15.59,206.835
178,0,0,0,0,0,0,0,0,0,0,0,0,0,0,0,0,0,0,0,0,0,0,0,0,0,0,0,0,0,0,0,0,0,0,0.0,0.0,0.0,-15.59,206.835
179,4,15,6,1,4,12,0,25,1,0,17,0,11,4,0,18,4,4,8,5,1,3,5,0,20,1,0,11,0,4,4,0,15,3,22.4,96.6,5.546,6.0,91.945
180,3,5,5,8,2,2,0,17,1,4,14,1,24,2,6,13,1,3,4,5,5,1,2,0,16,1,1,10,1,10,1,2,12,1,15.8,71.047,5.808,5.061,86.922
181,8,3,6,5,3,3,1,8,1,3,5,1,8,1,0,5,5,6,3,6,2,2,3,1,7,1,2,3,1,4,1,0,4,3,11.4,40.821,4.496,2.105,100.275
182,12,18,9,15,8,10,1,32,6,10,26,25,40,4,6,19,1,10,8,7,5,3,5,1,25,5,2,11,22,6,1,1,17,1,21.778,83.964,6.313,8.797,70.78
183,6,13,12,6,8,13,1,18,2,3,26,0,15,6,0,30,1,6,9,9,4,3,6,1,18,2,2,5,0,5,4,0,21,1,48.667,183.472,5.384,15.352,71.679
184,0,0,0,0,0,0,0,0,0,0,0,0,0,0,0,0,0,0,0,0,0,0,0,0,0,0,0,0,0,0,0,0,0,0,0.0,0.0,0.0,-15.59,206.835
185,0,0,0,0,0,0,0,0,0,0,0,0,0,0,0,0,0,0,0,0,0,0,0,0,0,0,0,0,0,0,0,0,0,0,0.0,0.0,0.0,-15.59,206.835
186,0,0,0,2,0,1,0,2,0,0,0,0,2,0,0,0,0,0,0,0,2,0,1,0,2,0,0,0,0,1,0,0,0,0,6.0,22.267,2.021,-1.45,116.145
187,5,5,5,5,7,5,1,9,2,6,21,0,14,4,0,19,0,5,4,5,4,2,4,1,8,2,2,8,0,6,3,0,12,0,11.75,43.824,4.814,1.546,104.909
188,5,2,2,2,1,4,0,12,7,0,2,4,4,0,0,4,6,5,2,2,1,1,2,0,11,6,0,2,4,2,0,0,4,3,17.0,38.605,4.357,9.55,56.874
189,0,0,0,0,0,0,0,0,0,0,0,0,0,0,0,0,0,0,0,0,0,0,0,0,0,0,0,0,0,0,0,0,0,0,0.0,0.0,0.0,-15.59,206.835
190,0,0,0,0,0,0,0,0,0,0,0,0,0,0,0,0,0,0,0,0,0,0,0,0,0,0,0,0,0,0,0,0,0,0,0.0,0.0,0.0,-15.59,206.835
191,12,25,26,29,15,24,1,44,6,11,64,8,50,12,1,51,4,10,10,23,6,2,6,1,38,5,2,11,8,6,7,1,34,3,11.483,44.187,6.394,1.929,101.688
192,0,0,0,0,0,0,0,0,0,0,0,0,0,0,0,0,0,0,0,0,0,0,0,0,0,0,0,0,0,0,0,0,0,0,0.0,0.0,0.0,-15.59,206.835
193,17,26,18,26,11,8,1,28,5,9,43,0,27,5,0,30,2,14,10,13,7,3,4,1,25,2,2,16,0,3,3,0,23,1,16.357,68.501,5.654,5.32,86.053
194,0,0,0,0,0,0,0,0,0,0,0,0,0,0,0,0,0,0,0,0,0,0,0,0,0,0,0,0,0,0,0,0,0,0,0.0,0.0,0.0,-15.59,206.835
195,0,0,0,0,0,0,0,0,0,0,0,0,0,0,0,0,0,0,0,0,0,0,0,0,0,0,0,0,0,0,0,0,0,0,0.0,0.0,0.0,-15.59,206.835
196,4,7,2,4,2,4,0,17,1,3,13,1,7,5,0,13,2,4,7,2,2,1,1,0,15,1,3,5,1,3,2,0,11,1,15.4,60.721,4.593,4.055,93.42
197,0,0,0,0,0,0,0,0,0,0,0,0,0,0,0,0,0,0,0,0,0,0,0,0,0,0,0,0,0,0,0,0,0,0,0.0,0.0,0.0,-15.59,206.835
198,0,0,0,0,0,0,0,0,0,0,0,0,0,0,0,0,0,0,0,0,0,0,0,0,0,0,0,0,0,0,0,0,0,0,0.0,0.0,0.0,-15.59,206.835
199,0,7,3,7,2,7,0,7,2,1,10,0,7,0,0,8,0,0,7,3,4,2,3,0,6,2,1,7,0,3,0,0,8,0,13.5,56.243,4.33,3.223,95.999
200,2,4,0,4,1,4,0,8,1,6,6,2,3,1,0,9,1,2,4,0,2,1,2,0,8,1,2,4,2,2,1,0,8,1,16.333,69.837,4.041,5.229,86.665
201,0,0,0,0,0,0,0,0,0,0,0,0,0,0,0,0,0,0,0,0,0,0,0,0,0,0,0,0,0,0,0,0,0,0,0.0,0.0,0.0,-15.59,206.835
202,62,73,58,52,46,54,0,107,12,25,151,6,87,30,1,108,8,41,17,39,10,4,10,0,60,8,2,21,6,8,10,1,60,1,21.972,88.718,6.989,6.689,86.243
203,0,0,0,0,0,0,0,0,0,0,0,0,0,0,0,0,0,0,0,0,0,0,0,0,0,0,0,0,0,0,0,0,0,0,0.0,0.0,0.0,-15.59,206.835
204,6,14,19,32,14,17,0,29,3,14,33,1,27,8,0,35,4,6,7,13,6,4,4,0,18,2,3,7,1,8,6,0,20,1,16.357,66.702,4.626,3.568,98.613
205,8,8,15,7,6,9,0,16,1,5,17,0,11,1,0,11,0,6,4,13,2,2,4,0,15,1,3,9,0,4,1,0,10,0,17.333,70.192,5.131,5.353,87.559
206,11,28,11,30,11,19,0,45,4,15,54,4,30,10,0,45,2,10,11,9,4,2,6,0,27,2,2,10,4,9,6,0,26,1,16.111,59.672,5.19,4.772,89.546
207,0,0,0,0,0,0,0,0,0,0,0,0,0,0,0,0,0,0,0,0,0,0,0,0,0,0,0,0,0,0,0,0,0,0,0.0,0.0,0.0,-15.59,206.835
208,1,0,1,1,0,0,0,2,0,0,3,0,4,1,0,2,0,1,0,1,1,0,0,0,2,0,0,2,0,2,1,0,2,0,3.667,20.806,2.558,4.076,72.368
209,1,2,1,0,1,0,1,2,0,1,1,2,4,0,0,3,2,1,2,1,0,1,0,1,2,0,1,1,2,2,0,0,3,1,4.25,16.075,2.915,0.644,98.015
210,0,0,0,0,0,0,0,0,0,0,0,0,0,0,0,0,0,0,0,0,0,0,0,0,0,0,0,0,0,0,0,0,0,0,0.0,0.0,0.0,-15.59,206.835
211,0,0,0,0,0,0,0,0,0,0,0,0,0,0,0,0,0,0,0,0,0,0,0,0,0,0,0,0,0,0,0,0,0,0,0.0,0.0,0.0,-15.59,206.835
212,0,0,0,0,0,0,0,0,0,0,0,0,0,0,0,0,0,0,0,0,0,0,0,0,0,0,0,0,0,0,0,0,0,0,0.0,0.0,0.0,-15.59,206.835
213,0,0,0,0,0,0,0,0,0,0,0,0,0,0,0,0,0,0,0,0,0,0,0,0,0,0,0,0,0,0,0,0,0,0,0.0,0.0,0.0,-15.59,206.835
214,28,30,41,27,14,18,3,51,1,11,71,1,64,12,0,61,7,23,12,27,8,3,4,3,38,1,3,18,1,11,7,0,27,2,13.357,53.109,6.179,4.038,89.903
215,0,0,0,0,0,0,0,0,0,0,0,0,0,0,0,0,0,0,0,0,0,0,0,0,0,0,0,0,0,0,0,0,0,0,0.0,0.0,0.0,-15.59,206.835
216,13,12,13,11,4,14,3,25,2,5,13,3,22,2,1,16,3,12,8,12,4,3,5,3,18,2,1,5,3,6,1,1,12,2,14.0,55.949,5.797,6.306,74.789
217,67,97,86,59,48,73,6,164,7,19,174,13,147,31,0,143,7,45,23,43,8,3,8,5,95,6,2,23,10,11,11,0,84,4,17.052,63.961,7.78,4.089,96.117
218,4,14,10,4,2,8,1,21,1,4,24,2,29,5,0,20,2,4,9,10,2,1,4,1,17,1,2,10,2,6,4,0,19,2,13.556,53.67,5.89,5.075,82.819
219,0,0,0,0,0,0,0,0,0,0,0,0,0,0,0,0,0,0,0,0,0,0,0,0,0,0,0,0,0,0,0,0,0,0,0.0,0.0,0.0,-15.59,206.835
220,0,0,0,0,0,0,0,0,0,0,0,0,0,0,0,0,0,0,0,0,0,0,0,0,0,0,0,0,0,0,0,0,0,0,0.0,0.0,0.0,-15.59,206.835
221,7,5,1,8,4,3,0,15,0,6,14,3,15,3,0,8,2,7,3,1,3,3,2,0,15,0,2,5,3,7,3,0,6,1,13.167,45.799,4.694,5.079,82.099
222,0,0,0,0,0,0,0,0,0,0,0,0,0,0,0,0,0,0,0,0,0,0,0,0,0,0,0,0,0,0,0,0,0,0,0.0,0.0,0.0,-15.59,206.835
223,18,33,21,18,12,37,2,82,10,14,64,8,50,13,1,48,4,16,14,18,7,3,7,1,54,8,2,15,8,6,7,1,28,2,15.24,59.113,6.847,4.662,88.781
224,4,5,3,5,1,3,0,10,1,2,12,1,8,3,1,8,1,4,5,3,2,1,2,0,8,1,2,5,1,4,3,1,5,1,12.0,50.422,4.29,5.02,80.445
225,2,6,4,6,2,3,0,13,0,3,17,2,13,0,3,12,1,2,5,4,4,1,1,0,13,0,2,9,2,4,0,1,11,1,10.143,39.898,5.035,2.825,92.875
226,3,3,2,2,0,4,0,24,0,2,3,0,9,0,0,6,13,3,3,2,2,0,3,0,21,0,1,3,0,3,0,0,6,3,30.0,115.148,4.29,10.86,70.635
227,10,9,9,11,7,2,2,19,2,3,16,2,11,2,0,8,3,10,7,8,3,3,1,2,17,2,2,8,2,3,2,0,7,2,15.0,54.831,5.383,6.33,76.393
228,19,29,29,21,20,18,3,47,1,7,51,14,352,7,1,39,16,15,16,22,7,3,7,2,37,1,2,13,5,12,7,1,30,2,11.741,43.106,6.632,2.39,98.842
229,0,0,0,0,0,0,0,0,0,0,0,0,0,0,0,0,0,0,0,0,0,0,0,0,0,0,0,0,0,0,0,0,0,0,0.0,0.0,0.0,-15.59,206.835
230,16,29,17,22,22,21,1,57,10,8,44,3,44,7,4,47,7,12,14,16,6,5,7,1,47,10,2,14,3,7,5,1,34,1,20.733,78.646,7.097,7.255,79.973
231,0,0,0,0,0,0,0,0,0,0,0,0,0,0,0,0,0,0,0,0,0,0,0,0,0,0,0,0,0,0,0,0,0,0,0.0,0.0,0.0,-15.59,206.835
232,0,0,0,0,0,0,0,0,0,0,0,0,0,0,0,0,0,0,0,0,0,0,0,0,0,0,0,0,0,0,0,0,0,0,0.0,0.0,0.0,-15.59,206.835
233,16,13,15,19,12,10,2,27,0,7,44,0,26,3,1,28,1,15,9,14,5,3,5,2,23,0,2,15,0,6,2,1,18,1,11.588,44.481,5.693,1.808,102.743
234,0,6,4,8,3,2,2,8,0,2,22,0,13,4,0,21,0,0,5,4,4,3,2,2,6,0,2,10,0,6,3,0,16,0,11.714,51.965,4.685,2.793,95.901
235,0,0,0,0,0,0,0,0,0,0,0,0,0,0,0,0,0,0,0,0,0,0,0,0,0,0,0,0,0,0,0,0,0,0,0.0,0.0,0.0,-15.59,206.835
236,12,31,17,8,8,15,5,44,2,12,60,16,57,8,6,50,7,7,9,9,2,3,3,4,23,1,2,12,11,7,4,1,24,4,13.364,54.029,4.907,3.188,96.01
237,6,6,9,10,9,3,1,9,0,6,34,0,13,3,0,19,0,4,4,9,4,2,3,1,8,0,2,11,0,5,3,0,16,0,14.375,53.487,4.484,1.816,107.644
238,0,0,0,0,0,0,0,0,0,0,0,0,0,0,0,0,0,0,0,0,0,0,0,0,0,0,0,0,0,0,0,0,0,0,0.0,0.0,0.0,-15.59,206.835
239,6,5,1,8,4,3,0,13,1,6,14,6,15,3,0,8,2,6,3,1,3,3,2,0,13,1,2,5,6,7,3,0,6,2,13.333,43.775,4.822,6.13,74.862
240,8,13,4,6,0,5,0,23,3,3,18,0,11,1,2,14,3,7,6,4,4,0,2,0,17,2,1,5,0,3,1,2,11,1,12.625,48.502,4.573,2.653,98.532
241,1,1,0,3,0,2,1,3,0,0,4,0,7,1,0,2,2,1,1,0,2,0,2,1,3,0,0,4,0,3,1,0,2,1,5.0,16.958,3.32,-1.84,117.16
242,0,0,0,0,0,0,0,0,0,0,0,0,0,0,0,0,0,0,0,0,0,0,0,0,0,0,0,0,0,0,0,0,0,0,0.0,0.0,0.0,-15.59,206.835
243,37,59,55,47,21,64,4,118,5,25,109,21,77,15,0,95,0,29,18,32,7,2,9,4,89,3,2,18,16,5,9,0,55,0,14.062,57.308,7.621,3.163,97.434
244,0,0,0,0,0,0,0,0,0,0,0,0,0,0,0,0,0,0,0,0,0,0,0,0,0,0,0,0,0,0,0,0,0,0,0.0,0.0,0.0,-15.59,206.835
245,28,19,6,35,11,19,1,32,12,7,50,1,62,10,0,38,29,23,8,5,6,2,6,1,27,8,2,12,1,10,6,0,28,5,9.903,38.951,5.932,1.994,98.405
246,0,3,5,3,4,3,0,8,0,0,10,0,4,2,0,6,1,0,3,5,1,2,2,0,6,0,0,6,0,2,2,0,5,1,15.0,58.932,3.689,4.158,91.97
247,0,0,0,0,0,0,0,0,0,0,0,0,0,0,0,0,0,0,0,0,0,0,0,0,0,0,0,0,0,0,0,0,0,0,0.0,0.0,0.0,-15.59,206.835
248,2,2,4,3,1,1,0,3,0,1,5,0,2,1,0,5,0,2,2,3,2,1,1,0,3,0,1,2,0,2,1,0,5,0,28.0,120.792,3.207,11.344,63.601
249,20,33,22,29,13,27,0,71,6,9,54,12,39,14,3,47,5,15,14,17,9,3,7,0,48,5,3,18,6,9,6,2,32,1,24.133,95.14,6.727,8.36,78.109
250,5,4,8,5,3,4,0,7,0,1,16,0,7,4,0,9,1,2,3,8,2,1,4,0,5,0,1,6,0,3,4,0,6,1,16.75,59.283,3.801,4.68,91.344
251,34,43,39,48,16,25,2,67,7,24,76,9,89,11,1,62,10,27,17,27,9,3,10,2,47,7,3,14,9,7,7,1,41,3,9.38,36.979,7.053,1.705,99.546
252,0,0,1,1,0,1,0,1,0,1,2,0,1,1,0,3,0,0,0,1,1,0,1,0,1,0,1,2,0,1,1,0,3,0,11.0,45.5,2.345,2.645,95.688
253,0,0,0,0,0,0,0,0,0,0,0,0,0,0,0,0,0,0,0,0,0,0,0,0,0,0,0,0,0,0,0,0,0,0,0.0,0.0,0.0,-15.59,206.835
254,0,0,0,0,0,0,0,0,0,0,0,0,0,0,0,0,0,0,0,0,0,0,0,0,0,0,0,0,0,0,0,0,0,0,0.0,0.0,0.0,-15.59,206.835
255,0,0,0,0,0,0,0,0,0,0,0,0,0,0,0,0,0,0,0,0,0,0,0,0,0,0,0,0,0,0,0,0,0,0,0.0,0.0,0.0,-15.59,206.835
256,6,11,6,11,3,9,3,12,0,3,24,1,23,4,0,18,6,4,8,6,3,1,2,2,10,0,2,8,1,4,4,0,13,1,19.5,70.755,4.315,3.916,101.719
257,4,5,0,4,2,1,0,13,1,3,8,0,8,2,0,5,1,4,5,0,2,2,1,0,10,1,1,5,0,3,1,0,5,1,7.0,27.49,4.142,2.552,89.232
258,0,0,0,0,0,0,0,0,0,0,0,0,0,0,0,0,0,0,0,0,0,0,0,0,0,0,0,0,0,0,0,0,0,0,0.0,0.0,0.0,-15.59,206.835
259,0,0,0,0,0,0,0,0,0,0,0,0,0,0,0,0,0,0,0,0,0,0,0,0,0,0,0,0,0,0,0,0,0,0,0.0,0.0,0.0,-15.59,206.835
260,4,8,2,10,4,7,1,9,1,1,14,0,9,3,2,10,0,4,4,2,5,2,4,1,8,1,1,5,0,3,3,1,9,0,14.8,55.477,4.028,3.417,96.924
261,3,2,2,2,0,3,0,6,0,0,6,0,4,0,0,3,0,3,2,2,2,0,2,0,6,0,0,4,0,2,0,0,3,0,9.0,34.071,3.538,1.031,103.7
262,0,0,0,0,0,0,0,0,0,0,0,0,0,0,0,0,0,0,0,0,0,0,0,0,0,0,0,0,0,0,0,0,0,0,0.0,0.0,0.0,-15.59,206.835
263,3,3,1,1,2,3,1,7,1,1,6,0,4,0,0,7,0,3,3,1,1,1,3,1,6,1,1,3,0,3,0,0,5,0,12.0,43.75,3.771,1.873,103.005
264,0,0,0,0,0,0,0,0,0,0,0,0,0,0,0,0,0,0,0,0,0,0,0,0,0,0,0,0,0,0,0,0,0,0,0.0,0.0,0.0,-15.59,206.835
265,4,6,2,4,3,5,0,9,4,2,5,8,16,0,0,6,7,4,4,2,2,3,5,0,9,4,1,3,8,9,0,0,6,2,8.125,23.069,5.438,-0.44,112.687
266,22,22,20,18,12,17,3,41,0,10,50,3,26,13,0,44,14,15,12,12,5,3,6,1,28,0,2,19,3,7,8,0,30,3,19.267,76.949,6.073,5.643,88.921
267,1,6,9,5,2,0,0,9,0,1,15,0,13,2,0,11,0,1,5,8,3,1,0,0,8,0,1,9,0,6,2,0,10,0,8.714,32.686,4.889,1.543,99.521
268,1,3,1,4,2,4,0,6,1,2,7,0,5,0,1,5,1,1,3,1,2,1,2,0,6,1,1,5,0,2,0,1,5,1,9.5,35.683,3.556,-1.327,121.498
269,1,6,2,4,3,4,0,8,0,3,14,0,1,2,0,9,0,1,5,2,3,1,3,0,7,0,2,7,0,1,2,0,7,0,14.0,51.458,3.78,2.302,103.493
270,0,0,0,0,0,0,0,0,0,0,0,0,0,0,0,0,0,0,0,0,0,0,0,0,0,0,0,0,0,0,0,0,0,0,0.0,0.0,0.0,-15.59,206.835
271,5,7,12,5,2,4,1,10,0,5,11,0,10,5,0,14,1,4,4,9,3,2,2,1,5,0,2,3,0,5,3,0,8,1,20.5,79.552,4.061,7.515,77.698
272,0,0,0,0,0,0,0,0,0,0,0,0,0,0,0,0,0,0,0,0,0,0,0,0,0,0,0,0,0,0,0,0,0,0,0.0,0.0,0.0,-15.59,206.835
273,0,0,0,0,0,0,0,0,0,0,0,0,0,0,0,0,0,0,0,0,0,0,0,0,0,0,0,0,0,0,0,0,0,0,0.0,0.0,0.0,-15.59,206.835
274,0,0,0,0,0,0,0,0,0,0,0,0,0,0,0,0,0,0,0,0,0,0,0,0,0,0,0,0,0,0,0,0,0,0,0.0,0.0,0.0,-15.59,206.835
275,0,0,0,0,0,0,0,0,0,0,0,0,0,0,0,0,0,0,0,0,0,0,0,0,0,0,0,0,0,0,0,0,0,0,0.0,0.0,0.0,-15.59,206.835
276,0,0,0,0,0,0,0,0,0,0,0,0,0,0,0,0,0,0,0,0,0,0,0,0,0,0,0,0,0,0,0,0,0,0,0.0,0.0,0.0,-15.59,206.835
277,0,2,2,1,0,0,0,2,2,0,2,1,1,1,0,3,1,0,2,2,1,0,0,0,2,2,0,2,1,1,1,0,3,1,17.0,51.648,3.087,5.616,85.074
278,10,17,14,11,12,12,0,19,2,5,37,17,19,1,0,33,1,8,11,12,6,4,7,0,13,2,2,10,4,6,1,0,21,1,14.692,55.183,5.27,3.176,98.464
279,2,3,3,1,1,5,0,8,0,0,6,0,3,1,0,4,0,2,2,3,1,1,3,0,6,0,0,4,0,2,1,0,4,0,8.5,29.233,3.517,2.649,91.213
280,1,1,0,4,1,2,0,2,0,3,3,0,2,1,0,5,0,1,1,0,2,1,1,0,1,0,2,2,0,2,1,0,5,0,11.5,45.804,2.801,1.208,106.884
281,0,3,1,0,1,1,0,3,0,1,2,1,2,0,0,4,1,0,3,1,0,1,1,0,3,0,1,2,1,2,0,0,4,1,18.0,44.673,3.167,5.197,89.865
282,2,3,2,5,2,4,1,8,0,1,7,0,3,1,0,5,0,2,3,2,2,1,3,1,8,0,1,4,0,2,1,0,5,0,14.0,56.689,3.928,6.446,73.782
283,4,7,2,6,3,3,0,6,1,3,17,0,3,5,0,10,0,4,6,2,3,2,3,0,6,1,1,9,0,2,4,0,10,0,13.4,50.682,4.406,1.964,104.846
284,0,0,0,1,0,1,0,2,0,1,1,0,2,2,0,1,0,0,0,0,1,0,1,0,2,0,1,1,0,2,2,0,1,0,4.5,17.167,2.593,1.898,89.468
285,10,12,10,7,11,11,1,28,0,2,30,1,6,6,0,22,1,7,9,8,3,2,5,1,21,0,2,9,1,4,4,0,19,1,21.714,95.246,5.277,6.309,88.507
286,0,0,0,0,0,0,0,0,0,0,0,0,0,0,0,0,0,0,0,0,0,0,0,0,0,0,0,0,0,0,0,0,0,0,0.0,0.0,0.0,-15.59,206.835
287,0,0,0,0,0,0,0,0,0,0,0,0,0,0,0,0,0,0,0,0,0,0,0,0,0,0,0,0,0,0,0,0,0,0,0.0,0.0,0.0,-15.59,206.835
288,12,11,7,8,9,6,2,20,0,9,33,2,12,10,0,29,2,7,5,6,3,3,3,2,11,0,2,8,2,4,6,0,17,2,17.778,74.638,4.304,5.503,87.271
289,1,2,1,2,0,1,0,4,0,0,2,0,2,0,0,1,0,1,2,1,2,0,1,0,4,0,0,2,0,2,0,0,1,0,7.0,33.827,3.024,4.84,72.83
290,0,0,0,0,0,0,0,0,0,0,0,0,0,0,0,0,0,0,0,0,0,0,0,0,0,0,0,0,0,0,0,0,0,0,0.0,0.0,0.0,-15.59,206.835
291,0,0,0,0,0,0,0,0,0,0,0,0,0,0,0,0,0,0,0,0,0,0,0,0,0,0,0,0,0,0,0,0,0,0,0.0,0.0,0.0,-15.59,206.835
292,0,0,0,0,0,0,0,0,0,0,0,0,0,0,0,0,0,0,0,0,0,0,0,0,0,0,0,0,0,0,0,0,0,0,0.0,0.0,0.0,-15.59,206.835
293,0,0,0,0,0,0,0,0,0,0,0,0,0,0,0,0,0,0,0,0,0,0,0,0,0,0,0,0,0,0,0,0,0,0,0.0,0.0,0.0,-15.59,206.835
294,8,5,3,7,5,8,0,12,1,3,8,19,20,2,0,7,5,8,4,3,3,3,3,0,11,1,2,6,19,8,1,0,6,2,13.143,40.523,5.824,5.568,78.549
295,5,8,5,9,3,9,0,9,0,3,16,0,8,2,0,11,0,3,6,5,4,2,4,0,9,0,2,7,0,3,2,0,10,0,16.0,61.154,4.348,3.335,99.65
296,0,0,0,0,0,0,0,0,0,0,0,0,0,0,0,0,0,0,0,0,0,0,0,0,0,0,0,0,0,0,0,0,0,0,0.0,0.0,0.0,-15.59,206.835
297,24,33,45,44,31,29,10,47,0,14,102,2,48,13,0,79,0,14,16,26,7,3,5,6,28,0,2,21,2,6,7,0,41,0,15.258,61.519,5.43,3.807,94.943
298,8,12,11,10,5,14,0,24,2,5,29,1,12,4,0,23,3,8,9,9,4,2,3,0,19,2,1,13,1,2,4,0,19,1,18.875,73.034,5.467,5.837,86.829
299,3,5,3,4,5,3,0,9,0,5,13,0,7,1,0,11,0,3,4,3,2,2,3,0,7,0,2,8,0,6,1,0,11,0,20.667,78.429,4.49,5.793,90.342
300,11,12,13,8,4,7,1,20,0,6,20,1,25,3,0,15,1,11,8,11,4,2,5,1,17,0,2,9,1,7,3,0,13,1,17.571,68.521,5.929,7.764,70.698
301,23,25,7,24,11,9,0,42,12,8,42,4,40,15,0,33,12,18,11,7,6,2,6,0,33,12,2,10,4,5,3,0,21,2,26.6,108.315,5.81,9.246,76.153
302,2,4,7,7,3,2,0,13,0,6,12,1,5,2,0,12,0,2,4,5,3,2,1,0,10,0,2,8,1,2,1,0,11,0,14.2,63.449,4.28,4.74,86.374
303,4,8,6,11,5,5,0,21,7,5,18,6,24,0,3,14,4,4,5,6,4,2,2,0,14,4,2,7,6,7,0,1,11,3,12.667,46.789,5.099,1.771,104.926
304,20,28,26,24,10,24,2,36,3,8,41,1,32,11,0,32,4,17,11,20,5,3,7,1,27,3,2,15,1,7,5,0,19,1,11.696,43.857,5.863,2.57,97.469
305,0,0,0,0,0,0,0,0,0,0,0,0,0,0,0,0,0,0,0,0,0,0,0,0,0,0,0,0,0,0,0,0,0,0,0.0,0.0,0.0,-15.59,206.835
306,1,0,0,0,0,0,0,7,0,0,2,0,3,1,0,2,0,1,0,0,0,0,0,0,7,0,0,2,0,1,1,0,2,0,14.0,51.967,2.835,6.727,71.768
307,0,0,0,0,0,0,0,0,0,0,0,0,0,0,0,0,0,0,0,0,0,0,0,0,0,0,0,0,0,0,0,0,0,0,0.0,0.0,0.0,-15.59,206.835
308,0,0,0,0,0,0,0,0,0,0,0,0,0,0,0,0,0,0,0,0,0,0,0,0,0,0,0,0,0,0,0,0,0,0,0.0,0.0,0.0,-15.59,206.835
309,0,0,0,0,0,0,0,0,0,0,0,0,0,0,0,0,0,0,0,0,0,0,0,0,0,0,0,0,0,0,0,0,0,0,0.0,0.0,0.0,-15.59,206.835
310,27,60,44,28,32,44,1,83,4,22,100,16,72,12,0,81,2,23,19,30,6,4,9,1,55,2,3,15,8,7,7,0,51,2,15.886,59.435,6.867,4.549,90.743
311,1,1,2,1,0,1,0,1,0,0,5,0,1,0,0,2,0,1,1,2,1,0,1,0,1,0,0,3,0,1,0,0,2,0,7.0,23.44,2.457,-0.217,109.087
312,4,1,4,6,2,0,0,2,0,1,9,0,8,1,1,3,2,4,1,4,4,2,0,0,2,0,1,7,0,4,1,1,3,1,9.0,28.261,4.125,3.326,87.25
313,11,11,9,7,3,1,0,7,1,3,13,0,10,2,0,10,0,9,8,6,2,2,1,0,5,1,2,7,0,4,2,0,8,0,19.5,76.597,4.323,6.236,85.089
314,0,0,0,0,0,0,0,0,0,0,0,0,0,0,0,0,0,0,0,0,0,0,0,0,0,0,0,0,0,0,0,0,0,0,0.0,0.0,0.0,-15.59,206.835
315,0,0,1,4,0,2,0,4,0,3,3,0,3,2,0,3,0,0,0,1,3,0,1,0,2,0,2,1,0,3,2,0,3,0,11.0,41.807,2.714,2.645,95.688
316,0,0,0,0,0,0,0,0,0,0,0,0,0,0,0,0,0,0,0,0,0,0,0,0,0,0,0,0,0,0,0,0,0,0,0.0,0.0,0.0,-15.59,206.835
317,4,7,5,7,3,6,0,8,1,5,13,0,6,1,0,12,0,4,4,4,3,2,3,0,8,1,2,6,0,3,1,0,10,0,24.0,101.71,4.167,7.045,87.3
318,0,0,0,0,0,0,0,0,0,0,0,0,0,0,0,0,0,0,0,0,0,0,0,0,0,0,0,0,0,0,0,0,0,0,0.0,0.0,0.0,-15.59,206.835
319,0,0,0,0,0,0,0,2,0,0,0,1,1,0,0,0,1,0,0,0,0,0,0,0,2,0,0,0,1,2,0,0,0,1,5.0,14.0,1.897,7.6,49.48
320,3,4,3,2,3,4,0,7,0,1,12,0,8,0,0,11,0,3,4,3,2,1,3,0,7,0,1,5,0,2,0,0,8,0,7.143,26.666,3.8,1.356,98.065
321,0,0,0,0,0,0,0,0,0,0,0,0,0,0,0,0,0,0,0,0,0,0,0,0,0,0,0,0,0,0,0,0,0,0,0.0,0.0,0.0,-15.59,206.835
322,2,0,0,1,0,0,0,1,0,0,0,0,1,0,0,1,0,2,0,0,1,0,0,0,1,0,0,0,0,1,0,0,1,0,5.0,21.733,1.897,2.88,83.32
323,0,0,0,0,0,0,0,0,0,0,0,0,0,0,0,0,0,0,0,0,0,0,0,0,0,0,0,0,0,0,0,0,0,0,0.0,0.0,0.0,-15.59,206.835
324,0,0,0,0,0,0,0,0,0,0,0,0,0,0,0,0,0,0,0,0,0,0,0,0,0,0,0,0,0,0,0,0,0,0,0.0,0.0,0.0,-15.59,206.835
325,0,0,0,0,0,0,0,0,0,0,0,0,0,0,0,0,0,0,0,0,0,0,0,0,0,0,0,0,0,0,0,0,0,0,0.0,0.0,0.0,-15.59,206.835
326,11,22,21,20,12,14,1,31,1,6,31,0,23,4,1,32,0,9,10,17,4,3,4,1,22,1,2,10,0,4,4,1,21,0,12.118,45.759,5.321,3.284,93.098
327,0,0,0,0,0,0,0,0,0,0,0,0,0,0,0,0,0,0,0,0,0,0,0,0,0,0,0,0,0,0,0,0,0,0,0.0,0.0,0.0,-15.59,206.835
328,2,5,0,7,0,6,0,7,0,2,8,1,2,3,0,5,1,2,3,0,2,0,3,0,7,0,2,5,1,2,3,0,4,1,23.5,86.5,3.61,6.63,89.383
329,0,0,0,0,0,0,0,0,0,0,0,0,0,0,0,0,0,0,0,0,0,0,0,0,0,0,0,0,0,0,0,0,0,0,0.0,0.0,0.0,-15.59,206.835
330,0,0,0,0,0,0,0,0,0,0,0,0,0,0,0,0,0,0,0,0,0,0,0,0,0,0,0,0,0,0,0,0,0,0,0.0,0.0,0.0,-15.59,206.835
331,0,0,0,0,0,0,0,0,0,0,0,0,0,0,0,0,0,0,0,0,0,0,0,0,0,0,0,0,0,0,0,0,0,0,0.0,0.0,0.0,-15.59,206.835
332,0,0,0,0,0,0,0,0,0,0,0,0,0,0,0,0,0,0,0,0,0,0,0,0,0,0,0,0,0,0,0,0,0,0,0.0,0.0,0.0,-15.59,206.835
333,1,2,2,2,1,1,0,3,1,2,4,1,4,0,0,2,2,1,2,2,1,1,1,0,3,1,2,2,1,2,0,0,2,1,6.0,18.934,3.175,-2.433,123.195
334,25,38,46,45,31,30,1,69,6,20,133,6,114,20,0,98,16,23,17,28,5,3,10,1,52,6,2,18,2,9,8,0,51,2,12.978,51.011,6.379,2.241,102.109
335,0,0,0,0,0,0,0,0,0,0,0,0,0,0,0,0,0,0,0,0,0,0,0,0,0,0,0,0,0,0,0,0,0,0,0.0,0.0,0.0,-15.59,206.835
336,32,38,26,33,20,38,7,64,5,13,66,11,93,12,1,62,20,25,12,23,9,5,8,6,49,3,2,17,7,11,9,1,47,11,16.333,66.591,7.61,5.122,87.432
337,0,0,0,0,0,0,0,0,0,0,0,0,0,0,0,0,0,0,0,0,0,0,0,0,0,0,0,0,0,0,0,0,0,0,0.0,0.0,0.0,-15.59,206.835
338,0,0,0,0,0,0,0,0,0,0,0,0,0,0,0,0,0,0,0,0,0,0,0,0,0,0,0,0,0,0,0,0,0,0,0.0,0.0,0.0,-15.59,206.835
339,0,0,0,0,0,0,0,0,0,0,0,0,0,0,0,0,0,0,0,0,0,0,0,0,0,0,0,0,0,0,0,0,0,0,0.0,0.0,0.0,-15.59,206.835
340,0,0,0,0,0,0,0,0,0,0,0,0,0,0,0,0,0,0,0,0,0,0,0,0,0,0,0,0,0,0,0,0,0,0,0.0,0.0,0.0,-15.59,206.835
341,0,0,2,2,0,0,0,1,1,1,4,0,2,0,0,3,0,0,0,2,1,0,0,0,1,1,1,2,0,1,0,0,3,0,7.0,27.4,2.268,-1.06,115.13
342,0,0,0,0,0,0,0,0,0,0,0,0,0,0,0,0,0,0,0,0,0,0,0,0,0,0,0,0,0,0,0,0,0,0,0.0,0.0,0.0,-15.59,206.835
343,6,10,6,10,6,9,0,21,1,2,12,0,11,0,0,14,0,6,7,5,4,2,5,0,17,1,2,7,0,5,0,0,12,0,13.857,66.212,5.026,6.237,75.028
344,0,0,0,0,0,0,0,0,0,0,0,0,0,0,0,0,0,0,0,0,0,0,0,0,0,0,0,0,0,0,0,0,0,0,0.0,0.0,0.0,-15.59,206.835
345,0,0,0,0,0,0,0,0,0,0,0,0,0,0,0,0,0,0,0,0,0,0,0,0,0,0,0,0,0,0,0,0,0,0,0.0,0.0,0.0,-15.59,206.835
346,3,3,8,13,4,2,0,11,1,11,32,1,16,7,0,20,2,3,3,7,4,2,2,0,11,1,2,10,1,4,6,0,15,1,11.8,42.045,4.557,1.212,107.39
347,0,0,0,0,0,0,0,0,0,0,0,0,0,0,0,0,0,0,0,0,0,0,0,0,0,0,0,0,0,0,0,0,0,0,0.0,0.0,0.0,-15.59,206.835
348,0,0,0,0,0,0,0,0,0,0,0,0,0,0,0,0,0,0,0,0,0,0,0,0,0,0,0,0,0,0,0,0,0,0,0.0,0.0,0.0,-15.59,206.835
349,26,54,46,49,19,26,2,84,3,20,121,8,91,20,0,85,10,23,15,29,6,3,6,2,58,3,3,20,6,10,11,0,55,2,16.4,64.74,7.083,4.991,88.492
350,1,0,0,1,0,2,0,5,0,1,4,0,5,1,1,4,1,1,0,0,1,0,2,0,5,0,1,3,0,5,1,1,4,1,11.0,39.38,3.769,2.645,95.688
351,11,29,16,19,15,12,0,27,6,15,34,4,18,5,2,37,3,8,14,13,8,3,3,0,17,5,2,10,4,7,3,2,18,1,25.889,93.389,5.142,7.066,90.511
352,0,0,0,0,0,0,0,0,0,0,0,0,0,0,0,0,0,0,0,0,0,0,0,0,0,0,0,0,0,0,0,0,0,0,0.0,0.0,0.0,-15.59,206.835
353,14,27,18,15,17,9,0,23,1,9,69,2,29,5,0,53,2,11,14,11,3,3,5,0,19,1,3,8,1,7,3,0,29,1,10.56,39.581,4.831,0.686,108.953
354,1,9,3,5,8,7,2,12,0,1,21,5,14,1,0,17,0,1,7,3,4,2,4,2,11,0,1,9,5,5,1,0,15,0,13.143,47.857,4.939,1.592,107.056
355,0,0,0,0,0,0,0,0,0,0,0,0,0,0,0,0,0,0,0,0,0,0,0,0,0,0,0,0,0,0,0,0,0,0,0.0,0.0,0.0,-15.59,206.835
356,0,0,0,0,0,0,0,0,0,0,0,0,0,0,0,0,0,0,0,0,0,0,0,0,0,0,0,0,0,0,0,0,0,0,0.0,0.0,0.0,-15.59,206.835
357,0,0,0,0,0,0,0,0,0,0,0,0,0,0,0,0,0,0,0,0,0,0,0,0,0,0,0,0,0,0,0,0,0,0,0.0,0.0,0.0,-15.59,206.835
358,0,0,0,0,0,0,0,0,0,0,0,0,0,0,0,0,0,0,0,0,0,0,0,0,0,0,0,0,0,0,0,0,0,0,0.0,0.0,0.0,-15.59,206.835
359,17,30,23,17,12,21,3,38,5,7,36,5,36,7,1,32,3,17,13,17,5,3,6,3,37,5,2,9,5,7,6,1,28,1,16.0,63.265,6.85,6.184,79.227
360,0,0,0,0,0,0,0,0,0,0,0,0,0,0,0,0,0,0,0,0,0,0,0,0,0,0,0,0,0,0,0,0,0,0,0.0,0.0,0.0,-15.59,206.835
361,3,4,2,9,0,4,0,8,1,5,9,0,9,2,0,6,3,3,3,2,5,0,2,0,8,1,3,7,0,6,2,0,5,3,14.0,52.132,4.725,1.249,111.046
362,1,0,0,1,0,0,0,2,0,0,0,0,1,0,0,0,0,1,0,0,1,0,0,0,2,0,0,0,0,1,0,0,0,0,4.0,17.333,1.768,9.57,33.575
363,8,13,14,22,8,8,2,22,1,5,41,1,10,7,0,31,0,8,8,11,8,3,4,2,18,1,2,12,1,6,3,0,23,0,20.333,78.307,5.436,5.107,94.662
364,2,3,4,5,3,3,0,12,0,6,15,0,10,0,0,17,3,1,2,4,2,2,2,0,10,0,1,7,0,5,0,0,10,1,12.167,47.066,3.724,3.541,91.343
365,1,1,1,2,0,0,0,0,0,0,3,0,2,1,0,1,0,1,1,1,2,0,0,0,0,0,0,3,0,2,1,0,1,0,5.0,23.187,2.683,0.52,100.24
366,0,0,1,3,0,1,0,6,0,0,4,0,6,0,0,1,2,0,0,1,2,0,1,0,6,0,0,4,0,4,0,0,1,1,9.0,26.817,3.333,4.964,75.5
367,0,0,0,0,0,0,0,0,0,0,0,0,0,0,0,0,0,0,0,0,0,0,0,0,0,0,0,0,0,0,0,0,0,0,0.0,0.0,0.0,-15.59,206.835
368,0,0,0,0,0,0,0,0,0,0,0,0,0,0,0,0,0,0,0,0,0,0,0,0,0,0,0,0,0,0,0,0,0,0,0.0,0.0,0.0,-15.59,206.835
369,0,0,0,0,0,0,0,0,0,0,0,0,0,0,0,0,0,0,0,0,0,0,0,0,0,0,0,0,0,0,0,0,0,0,0.0,0.0,0.0,-15.59,206.835
370,0,0,0,0,0,0,0,0,0,0,0,0,0,0,0,0,0,0,0,0,0,0,0,0,0,0,0,0,0,0,0,0,0,0,0.0,0.0,0.0,-15.59,206.835
371,8,16,5,10,6,6,0,18,1,4,16,7,9,1,0,16,0,8,9,5,6,4,4,0,13,1,2,5,5,3,1,0,11,0,19.0,68.7,4.901,6.518,82.171
372,0,0,0,0,0,0,0,0,0,0,0,0,0,0,0,0,0,0,0,0,0,0,0,0,0,0,0,0,0,0,0,0,0,0,0.0,0.0,0.0,-15.59,206.835
373,9,19,10,19,3,14,1,30,1,5,28,3,74,10,4,29,21,9,9,7,7,2,5,1,23,1,2,11,3,16,6,1,22,3,8.957,35.118,6.257,2.453,93.432
374,0,0,0,0,0,0,0,0,0,0,0,0,0,0,0,0,0,0,0,0,0,0,0,0,0,0,0,0,0,0,0,0,0,0,0.0,0.0,0.0,-15.59,206.835
375,0,1,1,0,1,1,0,3,0,1,3,0,1,0,0,3,0,0,1,1,0,1,1,0,3,0,1,3,0,1,0,0,3,0,14.0,53.444,2.835,3.356,95.939
376,0,0,0,0,0,0,0,0,0,0,0,0,0,0,0,0,0,0,0,0,0,0,0,0,0,0,0,0,0,0,0,0,0,0,0.0,0.0,0.0,-15.59,206.835
377,0,0,0,0,0,0,0,0,0,0,0,0,0,0,0,0,0,0,0,0,0,0,0,0,0,0,0,0,0,0,0,0,0,0,0.0,0.0,0.0,-15.59,206.835
378,0,0,0,0,0,0,0,0,0,0,0,0,0,0,0,0,0,0,0,0,0,0,0,0,0,0,0,0,0,0,0,0,0,0,0.0,0.0,0.0,-15.59,206.835
379,0,0,0,0,0,0,0,0,0,0,0,0,0,0,0,0,0,0,0,0,0,0,0,0,0,0,0,0,0,0,0,0,0,0,0.0,0.0,0.0,-15.59,206.835
380,0,0,0,0,0,0,0,0,0,0,0,0,0,0,0,0,0,0,0,0,0,0,0,0,0,0,0,0,0,0,0,0,0,0,0.0,0.0,0.0,-15.59,206.835
381,0,0,0,0,0,0,0,0,0,0,0,0,0,0,0,0,0,0,0,0,0,0,0,0,0,0,0,0,0,0,0,0,0,0,0.0,0.0,0.0,-15.59,206.835
382,3,4,0,2,1,4,0,5,0,0,3,0,4,0,0,2,0,3,3,0,1,1,2,0,5,0,0,3,0,3,0,0,2,0,12.0,41.724,3.32,1.873,103.005
383,3,7,0,4,1,6,0,17,0,3,4,1,7,1,0,8,0,2,5,0,4,1,4,0,14,0,1,4,1,3,1,0,6,0,13.75,64.293,4.386,4.362,88.282
384,0,0,0,0,0,0,0,0,0,0,0,0,0,0,0,0,0,0,0,0,0,0,0,0,0,0,0,0,0,0,0,0,0,0,0.0,0.0,0.0,-15.59,206.835
385,0,2,1,1,0,0,0,3,0,0,8,0,5,0,1,2,0,0,2,1,1,0,0,0,3,0,0,6,0,3,0,1,2,0,8.5,38.321,3.258,5.772,68.819
386,3,5,2,7,4,4,1,11,1,6,22,1,18,5,0,15,4,3,4,2,6,2,1,1,11,1,2,8,1,4,4,0,14,2,23.25,94.303,4.766,6.419,90.449
387,3,7,8,3,3,7,0,11,2,4,13,1,3,1,1,13,0,3,5,5,1,1,6,0,11,2,1,9,1,1,1,1,12,0,19.25,68.394,4.674,6.016,86.216
388,0,0,0,0,0,0,0,0,0,0,0,0,0,0,0,0,0,0,0,0,0,0,0,0,0,0,0,0,0,0,0,0,0,0,0.0,0.0,0.0,-15.59,206.835
389,0,0,0,0,0,0,0,0,0,0,0,0,0,0,0,0,0,0,0,0,0,0,0,0,0,0,0,0,0,0,0,0,0,0,0.0,0.0,0.0,-15.59,206.835
390,0,0,0,0,0,0,0,0,0,0,0,0,0,0,0,0,0,0,0,0,0,0,0,0,0,0,0,0,0,0,0,0,0,0,0.0,0.0,0.0,-15.59,206.835
391,12,16,15,25,9,14,0,35,1,9,37,6,29,14,0,29,3,12,9,12,5,3,3,0,26,1,3,17,5,4,8,0,21,1,17.308,63.597,5.704,4.061,96.772
392,0,0,0,0,0,0,0,0,0,0,0,0,0,0,0,0,0,0,0,0,0,0,0,0,0,0,0,0,0,0,0,0,0,0,0.0,0.0,0.0,-15.59,206.835
393,8,10,5,17,4,8,1,13,0,4,22,0,17,7,0,21,2,8,8,4,7,2,4,1,11,0,2,8,0,6,5,0,18,1,15.375,58.862,5.419,7.003,72.239
394,0,0,0,0,0,0,0,0,0,0,0,0,0,0,0,0,0,0,0,0,0,0,0,0,0,0,0,0,0,0,0,0,0,0,0.0,0.0,0.0,-15.59,206.835
395,17,14,15,22,12,9,1,27,1,9,55,1,22,16,0,33,3,15,7,9,3,2,4,1,23,1,3,12,1,5,7,0,19,2,15.667,61.109,4.936,3.927,94.813
396,0,0,0,0,0,0,0,0,0,0,0,0,0,0,0,0,0,0,0,0,0,0,0,0,0,0,0,0,0,0,0,0,0,0,0.0,0.0,0.0,-15.59,206.835
397,4,1,3,5,1,2,0,7,0,1,6,0,4,1,0,3,0,3,1,3,2,1,1,0,6,0,1,5,0,3,1,0,3,0,11.333,47.031,3.395,5.142,78.385
398,1,6,6,3,3,2,1,9,0,2,16,0,11,2,0,12,1,1,3,5,1,1,2,1,9,0,1,7,0,3,2,0,11,1,10.667,42.115,4.154,2.398,96.868
399,0,0,0,0,0,0,0,0,0,0,0,0,0,0,0,0,0,0,0,0,0,0,0,0,0,0,0,0,0,0,0,0,0,0,0.0,0.0,0.0,-15.59,206.835
400,21,42,41,35,21,21,1,63,3,16,79,3,65,10,1,49,7,19,11,26,5,5,6,1,42,3,3,16,3,9,7,1,26,2,16.48,64.343,6.027,4.413,92.777
401,13,13,26,21,8,16,1,29,3,12,37,1,24,4,0,29,0,12,9,23,5,2,5,1,20,2,2,10,1,5,4,0,20,0,12.529,49.656,5.523,3.589,91.644
402,13,23,13,17,5,11,0,41,5,6,33,44,44,9,2,33,12,11,11,11,3,1,5,0,39,5,2,11,36,8,4,2,24,2,11.083,36.424,7.414,2.839,94.447
403,0,0,0,0,0,0,0,0,0,0,0,0,0,0,0,0,0,0,0,0,0,0,0,0,0,0,0,0,0,0,0,0,0,0,0.0,0.0,0.0,-15.59,206.835
404,0,0,0,0,0,0,0,0,0,0,0,0,0,0,0,0,0,0,0,0,0,0,0,0,0,0,0,0,0,0,0,0,0,0,0.0,0.0,0.0,-15.59,206.835
405,0,0,0,0,0,0,0,0,0,0,0,0,0,0,0,0,0,0,0,0,0,0,0,0,0,0,0,0,0,0,0,0,0,0,0.0,0.0,0.0,-15.59,206.835
406,0,0,0,0,0,0,0,0,0,0,0,0,0,0,0,0,0,0,0,0,0,0,0,0,0,0,0,0,0,0,0,0,0,0,0.0,0.0,0.0,-15.59,206.835
407,5,4,10,6,6,3,1,5,1,1,13,0,10,3,0,7,2,5,3,10,1,2,2,1,5,1,1,5,0,3,3,0,7,1,16.25,54.455,4.21,4.544,91.424
408,0,0,0,0,0,0,0,0,0,0,0,0,0,0,0,0,0,0,0,0,0,0,0,0,0,0,0,0,0,0,0,0,0,0,0.0,0.0,0.0,-15.59,206.835
409,0,0,0,0,0,0,0,0,0,0,0,0,0,0,0,0,0,0,0,0,0,0,0,0,0,0,0,0,0,0,0,0,0,0,0.0,0.0,0.0,-15.59,206.835
410,9,20,21,12,9,10,1,18,0,10,35,0,26,4,0,28,3,9,12,12,5,3,6,1,15,0,2,11,0,6,4,0,22,1,22.5,91.807,5.639,7.411,82.008
411,1,1,1,1,0,0,0,0,1,0,4,1,4,2,0,4,0,1,1,1,1,0,0,0,0,1,0,3,1,3,2,0,4,0,8.0,28.292,3.182,1.543,98.253
412,18,44,32,21,18,24,2,55,2,7,73,5,60,14,1,57,6,13,18,23,5,3,5,2,40,2,2,17,5,6,8,1,35,1,21.0,83.491,6.365,6.648,84.806
413,6,3,2,3,3,2,1,7,0,1,4,6,8,0,3,5,1,6,2,2,1,1,2,1,7,0,1,3,6,4,0,1,4,1,14.667,44.278,4.584,11.048,41.976
414,7,8,6,13,6,3,2,20,2,0,19,1,13,4,2,15,1,5,6,6,4,2,1,1,18,2,0,8,1,5,1,2,15,1,15.286,58.662,5.264,5.59,82.21
415,0,0,0,0,0,0,0,0,0,0,0,0,0,0,0,0,0,0,0,0,0,0,0,0,0,0,0,0,0,0,0,0,0,0,0.0,0.0,0.0,-15.59,206.835
416,15,18,19,19,5,21,0,33,7,7,27,23,35,2,2,32,1,14,11,16,6,3,5,0,23,5,2,7,15,8,2,2,22,1,12.667,47.249,6.275,4.566,84.889
417,0,0,0,0,0,0,0,0,0,0,0,0,0,0,0,0,0,0,0,0,0,0,0,0,0,0,0,0,0,0,0,0,0,0,0.0,0.0,0.0,-15.59,206.835
418,5,14,20,16,10,14,4,23,1,8,40,2,9,8,0,31,0,5,9,16,5,3,5,4,18,1,2,13,1,3,6,0,22,0,17.818,69.623,5.303,4.664,93.359
419,13,21,10,18,9,17,1,35,1,6,37,1,24,6,0,24,5,12,10,8,7,3,5,1,28,1,2,14,1,5,5,0,15,1,14.857,54.833,5.54,3.082,99.427
420,0,0,0,0,0,0,0,0,0,0,0,0,0,0,0,0,0,0,0,0,0,0,0,0,0,0,0,0,0,0,0,0,0,0,0.0,0.0,0.0,-15.59,206.835
421,3,2,1,0,0,2,2,5,0,0,4,3,8,0,0,4,0,3,2,1,0,0,2,2,5,0,0,2,3,4,0,0,4,0,8.667,34.05,3.744,0.952,103.677
422,2,0,0,3,1,0,0,1,0,1,2,0,2,1,0,1,0,2,0,0,2,1,0,0,1,0,1,2,0,2,1,0,1,0,12.0,54.233,2.654,4.823,81.855
423,0,0,0,0,0,0,0,0,0,0,0,0,0,0,0,0,0,0,0,0,0,0,0,0,0,0,0,0,0,0,0,0,0,0,0.0,0.0,0.0,-15.59,206.835
424,0,0,0,0,0,0,0,0,0,0,0,0,0,0,0,0,0,0,0,0,0,0,0,0,0,0,0,0,0,0,0,0,0,0,0.0,0.0,0.0,-15.59,206.835
425,4,2,2,3,1,1,0,4,2,3,7,0,5,0,0,6,0,4,2,2,2,1,1,0,4,2,2,6,0,1,0,0,6,0,8.5,30.012,3.881,0.566,106.143
426,4,2,2,3,1,1,0,4,2,3,7,0,5,0,0,6,3,4,2,2,2,1,1,0,4,2,2,6,0,1,0,0,6,2,9.25,30.012,3.952,-0.182,112.846
427,1,1,3,2,1,2,1,6,0,1,5,0,3,1,0,3,2,1,1,3,2,1,2,1,6,0,1,5,0,3,1,0,3,2,7.25,26.492,4.07,1.479,97.373
428,7,15,16,16,8,14,0,22,2,13,32,17,21,7,0,29,3,7,9,15,5,3,4,0,15,2,2,6,8,5,6,0,17,1,25.125,96.033,5.037,8.063,82.002
429,1,0,1,3,0,1,0,3,0,1,3,0,4,1,0,2,0,1,0,1,1,0,1,0,3,0,1,3,0,3,1,0,2,0,8.0,28.7,3.005,3.018,87.678
430,8,11,5,10,5,8,0,19,4,3,12,0,8,2,0,12,1,8,9,4,3,3,4,0,14,4,2,3,0,3,1,0,12,1,25.0,102.969,4.95,7.966,82.478
431,0,0,0,0,0,0,0,0,0,0,0,0,0,0,0,0,0,0,0,0,0,0,0,0,0,0,0,0,0,0,0,0,0,0,0.0,0.0,0.0,-15.59,206.835
432,19,43,35,33,22,30,0,47,4,18,75,7,31,12,0,60,0,14,15,22,6,3,8,0,31,4,3,14,3,2,5,0,40,0,14.464,58.3,5.622,3.57,95.229
433,8,33,13,11,14,15,2,43,4,8,32,5,28,3,0,42,7,7,11,11,4,4,4,2,27,3,2,14,5,4,3,0,25,2,20.0,76.097,5.386,4.748,96.648
434,0,0,0,0,0,0,0,0,0,0,0,0,0,0,0,0,0,0,0,0,0,0,0,0,0,0,0,0,0,0,0,0,0,0,0.0,0.0,0.0,-15.59,206.835
435,6,11,4,6,3,7,0,9,1,1,11,0,9,1,0,9,1,6,9,4,3,1,4,0,8,1,1,6,0,4,1,0,9,1,11.667,50.11,4.648,2.446,98.308
436,0,0,0,0,0,0,0,0,0,0,0,0,0,0,0,0,0,0,0,0,0,0,0,0,0,0,0,0,0,0,0,0,0,0,0.0,0.0,0.0,-15.59,206.835
437,3,1,2,3,1,2,0,7,0,0,10,3,5,0,0,4,6,1,1,2,2,1,2,0,5,0,0,6,3,5,0,0,4,2,7.167,19.136,3.666,7.512,53.97
438,5,5,6,5,4,2,1,6,0,0,17,1,16,0,0,9,3,5,3,5,1,2,2,1,6,0,0,10,1,9,0,0,5,1,12.8,42.833,4.331,3.415,93.381
439,0,0,0,0,0,0,0,0,0,0,0,0,0,0,0,0,0,0,0,0,0,0,0,0,0,0,0,0,0,0,0,0,0,0,0.0,0.0,0.0,-15.59,206.835
440,0,2,1,2,1,0,0,1,4,1,2,0,3,0,0,2,0,0,2,1,1,1,0,0,1,4,1,1,0,3,0,0,2,0,5.333,14.37,3.005,-2.447,122.109
441,35,90,72,65,61,58,2,117,11,29,186,19,88,27,0,163,6,24,26,44,9,4,8,1,66,4,2,20,7,7,10,0,76,3,26.829,105.934,6.6,7.967,85.724
442,14,13,5,13,2,7,0,18,0,11,22,2,15,5,0,22,0,11,10,4,3,2,3,0,10,0,2,8,2,6,4,0,18,0,19.143,76.749,4.887,5.261,91.441
443,0,0,0,0,0,0,0,0,0,0,0,0,0,0,0,0,0,0,0,0,0,0,0,0,0,0,0,0,0,0,0,0,0,0,0.0,0.0,0.0,-15.59,206.835
444,0,0,0,0,0,0,0,0,0,0,0,0,0,0,0,0,0,0,0,0,0,0,0,0,0,0,0,0,0,0,0,0,0,0,0.0,0.0,0.0,-15.59,206.835
445,0,0,0,0,0,0,0,0,0,0,0,0,0,0,0,0,0,0,0,0,0,0,0,0,0,0,0,0,0,0,0,0,0,0,0.0,0.0,0.0,-15.59,206.835
446,0,0,0,0,0,0,0,0,0,0,0,0,0,0,0,0,0,0,0,0,0,0,0,0,0,0,0,0,0,0,0,0,0,0,0.0,0.0,0.0,-15.59,206.835
447,4,3,6,5,1,0,0,3,0,1,10,0,11,1,0,7,0,3,3,4,3,1,0,0,3,0,1,5,0,3,1,0,7,0,5.125,18.459,3.755,1.662,92.272
448,7,12,10,4,5,2,2,18,0,5,20,1,19,2,0,14,2,5,6,7,3,2,2,2,12,0,2,6,1,6,2,0,10,1,21.0,83.859,4.692,6.31,87.223
449,0,0,0,0,0,0,0,0,0,0,0,0,0,0,0,0,0,0,0,0,0,0,0,0,0,0,0,0,0,0,0,0,0,0,0.0,0.0,0.0,-15.59,206.835
450,0,0,0,0,0,0,0,0,0,0,0,0,0,0,0,0,0,0,0,0,0,0,0,0,0,0,0,0,0,0,0,0,0,0,0.0,0.0,0.0,-15.59,206.835
451,0,0,0,0,0,0,0,0,0,0,0,0,0,0,0,0,0,0,0,0,0,0,0,0,0,0,0,0,0,0,0,0,0,0,0.0,0.0,0.0,-15.59,206.835
452,0,0,0,0,0,0,0,0,0,0,0,0,0,0,0,0,0,0,0,0,0,0,0,0,0,0,0,0,0,0,0,0,0,0,0.0,0.0,0.0,-15.59,206.835
453,0,0,0,0,0,0,0,0,0,0,0,0,0,0,0,0,0,0,0,0,0,0,0,0,0,0,0,0,0,0,0,0,0,0,0.0,0.0,0.0,-15.59,206.835
454,0,0,0,0,0,0,0,0,0,0,0,0,0,0,0,0,0,0,0,0,0,0,0,0,0,0,0,0,0,0,0,0,0,0,0.0,0.0,0.0,-15.59,206.835
455,3,1,1,3,2,1,0,4,1,1,6,0,0,1,0,4,0,3,1,1,3,1,1,0,4,1,1,3,0,0,1,0,4,0,14.0,53.786,3.074,2.934,98.961
456,29,33,31,24,26,24,1,53,0,6,76,12,45,14,0,58,19,13,17,19,6,2,4,1,34,0,2,18,10,3,11,0,34,3,16.917,64.89,5.825,3.796,97.98
457,0,0,0,0,1,1,0,2,0,1,2,0,1,2,0,3,0,0,0,0,0,1,1,0,2,0,1,1,0,1,2,0,3,0,12.0,51.108,2.449,4.823,81.855
458,0,0,0,0,0,0,0,0,0,0,0,0,0,0,0,0,0,0,0,0,0,0,0,0,0,0,0,0,0,0,0,0,0,0,0.0,0.0,0.0,-15.59,206.835
459,1,3,7,5,3,2,0,3,0,1,7,0,3,3,0,3,0,1,3,7,4,2,2,0,2,0,1,5,0,2,3,0,3,0,19.0,62.039,3.9,10.452,53.971
460,0,0,0,0,0,0,0,0,0,0,0,0,0,0,0,0,0,0,0,0,0,0,0,0,0,0,0,0,0,0,0,0,0,0,0.0,0.0,0.0,-15.59,206.835
461,4,4,4,6,2,5,0,5,3,3,6,2,7,1,0,6,0,4,3,4,1,1,4,0,5,2,2,3,2,3,1,0,6,0,10.2,36.214,3.961,2.27,96.953
462,12,13,13,12,10,9,2,19,6,2,31,0,14,4,0,20,2,9,7,12,3,2,5,2,17,4,2,6,0,4,3,0,15,1,12.917,49.959,5.168,2.998,96.571
463,9,14,4,17,3,14,1,22,2,4,24,1,9,3,0,16,0,8,9,4,4,2,5,1,15,2,2,9,1,3,2,0,12,0,26.6,105.52,4.599,7.56,88.239
464,17,40,36,33,18,13,4,49,0,19,108,2,65,18,0,83,5,16,16,25,8,3,6,3,33,0,2,17,1,5,9,0,49,1,19.348,76.645,6.168,5.93,87.008
465,2,2,1,0,0,1,1,2,0,1,2,0,3,0,0,6,1,2,2,1,0,0,1,1,2,0,1,1,0,2,0,0,6,1,6.333,16.229,3.244,-0.078,106.901
466,0,4,0,5,2,0,0,6,0,3,7,0,5,1,0,9,0,0,4,0,5,1,0,0,6,0,2,6,0,3,1,0,8,0,18.5,90.206,4.185,6.295,82.879
467,4,6,8,3,3,2,0,7,0,2,9,0,6,0,0,5,0,4,5,8,2,2,1,0,7,0,2,7,0,3,0,0,3,0,10.0,44.347,4.4,3.886,85.013
468,7,16,23,11,7,8,2,19,0,10,26,2,15,4,0,28,0,6,9,17,4,2,5,2,17,0,2,8,1,5,3,0,21,0,14.818,58.389,5.262,3.654,95.257
469,0,0,0,0,0,0,0,0,0,0,0,0,0,0,0,0,0,0,0,0,0,0,0,0,0,0,0,0,0,0,0,0,0,0,0.0,0.0,0.0,-15.59,206.835
470,1,2,0,2,1,1,0,4,0,0,4,1,3,0,0,1,1,1,1,0,1,1,1,0,4,0,0,3,1,3,0,0,1,1,9.0,30.931,3.0,3.653,84.9
471,1,2,1,1,0,0,0,2,1,2,1,1,1,1,0,4,0,1,2,1,1,0,0,0,2,1,1,1,1,1,1,0,4,0,17.0,64.042,2.915,4.922,90.051
472,0,0,0,0,0,0,0,0,0,0,0,0,0,0,0,0,0,0,0,0,0,0,0,0,0,0,0,0,0,0,0,0,0,0,0.0,0.0,0.0,-15.59,206.835
473,0,0,0,0,0,0,0,0,0,0,0,0,0,0,0,0,0,0,0,0,0,0,0,0,0,0,0,0,0,0,0,0,0,0,0.0,0.0,0.0,-15.59,206.835
474,2,12,8,4,4,4,1,15,2,1,11,6,12,2,0,8,2,1,9,8,2,2,2,1,14,2,1,5,6,4,2,0,6,1,10.25,42.129,4.919,2.798,93.261
475,0,0,0,0,0,0,0,0,0,0,0,0,0,0,0,0,0,0,0,0,0,0,0,0,0,0,0,0,0,0,0,0,0,0,0.0,0.0,0.0,-15.59,206.835
476,0,2,0,3,0,0,0,5,0,0,4,1,2,0,0,2,0,0,2,0,3,0,0,0,5,0,0,4,1,2,0,0,2,0,8.5,35.324,3.258,2.301,93.702
477,0,16,13,11,12,9,1,24,3,1,37,2,6,5,0,26,2,0,11,10,3,2,4,1,17,2,1,15,2,4,5,0,20,2,27.0,101.632,5.167,8.925,79.163
478,4,1,3,3,2,5,0,5,0,2,7,0,0,1,0,7,0,4,1,2,1,2,3,0,4,0,1,4,0,0,1,0,7,0,40.0,158.71,3.354,15.055,58.37
479,0,0,0,0,0,0,0,0,0,0,0,0,0,0,0,0,0,0,0,0,0,0,0,0,0,0,0,0,0,0,0,0,0,0,0.0,0.0,0.0,-15.59,206.835
480,0,0,0,0,0,0,0,0,0,0,0,0,0,0,0,0,0,0,0,0,0,0,0,0,0,0,0,0,0,0,0,0,0,0,0.0,0.0,0.0,-15.59,206.835
481,4,10,10,8,3,10,1,13,2,4,21,1,8,2,0,17,0,4,5,8,4,2,4,1,12,2,1,5,1,2,2,0,11,0,13.25,50.747,4.258,2.602,100.007
482,0,0,0,0,0,0,0,0,0,0,0,0,0,0,0,0,0,0,0,0,0,0,0,0,0,0,0,0,0,0,0,0,0,0,0.0,0.0,0.0,-15.59,206.835
483,1,2,2,5,0,4,0,7,0,2,3,0,4,1,0,4,0,1,1,2,3,0,3,0,7,0,2,2,0,2,1,0,3,0,15.5,70.238,3.429,3.397,98.315
484,3,4,4,14,3,4,2,10,0,4,23,0,13,8,0,17,4,3,4,3,5,3,4,2,8,0,2,7,0,5,6,0,12,1,11.111,46.439,4.384,0.661,110.111
485,0,0,0,0,0,0,0,0,0,0,0,0,0,0,0,0,0,0,0,0,0,0,0,0,0,0,0,0,0,0,0,0,0,0,0.0,0.0,0.0,-15.59,206.835
486,8,11,5,7,6,15,0,26,0,9,14,1,12,0,0,20,5,8,8,5,4,3,4,0,18,0,2,7,1,5,0,0,12,2,21.167,86.138,4.831,6.974,82.765
487,3,9,4,4,4,3,1,15,1,0,10,6,18,1,3,6,3,3,8,4,2,2,2,1,14,1,0,6,6,4,1,1,6,1,17.75,56.102,5.035,5.127,89.92
488,0,0,0,0,0,0,0,0,0,0,0,0,0,0,0,0,0,0,0,0,0,0,0,0,0,0,0,0,0,0,0,0,0,0,0.0,0.0,0.0,-15.59,206.835
489,0,0,0,0,0,0,0,0,0,0,0,0,0,0,0,0,0,0,0,0,0,0,0,0,0,0,0,0,0,0,0,0,0,0,0.0,0.0,0.0,-15.59,206.835
490,0,8,3,4,1,2,1,10,1,2,7,0,7,2,0,7,0,0,7,3,3,1,2,1,9,1,2,3,0,3,2,0,7,0,9.6,40.535,4.491,2.167,96.629
491,82,147,93,92,61,82,4,185,8,64,257,48,208,16,0,206,26,52,25,49,9,3,9,3,105,5,4,24,14,8,10,0,85,2,11.61,41.082,7.126,2.107,100.632
492,4,7,6,7,4,8,0,12,0,3,20,2,17,8,0,21,4,4,5,6,5,1,4,0,10,0,2,9,2,7,5,0,20,3,18.0,77.29,5.511,4.432,95.348
493,10,19,3,9,5,10,0,27,1,9,34,2,23,3,1,19,2,8,10,3,4,2,4,0,21,1,3,12,2,5,3,1,13,1,12.75,49.605,5.259,4.422,86.07
494,0,0,0,0,0,0,0,0,0,0,0,0,0,0,0,0,0,0,0,0,0,0,0,0,0,0,0,0,0,0,0,0,0,0,0.0,0.0,0.0,-15.59,206.835
495,0,0,0,0,0,0,0,0,0,0,0,0,0,0,0,0,0,0,0,0,0,0,0,0,0,0,0,0,0,0,0,0,0,0,0.0,0.0,0.0,-15.59,206.835
496,15,22,9,22,9,18,1,30,2,2,24,0,15,8,0,16,0,15,13,8,4,2,6,1,22,2,2,7,0,3,7,0,14,0,29.667,113.222,5.353,10.233,74.538
497,17,31,22,24,6,25,0,48,1,7,51,0,34,6,1,32,5,17,15,14,6,3,7,0,39,1,3,16,0,7,3,1,25,1,18.333,72.905,6.353,5.977,84.861
498,21,38,19,18,15,22,1,46,1,9,45,1,21,8,0,45,3,17,14,16,5,3,3,1,32,1,2,13,1,4,4,0,30,1,26.545,105.599,5.669,8.785,79.356
499,0,0,0,0,0,0,0,0,0,0,0,0,0,0,0,0,0,0,0,0,0,0,0,0,0,0,0,0,0,0,0,0,0,0,0.0,0.0,0.0,-15.59,206.835
500,3,4,3,4,1,2,0,10,0,3,11,1,10,1,0,10,0,2,2,3,3,1,2,0,9,0,2,7,1,6,1,0,9,0,13.25,60.558,4.468,4.049,89.632
501,8,11,9,13,11,6,1,17,1,1,19,0,6,2,0,12,5,8,8,6,5,3,2,1,15,1,1,6,0,2,1,0,11,3,14.5,51.926,4.53,2.882,100.224
502,0,0,0,0,0,0,0,0,0,0,0,0,0,0,0,0,0,0,0,0,0,0,0,0,0,0,0,0,0,0,0,0,0,0,0.0,0.0,0.0,-15.59,206.835
503,0,0,0,0,0,0,0,0,0,0,0,0,0,0,0,0,0,0,0,0,0,0,0,0,0,0,0,0,0,0,0,0,0,0,0.0,0.0,0.0,-15.59,206.835
504,0,0,0,0,0,0,0,0,0,0,0,0,0,0,0,0,0,0,0,0,0,0,0,0,0,0,0,0,0,0,0,0,0,0,0.0,0.0,0.0,-15.59,206.835
505,0,0,0,0,0,0,0,0,0,0,0,0,0,0,0,0,0,0,0,0,0,0,0,0,0,0,0,0,0,0,0,0,0,0,0.0,0.0,0.0,-15.59,206.835
506,0,0,0,0,0,0,0,0,0,0,0,0,0,0,0,0,0,0,0,0,0,0,0,0,0,0,0,0,0,0,0,0,0,0,0.0,0.0,0.0,-15.59,206.835
507,1,4,0,0,1,1,0,1,3,1,2,0,2,1,2,3,0,1,3,0,0,1,1,0,1,3,1,1,0,1,1,1,3,0,10.0,29.281,2.846,0.7,107.855
508,0,0,0,0,0,0,0,0,0,0,0,0,0,0,0,0,0,0,0,0,0,0,0,0,0,0,0,0,0,0,0,0,0,0,0.0,0.0,0.0,-15.59,206.835
509,0,0,0,0,0,0,0,0,0,0,0,0,0,0,0,0,0,0,0,0,0,0,0,0,0,0,0,0,0,0,0,0,0,0,0.0,0.0,0.0,-15.59,206.835
510,5,19,12,15,6,9,1,28,0,5,40,0,25,9,0,30,8,5,11,11,8,3,4,1,25,0,2,11,0,6,7,0,24,2,12.467,43.004,5.688,0.504,113.653
511,8,7,5,11,5,8,2,15,0,2,25,0,10,3,0,12,1,8,5,5,4,2,4,2,12,0,1,8,0,2,3,0,9,1,11.556,46.673,4.438,2.305,99.118
512,25,21,24,22,10,23,2,58,20,6,42,9,63,8,8,42,26,20,10,17,7,3,4,2,48,10,2,15,7,8,5,1,34,2,12.519,47.406,6.923,3.047,95.512
513,7,7,9,10,4,4,0,13,0,5,15,3,9,5,0,12,2,6,5,8,2,1,3,0,11,0,2,6,3,3,3,0,10,2,16.0,59.808,4.619,3.188,100.708
514,0,0,0,0,0,0,0,0,0,0,0,0,0,0,0,0,0,0,0,0,0,0,0,0,0,0,0,0,0,0,0,0,0,0,0.0,0.0,0.0,-15.59,206.835
515,0,0,0,0,0,0,0,0,0,0,0,0,0,0,0,0,0,0,0,0,0,0,0,0,0,0,0,0,0,0,0,0,0,0,0.0,0.0,0.0,-15.59,206.835
516,4,1,3,5,3,2,0,6,0,3,13,0,7,1,0,9,0,4,1,3,3,1,1,0,5,0,2,5,0,4,1,0,8,0,16.667,69.016,3.7,3.418,100.242
517,0,0,0,0,0,0,0,0,0,0,0,0,0,0,0,0,0,0,0,0,0,0,0,0,0,0,0,0,0,0,0,0,0,0,0.0,0.0,0.0,-15.59,206.835
518,19,16,22,21,16,16,0,31,2,9,44,0,26,6,0,31,3,13,11,19,4,3,5,0,26,2,3,14,0,5,3,0,22,2,14.75,58.47,5.569,2.763,101.528
519,4,4,3,2,1,2,1,7,1,1,7,0,7,2,1,4,1,4,4,3,2,1,1,1,7,1,1,5,0,3,2,1,4,1,5.857,23.806,4.417,5.977,62.641
520,6,11,12,7,4,9,1,15,1,5,21,0,9,3,0,17,0,5,5,8,3,3,5,1,11,1,1,8,0,4,2,0,16,0,22.4,87.065,4.61,6.632,87.413
521,0,0,0,0,0,0,0,0,0,0,0,0,0,0,0,0,0,0,0,0,0,0,0,0,0,0,0,0,0,0,0,0,0,0,0.0,0.0,0.0,-15.59,206.835
522,13,26,21,13,10,13,2,31,0,13,48,1,30,5,0,45,3,11,9,14,5,3,6,2,24,0,2,10,1,5,2,0,24,1,24.4,92.008,5.115,7.37,85.68
523,4,5,6,9,1,4,0,10,4,0,15,0,8,5,0,13,1,3,4,6,3,1,3,0,8,3,0,4,0,4,3,0,9,1,11.0,42.036,4.11,2.799,94.589
524,5,5,3,5,5,7,1,20,2,2,9,0,9,2,1,10,1,4,3,3,2,2,4,1,16,2,1,2,0,3,1,1,10,1,12.833,44.681,4.432,3.514,92.729
525,1,2,1,0,0,1,0,2,0,0,0,0,3,0,0,1,0,1,2,1,0,0,1,0,2,0,0,0,0,1,0,0,1,0,9.0,32.5,2.593,3.653,84.9
526,5,4,5,11,4,7,0,10,0,2,14,0,10,0,0,7,6,4,4,5,4,3,4,0,10,0,2,7,0,4,0,0,6,2,12.5,43.51,4.409,1.085,109.548
527,0,0,0,0,0,0,0,0,0,0,0,0,0,0,0,0,0,0,0,0,0,0,0,0,0,0,0,0,0,0,0,0,0,0,0.0,0.0,0.0,-15.59,206.835
528,2,8,4,2,1,3,0,11,0,2,13,0,7,1,0,10,0,2,6,3,2,1,2,0,11,0,2,8,0,3,1,0,10,0,11.4,48.204,4.683,3.554,89.885
529,9,12,13,17,10,4,2,13,1,6,33,7,29,3,1,26,1,9,7,9,5,6,3,2,10,1,2,9,6,5,1,1,21,1,13.083,51.521,5.305,4.244,87.94
530,10,12,5,6,2,9,0,20,0,3,17,3,13,2,0,19,4,10,7,4,3,1,4,0,16,0,2,9,3,4,2,0,16,1,13.875,57.684,5.235,5.555,79.952
531,5,7,6,6,4,6,2,15,3,7,16,1,17,3,1,14,8,5,7,6,2,2,3,1,15,3,2,9,1,5,3,1,13,3,10.3,35.462,5.574,0.8,107.674
532,15,28,30,18,8,20,1,36,4,10,53,0,37,7,0,37,4,9,15,25,6,2,7,1,30,4,2,15,0,5,5,0,27,1,12.318,48.969,6.099,2.799,96.933
533,2,1,4,4,1,0,2,3,0,0,6,0,6,0,0,1,0,2,1,3,2,1,0,2,3,0,0,6,0,4,0,0,1,0,6.0,21.207,3.464,1.008,98.52
534,15,25,17,24,7,21,4,31,0,16,45,2,35,6,0,39,13,12,11,14,7,1,8,2,28,0,2,6,2,6,5,0,32,2,13.25,49.615,5.734,1.511,107.829
535,6,16,12,12,2,10,1,29,4,5,17,6,31,6,0,23,11,6,7,9,5,2,5,1,25,4,2,9,6,8,2,0,20,2,10.188,38.692,5.982,2.862,92.691
536,3,5,3,6,3,6,1,16,1,1,12,3,12,3,1,11,1,3,3,3,3,2,4,1,13,1,1,5,3,4,3,1,8,1,12.5,49.056,4.817,3.917,89.244
537,27,60,44,28,32,44,1,83,4,22,100,16,72,12,0,81,5,23,19,30,6,4,9,1,55,2,3,15,8,7,7,0,51,2,15.971,59.435,6.849,4.508,91.193
538,0,0,0,0,0,0,0,0,0,0,0,0,0,0,0,0,0,0,0,0,0,0,0,0,0,0,0,0,0,0,0,0,0,0,0.0,0.0,0.0,-15.59,206.835
539,2,3,2,4,3,1,0,4,0,1,8,0,2,0,0,3,0,2,3,2,2,2,1,0,4,0,1,7,0,2,0,0,3,0,15.5,59.817,3.556,3.778,95.586
540,0,0,0,0,0,0,0,0,0,0,0,0,0,0,0,0,0,0,0,0,0,0,0,0,0,0,0,0,0,0,0,0,0,0,0.0,0.0,0.0,-15.59,206.835
541,0,0,0,0,0,0,0,0,0,0,0,0,0,0,0,0,0,0,0,0,0,0,0,0,0,0,0,0,0,0,0,0,0,0,0.0,0.0,0.0,-15.59,206.835
542,0,0,0,0,0,0,0,0,0,0,0,0,0,0,0,0,0,0,0,0,0,0,0,0,0,0,0,0,0,0,0,0,0,0,0.0,0.0,0.0,-15.59,206.835
543,0,0,0,0,0,0,0,0,0,0,0,0,0,0,0,0,0,0,0,0,0,0,0,0,0,0,0,0,0,0,0,0,0,0,0.0,0.0,0.0,-15.59,206.835
544,9,15,9,11,6,4,0,33,4,3,21,1,23,8,0,20,0,9,9,8,4,3,2,0,23,4,2,7,1,6,4,0,16,0,15.889,68.724,5.558,7.688,68.245
545,0,0,0,0,0,0,0,0,0,0,0,0,0,0,0,0,0,0,0,0,0,0,0,0,0,0,0,0,0,0,0,0,0,0,0.0,0.0,0.0,-15.59,206.835
546,0,0,0,0,0,0,0,0,0,0,0,0,0,0,0,0,0,0,0,0,0,0,0,0,0,0,0,0,0,0,0,0,0,0,0.0,0.0,0.0,-15.59,206.835
547,1,7,3,9,2,3,0,7,0,2,11,0,7,0,0,4,0,1,5,3,5,2,3,0,7,0,1,7,0,5,0,0,3,0,9.8,39.389,4.142,0.754,107.108
548,0,0,0,0,0,0,0,0,0,0,0,0,0,0,0,0,0,0,0,0,0,0,0,0,0,0,0,0,0,0,0,0,0,0,0.0,0.0,0.0,-15.59,206.835
549,4,10,7,8,5,9,0,17,0,5,24,0,23,1,0,20,3,3,6,6,4,3,2,0,13,0,2,11,0,6,1,0,12,2,14.125,55.776,4.656,1.928,106.401
550,0,4,0,4,1,1,2,4,0,1,10,8,9,3,0,9,0,0,4,0,4,1,1,2,4,0,1,5,8,5,3,0,8,0,11.75,32.704,4.641,2.55,97.709
551,0,0,0,0,0,0,0,0,0,0,0,0,0,0,0,0,0,0,0,0,0,0,0,0,0,0,0,0,0,0,0,0,0,0,0.0,0.0,0.0,-15.59,206.835
552,0,0,0,0,0,0,0,0,0,0,0,0,0,0,0,0,0,0,0,0,0,0,0,0,0,0,0,0,0,0,0,0,0,0,0.0,0.0,0.0,-15.59,206.835
553,15,4,8,12,7,5,1,15,6,2,16,0,20,4,1,16,6,12,3,7,4,2,3,1,11,4,2,6,0,4,4,1,14,2,19.167,68.507,5.209,5.635,88.803
554,0,0,0,0,0,0,0,0,0,0,0,0,0,0,0,0,0,0,0,0,0,0,0,0,0,0,0,0,0,0,0,0,0,0,0.0,0.0,0.0,-15.59,206.835
555,0,0,0,0,0,0,0,0,0,0,0,0,0,0,0,0,0,0,0,0,0,0,0,0,0,0,0,0,0,0,0,0,0,0,0.0,0.0,0.0,-15.59,206.835
556,0,0,0,0,0,0,0,0,0,0,0,0,0,0,0,0,0,0,0,0,0,0,0,0,0,0,0,0,0,0,0,0,0,0,0.0,0.0,0.0,-15.59,206.835
557,3,4,5,2,1,0,1,4,2,1,6,2,3,1,0,6,1,3,4,4,2,1,0,1,4,2,1,4,2,2,1,0,5,1,39.0,134.81,4.189,11.42,82.65
558,42,57,64,53,28,44,1,66,4,24,101,3,66,14,0,79,10,32,19,39,7,3,8,1,43,3,2,18,3,11,8,0,43,2,22.692,91.159,6.404,6.68,87.588
559,1,6,4,4,2,4,2,12,0,1,13,1,12,1,0,9,3,1,3,4,2,2,4,2,11,0,1,6,1,3,1,0,8,2,9.0,34.792,4.276,2.342,94.3
560,2,4,3,1,1,4,0,3,2,0,6,0,2,1,0,5,0,2,4,3,1,1,2,0,2,1,0,3,0,1,1,0,5,0,16.0,57.477,3.25,2.081,108.639
561,0,0,0,0,0,0,0,0,0,0,0,0,0,0,0,0,0,0,0,0,0,0,0,0,0,0,0,0,0,0,0,0,0,0,0.0,0.0,0.0,-15.59,206.835
562,4,12,8,7,5,1,1,13,10,2,20,4,9,5,0,15,0,4,4,5,3,1,1,1,10,8,1,8,3,5,3,0,11,0,17.833,66.512,4.443,4.268,96.228
563,0,0,0,0,0,0,0,0,0,0,0,0,0,0,0,0,0,0,0,0,0,0,0,0,0,0,0,0,0,0,0,0,0,0,0.0,0.0,0.0,-15.59,206.835
564,5,3,4,5,2,5,0,12,2,1,16,0,8,4,0,9,0,5,3,4,1,2,2,0,8,2,1,5,0,2,3,0,7,0,11.333,39.267,3.773,3.059,93.314
565,4,12,8,7,5,1,1,13,10,2,20,4,9,5,0,15,1,4,4,5,3,1,1,1,10,8,1,8,3,5,3,0,11,1,18.0,66.512,4.491,4.323,96.132
566,0,0,0,0,0,0,0,0,0,0,0,0,0,0,0,0,0,0,0,0,0,0,0,0,0,0,0,0,0,0,0,0,0,0,0.0,0.0,0.0,-15.59,206.835
567,0,0,0,0,0,0,0,0,0,0,0,0,0,0,0,0,0,0,0,0,0,0,0,0,0,0,0,0,0,0,0,0,0,0,0.0,0.0,0.0,-15.59,206.835
568,1,5,3,4,2,6,0,11,0,6,9,1,5,1,0,11,0,1,3,3,3,2,3,0,8,0,2,4,1,2,1,0,9,0,15.0,64.593,3.651,4.42,90.09
569,0,0,0,0,0,0,0,0,0,0,0,0,0,0,0,0,0,0,0,0,0,0,0,0,0,0,0,0,0,0,0,0,0,0,0.0,0.0,0.0,-15.59,206.835
570,2,2,3,3,0,3,0,9,0,2,5,0,5,1,0,5,1,2,2,3,2,0,3,0,9,0,2,4,0,3,1,0,4,1,9.0,38.275,4.243,5.292,73.15
571,2,5,5,5,3,3,1,11,3,0,7,2,11,2,0,9,2,2,4,4,2,1,1,1,11,3,0,5,2,6,2,0,7,2,8.571,31.987,4.838,3.683,83.925
572,0,0,0,0,0,0,0,0,0,0,0,0,0,0,0,0,0,0,0,0,0,0,0,0,0,0,0,0,0,0,0,0,0,0,0.0,0.0,0.0,-15.59,206.835
573,0,0,0,0,0,0,0,0,0,0,0,0,0,0,0,0,0,0,0,0,0,0,0,0,0,0,0,0,0,0,0,0,0,0,0.0,0.0,0.0,-15.59,206.835
574,1,0,0,0,0,0,0,6,1,0,1,1,13,0,0,1,4,1,0,0,0,0,0,0,5,1,0,1,1,6,0,0,1,3,7.5,11.733,3.469,3.068,86.423
575,0,1,1,1,0,1,0,2,0,0,2,0,2,0,0,1,0,0,1,1,1,0,1,0,2,0,0,2,0,2,0,0,1,0,9.0,40.99,2.593,3.653,84.9
576,6,7,5,7,2,6,0,12,0,3,11,0,9,3,2,10,0,6,5,5,4,2,5,0,12,0,2,5,0,4,2,1,7,0,18.0,74.449,4.75,6.999,76.94
577,0,0,0,0,0,0,0,0,0,0,0,0,0,0,0,0,0,0,0,0,0,0,0,0,0,0,0,0,0,0,0,0,0,0,0.0,0.0,0.0,-15.59,206.835
578,0,0,0,0,0,0,0,0,0,0,0,0,0,0,0,0,0,0,0,0,0,0,0,0,0,0,0,0,0,0,0,0,0,0,0.0,0.0,0.0,-15.59,206.835
579,0,0,0,0,0,0,0,0,0,0,0,0,0,0,0,0,0,0,0,0,0,0,0,0,0,0,0,0,0,0,0,0,0,0,0.0,0.0,0.0,-15.59,206.835
580,0,0,0,0,0,0,0,0,0,0,0,0,0,0,0,0,0,0,0,0,0,0,0,0,0,0,0,0,0,0,0,0,0,0,0.0,0.0,0.0,-15.59,206.835
581,0,0,2,0,0,0,0,3,0,3,2,1,6,0,0,4,1,0,0,2,0,0,0,0,3,0,2,2,1,2,0,0,4,1,8.5,35.333,3.087,2.301,93.702
582,18,30,21,14,12,35,2,70,5,12,39,26,53,8,3,38,3,12,16,16,4,3,8,2,43,4,2,15,22,9,6,2,23,2,17.579,66.206,6.848,5.998,83.369
583,3,18,8,12,4,15,0,29,3,4,19,1,12,5,0,22,1,3,11,8,2,1,2,0,21,3,2,9,1,4,4,0,18,1,18.0,76.047,5.303,5.852,85.165
584,0,1,0,1,1,2,0,2,0,1,2,0,1,0,0,2,0,0,1,0,1,1,2,0,2,0,1,2,0,1,0,0,2,0,12.0,48.417,2.654,3.84,88.905
585,1,1,0,1,1,0,0,1,0,0,7,0,1,0,0,3,0,1,1,0,1,1,0,0,1,0,0,5,0,2,0,0,3,0,8.0,32.312,2.652,1.543,98.253
586,0,0,0,0,0,0,0,0,0,0,0,0,0,0,0,0,0,0,0,0,0,0,0,0,0,0,0,0,0,0,0,0,0,0,0.0,0.0,0.0,-15.59,206.835
587,0,0,0,0,0,0,0,0,0,0,0,0,0,0,0,0,0,0,0,0,0,0,0,0,0,0,0,0,0,0,0,0,0,0,0.0,0.0,0.0,-15.59,206.835
588,0,3,3,2,3,1,0,7,0,2,6,0,6,1,0,7,0,0,3,3,2,3,1,0,7,0,1,4,0,3,1,0,7,0,11.667,58.824,4.064,5.817,74.136
589,2,4,3,5,2,3,0,5,0,2,11,0,4,3,0,5,0,2,4,3,2,1,2,0,4,0,2,6,0,3,2,0,4,0,15.0,60.514,3.479,3.633,95.73
590,0,0,0,0,0,0,0,0,0,0,0,0,0,0,0,0,0,0,0,0,0,0,0,0,0,0,0,0,0,0,0,0,0,0,0.0,0.0,0.0,-15.59,206.835
591,0,0,0,0,0,0,0,0,0,0,0,0,0,0,0,0,0,0,0,0,0,0,0,0,0,0,0,0,0,0,0,0,0,0,0.0,0.0,0.0,-15.59,206.835
592,0,0,0,0,0,0,0,0,0,0,0,0,0,0,0,0,0,0,0,0,0,0,0,0,0,0,0,0,0,0,0,0,0,0,0.0,0.0,0.0,-15.59,206.835
593,0,0,0,0,0,0,0,0,0,0,0,0,0,0,0,0,0,0,0,0,0,0,0,0,0,0,0,0,0,0,0,0,0,0,0.0,0.0,0.0,-15.59,206.835
594,0,0,0,0,0,0,0,0,0,0,0,0,0,0,0,0,0,0,0,0,0,0,0,0,0,0,0,0,0,0,0,0,0,0,0.0,0.0,0.0,-15.59,206.835
595,0,0,0,0,0,0,0,0,0,0,0,0,0,0,0,0,0,0,0,0,0,0,0,0,0,0,0,0,0,0,0,0,0,0,0.0,0.0,0.0,-15.59,206.835
596,1,5,3,7,4,3,1,7,0,3,12,3,7,1,0,11,3,1,4,3,5,2,1,1,5,0,1,5,3,3,1,0,9,2,21.333,79.696,3.977,6.005,90.007
597,6,13,12,15,7,6,0,11,1,6,25,0,15,4,0,22,0,6,6,7,4,2,3,0,10,1,3,12,0,7,4,0,19,0,25.4,104.099,4.831,8.253,81.133
598,0,0,0,0,0,0,0,0,0,0,0,0,0,0,0,0,0,0,0,0,0,0,0,0,0,0,0,0,0,0,0,0,0,0,0.0,0.0,0.0,-15.59,206.835
599,0,0,0,0,0,0,0,0,0,0,0,0,0,0,0,0,0,0,0,0,0,0,0,0,0,0,0,0,0,0,0,0,0,0,0.0,0.0,0.0,-15.59,206.835
600,0,0,0,0,0,0,0,0,0,0,0,0,0,0,0,0,0,0,0,0,0,0,0,0,0,0,0,0,0,0,0,0,0,0,0.0,0.0,0.0,-15.59,206.835
601,10,13,7,20,8,10,0,13,1,9,26,0,13,3,0,18,3,8,9,6,5,2,4,0,13,1,2,9,0,2,2,0,12,1,17.625,68.304,4.347,4.674,92.946
602,4,4,4,5,2,1,0,5,1,2,10,0,2,2,0,7,0,4,4,4,4,2,1,0,5,1,2,5,0,1,2,0,7,0,15.667,61.054,4.229,5.082,86.533
603,0,0,0,0,0,0,0,0,0,0,0,0,0,0,0,0,0,0,0,0,0,0,0,0,0,0,0,0,0,0,0,0,0,0,0.0,0.0,0.0,-15.59,206.835
604,3,6,6,4,2,2,0,11,0,3,13,1,9,2,1,11,0,3,5,5,3,1,2,0,9,0,1,6,1,4,2,1,9,0,16.0,61.77,4.596,5.953,80.879
605,0,0,0,0,0,0,0,0,0,0,0,0,0,0,0,0,0,0,0,0,0,0,0,0,0,0,0,0,0,0,0,0,0,0,0.0,0.0,0.0,-15.59,206.835
606,43,64,64,54,31,37,3,101,3,27,106,10,65,23,3,105,8,34,18,37,10,3,8,2,64,3,3,21,5,6,8,1,60,5,20.576,80.157,7.245,7.589,77.304
607,0,0,0,0,0,0,0,0,0,0,0,0,0,0,0,0,0,0,0,0,0,0,0,0,0,0,0,0,0,0,0,0,0,0,0.0,0.0,0.0,-15.59,206.835
608,8,9,6,9,2,3,2,14,2,4,14,2,14,1,0,11,1,8,5,5,3,2,2,2,12,2,3,5,2,3,1,0,11,1,12.571,42.618,4.9,0.711,112.359
609,0,0,0,0,0,0,0,0,0,0,0,0,0,0,0,0,0,0,0,0,0,0,0,0,0,0,0,0,0,0,0,0,0,0,0.0,0.0,0.0,-15.59,206.835
610,0,0,0,0,0,2,0,2,0,2,2,0,2,2,0,4,0,0,0,0,0,0,2,0,2,0,1,2,0,2,2,0,4,0,14.0,56.2,2.835,4.199,89.896
611,6,4,2,3,3,3,1,4,0,2,5,0,3,0,0,7,0,4,3,2,3,1,1,1,4,0,1,3,0,1,0,0,5,0,10.0,44.546,3.13,0.11,112.085
612,0,0,0,0,0,0,0,0,0,0,0,0,0,0,0,0,0,0,0,0,0,0,0,0,0,0,0,0,0,0,0,0,0,0,0.0,0.0,0.0,-15.59,206.835
613,0,0,0,0,0,1,0,1,0,0,1,0,1,1,0,1,0,0,0,0,0,0,1,0,1,0,0,1,0,1,1,0,1,0,5.0,20.333,1.897,-1.84,117.16
614,3,3,8,3,2,5,1,9,0,0,4,0,5,0,0,3,1,3,3,8,2,1,3,1,9,0,0,2,0,4,0,0,3,1,10.5,37.964,4.037,3.395,89.42
615,0,0,0,0,0,0,0,0,0,0,0,0,0,0,0,0,0,0,0,0,0,0,0,0,0,0,0,0,0,0,0,0,0,0,0.0,0.0,0.0,-15.59,206.835
616,2,5,3,5,4,4,0,4,2,3,6,2,3,0,0,9,0,2,4,3,4,2,1,0,4,2,2,2,2,2,0,0,9,0,12.25,44.076,3.839,2.673,97.716
617,0,0,0,0,0,0,0,0,0,0,0,0,0,0,0,0,0,0,0,0,0,0,0,0,0,0,0,0,0,0,0,0,0,0,0.0,0.0,0.0,-15.59,206.835
618,0,0,0,0,0,0,0,0,0,0,0,0,0,0,0,0,0,0,0,0,0,0,0,0,0,0,0,0,0,0,0,0,0,0,0.0,0.0,0.0,-15.59,206.835
619,4,6,3,7,2,8,0,16,3,1,10,5,11,2,1,10,0,4,4,3,2,2,3,0,15,3,1,6,5,5,2,1,10,0,19.25,75.38,5.157,6.476,82.92
620,2,2,4,3,0,0,0,4,1,0,3,1,8,0,4,4,2,2,2,2,2,0,0,0,4,1,0,1,1,3,0,1,4,1,13.0,46.913,3.467,7.18,66.74
621,2,1,1,5,1,0,0,2,0,2,4,0,1,0,0,3,0,1,1,1,4,1,0,0,2,0,2,3,0,1,0,0,3,0,7.0,26.69,2.932,-0.498,111.101
622,0,0,0,0,0,0,0,0,0,0,0,0,0,0,0,0,0,0,0,0,0,0,0,0,0,0,0,0,0,0,0,0,0,0,0.0,0.0,0.0,-15.59,206.835
623,0,3,1,1,0,1,0,5,1,1,5,1,7,0,0,5,4,0,3,1,1,0,1,0,5,1,1,5,1,3,0,0,4,1,14.0,42.953,3.474,2.091,105.004
624,0,0,0,0,0,0,0,0,0,0,0,0,0,0,0,0,0,0,0,0,0,0,0,0,0,0,0,0,0,0,0,0,0,0,0.0,0.0,0.0,-15.59,206.835
625,0,0,0,0,0,0,0,0,0,0,0,0,0,0,0,0,0,0,0,0,0,0,0,0,0,0,0,0,0,0,0,0,0,0,0.0,0.0,0.0,-15.59,206.835
626,0,1,1,4,3,4,1,5,0,3,8,1,2,1,0,7,0,0,1,1,4,2,2,1,5,0,2,3,1,2,1,0,6,0,19.5,74.683,3.397,4.42,98.104
627,0,0,0,0,0,0,0,0,0,0,0,0,0,0,0,0,0,0,0,0,0,0,0,0,0,0,0,0,0,0,0,0,0,0,0.0,0.0,0.0,-15.59,206.835
628,19,14,27,21,14,11,3,32,3,9,50,1,27,7,0,36,2,17,7,15,4,2,5,2,23,3,2,12,1,3,6,0,29,2,10.333,38.063,5.613,1.763,100.831
629,0,0,0,0,0,0,0,0,0,0,0,0,0,0,0,0,0,0,0,0,0,0,0,0,0,0,0,0,0,0,0,0,0,0,0.0,0.0,0.0,-15.59,206.835
630,0,0,0,0,0,0,0,0,0,0,0,0,0,0,0,0,0,0,0,0,0,0,0,0,0,0,0,0,0,0,0,0,0,0,0.0,0.0,0.0,-15.59,206.835
631,2,4,2,5,3,2,1,6,0,3,9,1,7,2,0,4,0,2,2,2,3,3,1,1,5,0,2,4,1,2,1,0,4,0,11.0,39.583,3.411,2.109,99.534
632,34,65,53,32,35,52,4,94,5,27,123,21,99,14,0,103,5,29,20,32,6,4,10,4,64,3,3,16,12,8,8,0,58,2,14.8,54.583,7.069,4.02,92.605
633,1,2,0,3,0,1,0,3,1,1,1,0,2,1,0,1,0,1,2,0,3,0,1,0,3,1,1,1,0,1,1,0,1,0,7.5,21.161,2.921,-3.225,131.543
634,4,7,8,10,7,3,1,7,0,8,36,1,10,5,0,28,1,4,7,7,3,4,2,1,6,0,2,9,1,4,4,0,19,1,14.0,54.168,4.473,2.607,101.311
635,0,0,0,0,0,0,0,0,0,0,0,0,0,0,0,0,0,0,0,0,0,0,0,0,0,0,0,0,0,0,0,0,0,0,0.0,0.0,0.0,-15.59,206.835
636,1,12,4,8,6,5,0,23,0,6,18,4,12,3,0,13,2,1,7,3,4,2,3,0,15,0,2,13,3,6,2,0,11,2,17.5,75.127,5.037,7.081,75.467
637,0,0,0,0,0,0,0,0,0,0,0,0,0,0,0,0,0,0,0,0,0,0,0,0,0,0,0,0,0,0,0,0,0,0,0.0,0.0,0.0,-15.59,206.835
638,4,5,3,4,2,1,0,9,0,2,9,1,3,3,0,11,1,3,2,3,3,1,1,0,7,0,1,7,1,2,2,0,10,1,13.75,57.527,4.195,4.362,88.282
639,8,30,17,14,13,20,0,34,4,3,48,2,21,7,0,42,1,8,12,13,4,2,7,0,26,4,1,12,2,6,6,0,27,1,14.294,56.069,5.625,2.804,100.415
640,8,8,10,11,7,5,0,12,0,5,18,0,8,2,0,16,1,7,6,8,4,2,3,0,10,0,2,12,0,4,2,0,13,1,20.6,77.806,4.807,7.795,75.864
641,4,5,3,3,3,4,0,6,0,1,11,0,5,1,0,7,0,4,3,3,2,3,2,0,6,0,1,5,0,3,1,0,6,0,16.0,58.706,3.776,6.383,77.795
642,0,0,0,0,0,0,0,0,0,0,0,0,0,0,0,0,0,0,0,0,0,0,0,0,0,0,0,0,0,0,0,0,0,0,0.0,0.0,0.0,-15.59,206.835
643,17,25,25,25,20,16,0,27,1,11,62,0,33,6,0,41,1,13,11,18,5,4,5,0,22,1,2,13,0,7,3,0,29,1,18.467,71.509,5.353,4.733,94.023
644,0,0,0,0,0,0,0,0,0,0,0,0,0,0,0,0,0,0,0,0,0,0,0,0,0,0,0,0,0,0,0,0,0,0,0.0,0.0,0.0,-15.59,206.835
645,0,0,0,0,0,0,0,0,0,0,0,0,0,0,0,0,0,0,0,0,0,0,0,0,0,0,0,0,0,0,0,0,0,0,0.0,0.0,0.0,-15.59,206.835
646,0,1,4,0,0,0,0,1,0,0,2,0,3,1,0,3,1,0,1,4,0,0,0,0,1,0,0,2,0,3,1,0,3,1,6.5,21.33,3.138,3.283,83.099
647,0,0,0,1,0,1,0,1,0,0,1,1,1,0,0,0,0,0,0,0,1,0,1,0,1,0,0,1,1,1,0,0,0,0,5.0,9.0,1.897,0.52,100.24
648,9,12,12,7,11,8,1,18,0,1,22,1,22,4,0,18,36,6,7,8,2,2,3,1,15,0,1,6,1,2,2,0,14,3,16.0,51.121,4.025,1.786,110.754
649,1,5,2,5,2,1,1,9,0,1,8,0,9,3,1,5,2,1,4,2,2,1,1,1,9,0,1,4,0,3,3,1,4,2,11.25,37.638,4.006,7.153,63.816
650,0,0,0,0,0,0,0,0,0,0,0,0,0,0,0,0,0,0,0,0,0,0,0,0,0,0,0,0,0,0,0,0,0,0,0.0,0.0,0.0,-15.59,206.835
651,3,4,3,4,2,3,0,6,1,2,7,0,4,1,0,3,1,3,3,3,2,2,2,0,6,1,2,5,0,3,1,0,3,1,13.333,44.537,4.025,4.065,89.667
652,0,0,0,0,0,0,0,0,0,0,0,0,0,0,0,0,0,0,0,0,0,0,0,0,0,0,0,0,0,0,0,0,0,0,0.0,0.0,0.0,-15.59,206.835
653,10,36,21,24,17,13,0,43,1,10,68,2,28,6,1,43,4,8,15,18,6,2,4,0,26,1,3,18,2,5,3,1,27,1,14.19,54.232,5.571,3.685,93.921
654,9,13,9,13,6,7,0,16,0,8,16,3,12,1,1,12,0,7,9,6,4,1,3,0,14,0,2,4,3,5,1,1,10,0,16.143,61.108,4.457,3.55,98.363
655,0,0,0,0,0,0,0,0,0,0,0,0,0,0,0,0,0,0,0,0,0,0,0,0,0,0,0,0,0,0,0,0,0,0,0.0,0.0,0.0,-15.59,206.835
656,27,48,58,43,24,24,0,55,5,27,101,6,70,19,0,91,5,23,14,41,7,3,7,0,29,2,3,12,4,11,8,0,47,1,17.767,69.584,6.156,5.508,87.218
657,2,2,1,1,1,3,1,5,0,1,4,0,4,0,0,4,0,2,2,1,1,1,3,1,5,0,1,2,0,2,0,0,4,0,12.5,48.123,3.394,1.557,106.164
658,0,0,0,0,0,0,0,0,0,0,0,0,0,0,0,0,0,0,0,0,0,0,0,0,0,0,0,0,0,0,0,0,0,0,0.0,0.0,0.0,-15.59,206.835
659,3,7,1,7,4,6,1,14,1,1,12,0,8,5,0,7,0,3,5,1,5,2,3,1,13,1,1,4,0,3,4,0,6,0,13.8,59.332,4.341,3.131,97.193
660,3,1,0,0,1,1,0,3,0,1,0,0,1,0,0,2,0,3,1,0,0,1,1,0,3,0,1,0,0,1,0,0,2,0,12.0,51.959,2.654,1.873,103.005
661,26,29,27,28,13,19,2,50,3,13,50,5,58,6,1,38,2,23,12,18,7,2,6,2,32,2,2,13,5,9,5,1,24,1,15.6,62.129,6.005,4.525,90.403
662,0,0,0,0,0,0,0,0,0,0,0,0,0,0,0,0,0,0,0,0,0,0,0,0,0,0,0,0,0,0,0,0,0,0,0.0,0.0,0.0,-15.59,206.835
663,1,2,1,1,1,0,0,2,0,0,1,0,2,0,0,1,0,1,2,1,1,1,0,0,2,0,0,1,0,2,0,0,1,0,10.0,37.923,2.683,2.47,95.165
664,0,0,0,0,0,0,0,0,0,0,0,0,0,0,0,0,0,0,0,0,0,0,0,0,0,0,0,0,0,0,0,0,0,0,0.0,0.0,0.0,-15.59,206.835
665,3,6,5,4,1,5,0,5,0,2,18,0,10,5,0,14,0,3,3,5,1,1,4,0,5,0,2,3,0,3,4,0,12,0,11.333,39.209,3.773,4.968,79.629
666,5,4,3,7,2,6,1,14,3,1,10,2,24,4,0,10,4,5,4,3,4,2,4,1,10,3,1,5,2,7,3,0,9,1,7.6,31.345,4.867,-0.05,108.955
667,1,1,3,6,1,3,0,5,0,4,9,0,5,1,1,8,0,1,1,3,3,1,3,0,5,0,2,4,0,3,1,1,8,0,10.5,39.724,3.928,1.991,99.492
668,5,6,4,8,3,6,0,12,0,0,12,1,4,2,0,4,1,5,3,4,4,1,3,0,10,0,0,9,1,3,2,0,3,1,21.333,77.28,4.243,8.586,71.5
669,7,13,2,7,5,6,1,19,1,4,16,2,18,1,5,16,1,7,9,2,5,3,3,1,16,1,2,7,2,8,1,1,15,1,17.0,67.119,5.881,6.542,78.439
670,0,0,0,0,0,0,0,0,0,0,0,0,0,0,0,0,0,0,0,0,0,0,0,0,0,0,0,0,0,0,0,0,0,0,0.0,0.0,0.0,-15.59,206.835
671,0,0,0,0,0,0,0,0,0,0,0,0,0,0,0,0,0,0,0,0,0,0,0,0,0,0,0,0,0,0,0,0,0,0,0.0,0.0,0.0,-15.59,206.835
672,0,0,0,0,0,0,0,0,0,0,0,0,0,0,0,0,0,0,0,0,0,0,0,0,0,0,0,0,0,0,0,0,0,0,0.0,0.0,0.0,-15.59,206.835
673,0,0,0,0,0,0,0,0,0,0,0,0,0,0,0,0,0,0,0,0,0,0,0,0,0,0,0,0,0,0,0,0,0,0,0.0,0.0,0.0,-15.59,206.835
674,1,1,0,2,1,1,0,4,1,0,3,0,1,0,0,4,0,1,1,0,2,1,1,0,4,1,0,3,0,1,0,0,3,0,9.0,41.043,3.0,2.342,94.3
675,0,0,0,0,0,0,0,0,0,0,0,0,0,0,0,0,0,0,0,0,0,0,0,0,0,0,0,0,0,0,0,0,0,0,0.0,0.0,0.0,-15.59,206.835
676,0,0,0,0,0,0,0,0,0,0,0,0,0,0,0,0,0,0,0,0,0,0,0,0,0,0,0,0,0,0,0,0,0,0,0.0,0.0,0.0,-15.59,206.835
677,0,0,0,0,0,0,0,0,0,0,0,0,0,0,0,0,0,0,0,0,0,0,0,0,0,0,0,0,0,0,0,0,0,0,0.0,0.0,0.0,-15.59,206.835
678,0,3,1,2,0,2,0,4,0,1,7,0,3,2,0,5,0,0,2,1,1,0,2,0,4,0,1,5,0,2,2,0,3,0,9.0,33.778,2.994,0.157,109.967
679,0,0,0,0,0,0,0,0,0,0,0,0,0,0,0,0,0,0,0,0,0,0,0,0,0,0,0,0,0,0,0,0,0,0,0.0,0.0,0.0,-15.59,206.835
680,0,1,0,2,0,1,0,1,0,0,1,0,1,0,0,1,0,0,1,0,2,0,1,0,1,0,0,1,0,1,0,0,1,0,7.0,38.583,2.138,9.054,42.616
681,8,16,9,15,9,16,0,28,9,3,27,0,29,4,1,21,3,6,4,9,3,2,4,0,19,3,2,11,0,6,2,1,12,1,28.333,108.895,4.556,7.746,89.993
682,1,0,0,0,0,0,0,1,0,0,0,0,2,0,0,0,0,1,0,0,0,0,0,0,1,0,0,0,0,2,0,0,0,0,3.0,17.333,2.041,9.18,34.59
683,5,9,5,12,4,5,1,23,3,4,21,0,20,2,2,13,0,4,7,4,4,2,3,1,19,3,3,6,0,7,1,2,12,0,17.667,74.538,5.22,6.996,76.369
684,0,0,0,0,0,0,0,0,0,0,0,0,0,0,0,0,0,0,0,0,0,0,0,0,0,0,0,0,0,0,0,0,0,0,0.0,0.0,0.0,-15.59,206.835
685,0,0,0,0,0,0,0,0,0,0,0,0,0,0,0,0,0,0,0,0,0,0,0,0,0,0,0,0,0,0,0,0,0,0,0.0,0.0,0.0,-15.59,206.835
686,0,0,0,0,0,0,0,0,0,0,0,0,0,0,0,0,0,0,0,0,0,0,0,0,0,0,0,0,0,0,0,0,0,0,0.0,0.0,0.0,-15.59,206.835
687,1,4,3,2,1,1,0,3,1,1,3,1,2,0,0,3,0,1,3,3,2,1,1,0,3,1,1,1,1,2,0,0,3,0,12.0,46.806,3.32,1.382,106.53
688,0,0,0,0,0,0,0,0,0,0,0,0,0,0,0,0,0,0,0,0,0,0,0,0,0,0,0,0,0,0,0,0,0,0,0.0,0.0,0.0,-15.59,206.835
689,12,27,16,25,10,18,0,57,3,12,46,4,53,8,4,38,11,12,11,12,8,4,7,0,46,2,3,15,4,9,4,1,26,2,18.0,75.689,6.583,6.59,79.877
690,1,1,1,1,0,0,0,0,0,2,3,0,2,1,0,2,0,1,1,1,1,0,0,0,0,0,2,3,0,2,1,0,2,0,6.0,33.03,2.858,1.5,94.995
691,0,0,0,0,0,0,0,0,0,0,0,0,0,0,0,0,0,0,0,0,0,0,0,0,0,0,0,0,0,0,0,0,0,0,0.0,0.0,0.0,-15.59,206.835
692,0,2,6,3,1,1,0,4,0,6,9,2,8,0,0,9,0,0,2,5,3,1,1,0,4,0,2,4,2,4,0,0,8,0,14.333,51.861,3.882,3.995,91.947
693,3,3,5,5,2,3,0,6,0,3,13,0,4,2,0,8,0,2,3,5,4,2,3,0,5,0,1,8,0,1,2,0,8,0,13.25,58.159,4.177,4.049,89.632
694,2,9,5,7,6,2,1,5,0,4,17,1,6,2,0,15,0,2,5,4,5,2,2,1,4,0,2,9,1,3,1,0,9,0,12.667,49.94,3.812,3.168,94.907
695,3,0,0,3,2,3,0,7,0,1,4,0,1,1,0,3,0,3,0,0,1,2,2,0,7,0,1,4,0,1,1,0,3,0,27.0,117.633,3.402,11.11,63.497
696,9,10,15,8,7,13,0,23,2,8,31,4,31,9,1,23,5,8,8,14,2,2,6,0,20,1,2,9,4,6,6,1,20,2,11.929,47.018,5.8,3.477,91.384
697,0,0,0,0,0,0,0,0,0,0,0,0,0,0,0,0,0,0,0,0,0,0,0,0,0,0,0,0,0,0,0,0,0,0,0.0,0.0,0.0,-15.59,206.835
698,1,0,4,3,4,3,1,4,0,5,12,0,5,0,0,8,0,1,0,3,1,3,3,1,4,0,2,7,0,3,0,0,6,0,9.0,38.572,3.479,0.769,105.58
699,60,117,72,121,37,77,1,157,5,52,287,27,158,51,0,215,13,41,28,36,9,3,14,1,82,4,3,25,12,6,14,0,84,4,13.173,51.035,6.671,2.536,100.345
700,9,4,2,2,2,3,0,7,0,2,4,0,8,0,1,5,0,9,4,2,1,1,3,0,7,0,1,3,0,4,0,1,5,0,10.0,36.8,4.472,5.125,76.13
701,5,3,4,12,2,3,0,8,0,4,19,1,11,3,0,13,2,5,3,4,6,2,2,0,8,0,2,8,1,3,2,0,12,1,9.875,36.844,4.535,1.406,102.574
702,15,14,11,17,4,16,3,41,2,5,27,2,25,2,0,23,2,11,8,9,4,2,6,3,26,2,3,11,2,7,2,0,14,1,18.4,77.627,5.526,5.759,86.547
703,6,9,11,10,5,5,0,15,5,1,17,1,13,2,0,11,0,5,7,11,3,3,2,0,11,3,1,8,1,3,2,0,11,0,19.6,77.62,4.929,7.827,73.853
704,0,0,0,0,0,0,0,0,0,0,0,0,0,0,0,0,0,0,0,0,0,0,0,0,0,0,0,0,0,0,0,0,0,0,0.0,0.0,0.0,-15.59,206.835
705,5,12,9,12,3,6,0,13,0,6,24,0,13,3,0,18,1,5,9,7,4,2,2,0,13,0,2,9,0,7,3,0,17,1,12.444,53.115,5.078,2.538,99.029
706,2,7,3,2,0,2,0,5,0,2,10,5,7,1,0,7,0,2,5,3,2,0,2,0,5,0,2,5,5,6,1,0,5,0,11.5,36.582,4.379,3.517,90.332
707,0,0,0,0,0,0,0,0,0,0,0,0,0,0,0,0,0,0,0,0,0,0,0,0,0,0,0,0,0,0,0,0,0,0,0.0,0.0,0.0,-15.59,206.835
708,7,11,6,7,5,12,0,18,2,3,16,1,6,2,2,11,1,6,7,5,5,3,4,0,15,2,2,8,1,2,1,1,10,1,25.5,92.71,4.971,6.849,91.376
709,2,4,11,7,4,2,1,10,0,4,10,0,6,1,0,10,1,2,4,11,3,2,2,1,8,0,2,5,0,2,1,0,10,1,11.167,46.477,4.406,3.911,86.91
710,0,0,0,0,0,0,0,0,0,0,0,0,0,0,0,0,0,0,0,0,0,0,0,0,0,0,0,0,0,0,0,0,0,0,0.0,0.0,0.0,-15.59,206.835
711,21,28,23,23,16,14,0,33,2,10,59,2,33,5,0,43,0,20,13,13,6,2,3,0,31,2,2,13,2,2,4,0,33,0,19.929,76.373,5.969,5.843,88.666
712,5,12,6,10,8,8,0,19,0,3,25,4,20,3,0,14,0,5,9,6,2,2,2,0,15,0,2,13,3,6,2,0,12,0,13.0,48.049,5.099,3.196,95.302
713,21,20,21,18,13,11,0,26,2,14,41,1,12,5,0,36,14,20,12,15,4,3,5,0,20,1,2,10,1,5,5,0,21,3,48.4,183.787,5.682,16.744,61.223
714,15,3,4,6,4,2,1,22,2,2,12,1,6,2,0,11,14,14,3,3,1,2,2,1,18,2,1,4,1,2,2,0,10,2,20.0,63.736,4.525,11.68,46.945
715,17,13,5,10,1,5,1,17,3,1,8,0,17,3,0,6,3,12,7,5,4,1,2,1,10,3,1,4,0,5,2,0,5,1,13.143,48.397,4.423,1.464,107.975
716,0,0,0,0,0,0,0,0,0,0,0,0,0,0,0,0,0,0,0,0,0,0,0,0,0,0,0,0,0,0,0,0,0,0,0.0,0.0,0.0,-15.59,206.835
717,8,9,15,8,4,9,1,19,1,2,15,3,19,2,0,13,0,7,6,14,2,2,6,1,19,1,2,7,3,6,2,0,12,0,18.167,73.535,5.825,7.192,75.855
718,0,0,0,0,0,0,0,0,0,0,0,0,0,0,0,0,0,0,0,0,0,0,0,0,0,0,0,0,0,0,0,0,0,0,0.0,0.0,0.0,-15.59,206.835
719,0,0,0,0,0,0,0,0,0,0,0,0,0,0,0,0,0,0,0,0,0,0,0,0,0,0,0,0,0,0,0,0,0,0,0.0,0.0,0.0,-15.59,206.835
720,0,0,0,0,0,0,0,0,0,0,0,0,0,0,0,0,0,0,0,0,0,0,0,0,0,0,0,0,0,0,0,0,0,0,0.0,0.0,0.0,-15.59,206.835
721,0,0,0,0,0,0,0,0,0,0,0,0,0,0,0,0,0,0,0,0,0,0,0,0,0,0,0,0,0,0,0,0,0,0,0.0,0.0,0.0,-15.59,206.835
722,4,5,9,6,3,3,0,8,0,2,11,3,16,4,2,11,4,4,5,9,2,2,2,0,7,0,2,7,3,5,4,1,11,1,9.125,37.284,5.214,2.193,95.59
723,1,3,1,0,0,1,0,3,0,0,0,0,1,1,0,2,0,1,3,1,0,0,1,0,3,0,0,0,0,1,1,0,2,0,12.0,56.3,2.654,8.757,53.655
724,60,147,102,77,53,72,3,164,17,33,184,84,218,30,1,157,39,41,29,57,9,4,9,3,92,12,4,30,26,12,11,1,79,5,17.809,62.547,7.843,5.221,89.349
725,0,0,0,0,0,0,0,0,0,0,0,0,0,0,0,0,0,0,0,0,0,0,0,0,0,0,0,0,0,0,0,0,0,0,0.0,0.0,0.0,-15.59,206.835
726,9,14,24,13,13,12,5,32,4,4,28,3,26,5,0,27,6,8,9,12,4,1,5,4,26,2,2,10,3,6,5,0,22,2,14.143,52.815,5.779,4.646,86.944
727,8,11,20,9,8,13,1,17,2,6,38,0,23,3,0,24,1,7,8,16,3,2,3,1,11,2,2,10,0,3,3,0,16,1,13.417,45.501,4.458,3.421,94.43
728,0,0,0,0,0,0,0,0,0,0,0,0,0,0,0,0,0,0,0,0,0,0,0,0,0,0,0,0,0,0,0,0,0,0,0.0,0.0,0.0,-15.59,206.835
729,0,0,0,0,0,0,0,0,0,0,0,0,0,0,0,0,0,0,0,0,0,0,0,0,0,0,0,0,0,0,0,0,0,0,0.0,0.0,0.0,-15.59,206.835
730,6,12,17,13,8,10,1,23,1,6,25,0,17,1,0,24,2,6,11,13,5,3,5,1,15,1,2,6,0,4,1,0,13,1,12.417,46.952,4.866,2.399,99.98
731,0,0,0,0,0,0,0,0,0,0,0,0,0,0,0,0,0,0,0,0,0,0,0,0,0,0,0,0,0,0,0,0,0,0,0.0,0.0,0.0,-15.59,206.835
732,4,8,7,5,5,8,1,14,0,4,12,4,8,2,0,11,0,4,5,7,3,3,5,1,12,0,2,8,2,5,2,0,9,0,17.0,72.641,5.062,5.2,88.06
733,2,1,1,4,2,2,0,3,1,1,6,0,4,2,0,5,0,2,1,1,2,1,2,0,3,1,1,4,0,2,2,0,5,0,15.0,61.347,3.486,3.633,95.73
734,24,28,20,17,15,37,2,84,10,14,69,3,55,9,0,72,0,18,9,13,4,2,11,2,65,6,2,19,2,8,7,0,38,0,13.032,51.313,6.79,3.804,90.998
735,0,0,0,0,0,0,0,0,0,0,0,0,0,0,0,0,0,0,0,0,0,0,0,0,0,0,0,0,0,0,0,0,0,0,0.0,0.0,0.0,-15.59,206.835
736,0,0,0,0,0,0,0,0,0,0,0,0,0,0,0,0,0,0,0,0,0,0,0,0,0,0,0,0,0,0,0,0,0,0,0.0,0.0,0.0,-15.59,206.835
737,0,0,0,0,0,0,0,0,0,0,0,0,0,0,0,0,0,0,0,0,0,0,0,0,0,0,0,0,0,0,0,0,0,0,0.0,0.0,0.0,-15.59,206.835
738,10,5,3,8,4,5,0,12,0,2,10,1,12,1,0,9,1,9,4,3,2,2,4,0,10,0,1,7,1,6,1,0,8,1,17.75,71.528,4.783,6.623,79.196
739,0,4,2,2,1,1,0,5,3,0,4,3,6,0,1,4,0,0,4,2,2,1,1,0,5,3,0,3,3,4,0,1,3,0,14.5,50.017,3.939,3.493,95.849
740,14,20,9,10,4,12,0,22,4,1,29,1,22,2,2,18,3,14,11,7,2,1,5,0,20,4,1,11,1,6,2,1,16,2,12.417,46.831,5.967,3.349,93.166
741,6,9,11,8,5,10,0,19,3,2,9,12,14,0,2,15,1,6,8,11,4,2,3,0,17,3,2,6,10,3,0,1,14,1,18.333,64.4,5.933,7.758,72.094
742,1,0,0,2,1,0,0,0,0,2,1,1,3,0,0,1,0,1,0,0,2,1,0,0,0,0,1,1,1,3,0,0,1,0,4.5,20.5,2.357,0.587,98.868
743,5,4,4,5,1,3,2,5,1,3,12,1,7,3,0,7,0,5,4,4,2,1,3,2,5,1,2,7,1,3,3,0,7,0,8.0,31.399,4.725,2.28,92.965
744,1,9,5,6,6,6,0,28,15,4,12,63,88,1,8,11,13,1,6,5,3,3,2,0,20,12,2,7,57,8,1,1,10,1,13.692,24.139,7.208,6.986,69.364
745,5,6,1,1,3,3,1,6,0,3,9,0,6,0,0,10,0,5,5,1,1,1,3,1,6,0,1,5,0,3,0,0,10,0,9.6,38.028,4.082,0.692,107.204
746,4,12,5,14,3,4,0,20,8,4,24,3,16,5,0,20,11,4,8,4,3,1,4,0,17,8,2,8,3,6,3,0,13,2,17.375,64.851,5.218,5.024,89.992
747,22,29,22,26,14,16,0,41,8,18,47,2,35,10,1,46,2,19,14,20,5,3,7,0,35,7,3,11,2,5,6,1,29,1,21.571,88.012,6.307,6.264,88.574
748,0,0,0,0,0,0,0,0,0,0,0,0,0,0,0,0,0,0,0,0,0,0,0,0,0,0,0,0,0,0,0,0,0,0,0.0,0.0,0.0,-15.59,206.835
749,0,0,0,0,0,0,0,0,0,0,0,0,0,0,0,0,0,0,0,0,0,0,0,0,0,0,0,0,0,0,0,0,0,0,0.0,0.0,0.0,-15.59,206.835
750,1,3,0,1,0,1,0,2,1,0,1,1,3,0,0,1,0,1,3,0,1,0,1,0,2,1,0,1,1,3,0,0,1,0,6.0,18.247,3.062,1.5,94.995
751,6,12,6,12,8,4,0,19,4,3,20,1,11,2,0,14,2,5,6,5,5,4,2,0,14,4,2,12,1,3,2,0,13,2,11.3,49.499,5.188,5.525,75.578
752,0,0,0,0,0,0,0,0,0,0,0,0,0,0,0,0,0,0,0,0,0,0,0,0,0,0,0,0,0,0,0,0,0,0,0.0,0.0,0.0,-15.59,206.835
753,0,0,1,0,0,0,0,3,0,1,0,3,3,1,0,0,0,0,0,1,0,0,0,0,3,0,1,0,3,2,1,0,0,0,9.0,34.143,2.828,11.52,28.5
754,0,0,0,0,0,0,0,0,0,0,0,0,0,0,0,0,0,0,0,0,0,0,0,0,0,0,0,0,0,0,0,0,0,0,0.0,0.0,0.0,-15.59,206.835
755,0,0,0,1,2,1,0,3,0,0,3,0,3,1,0,3,0,0,0,0,1,2,1,0,3,0,0,3,0,3,1,0,3,0,14.0,64.726,3.213,5.041,83.854
756,2,2,1,3,0,2,0,3,0,1,7,2,4,0,0,2,1,2,2,1,2,0,2,0,3,0,1,6,2,3,0,0,2,1,8.667,29.114,3.744,0.498,106.931
757,1,4,3,2,3,3,0,8,0,1,16,2,8,2,0,12,2,1,4,3,2,3,2,0,7,0,1,8,2,4,2,0,11,2,11.8,42.321,4.603,5.012,80.146
758,0,0,0,0,0,0,0,0,0,0,0,0,0,0,0,0,0,0,0,0,0,0,0,0,0,0,0,0,0,0,0,0,0,0,0.0,0.0,0.0,-15.59,206.835
759,2,2,2,2,5,3,1,3,0,2,8,0,7,1,0,7,0,2,2,2,2,2,3,1,3,0,2,5,0,4,1,0,6,0,9.5,36.132,3.9,2.71,92.556
760,0,0,0,0,0,0,0,0,0,0,0,0,0,0,0,0,0,0,0,0,0,0,0,0,0,0,0,0,0,0,0,0,0,0,0.0,0.0,0.0,-15.59,206.835
761,37,52,42,45,16,33,1,82,4,36,121,7,66,11,1,90,37,30,16,29,11,3,7,1,52,3,3,18,7,10,5,1,50,2,13.622,48.272,6.683,2.562,100.956
762,26,32,37,31,20,26,1,48,8,11,73,3,36,7,0,49,7,22,12,29,8,3,7,1,29,4,3,18,3,7,6,0,29,1,13.069,51.697,6.066,2.272,102.05
763,0,3,0,1,0,1,0,5,3,0,4,5,14,0,2,4,3,0,2,0,1,0,1,0,4,3,0,2,5,4,0,1,4,1,7.75,17.872,4.064,4.181,78.891
764,1,0,5,4,1,1,0,4,0,0,9,0,3,2,0,7,1,1,0,4,4,1,1,0,4,0,0,6,0,2,2,0,7,1,9.0,33.542,3.889,1.031,103.7
765,1,2,1,1,1,2,0,3,0,0,1,2,2,0,0,2,0,1,2,1,1,1,2,0,3,0,0,1,2,2,0,0,2,0,8.0,23.631,3.182,3.755,82.39
766,0,0,0,0,0,0,0,0,0,0,0,0,0,0,0,0,0,0,0,0,0,0,0,0,0,0,0,0,0,0,0,0,0,0,0.0,0.0,0.0,-15.59,206.835
767,5,11,7,10,4,8,1,21,3,1,16,6,28,1,0,13,5,5,7,6,3,1,3,1,16,3,1,10,6,9,1,0,13,1,15.857,55.181,5.571,3.351,99.281
768,0,0,0,0,0,0,0,0,0,0,0,0,0,0,0,0,0,0,0,0,0,0,0,0,0,0,0,0,0,0,0,0,0,0,0.0,0.0,0.0,-15.59,206.835
769,0,0,0,0,0,0,0,0,0,0,0,0,0,0,0,0,0,0,0,0,0,0,0,0,0,0,0,0,0,0,0,0,0,0,0.0,0.0,0.0,-15.59,206.835
770,0,0,0,0,0,0,0,0,0,0,0,0,0,0,0,0,0,0,0,0,0,0,0,0,0,0,0,0,0,0,0,0,0,0,0.0,0.0,0.0,-15.59,206.835
771,12,24,13,15,5,20,1,29,9,8,26,8,24,4,1,31,4,12,13,10,6,3,7,1,22,3,2,8,7,6,4,1,25,1,29.857,109.665,6.261,9.605,79.382
772,0,0,0,0,0,0,0,0,0,0,0,0,0,0,0,0,0,0,0,0,0,0,0,0,0,0,0,0,0,0,0,0,0,0,0.0,0.0,0.0,-15.59,206.835
773,0,0,0,0,0,0,0,0,0,0,0,0,0,0,0,0,0,0,0,0,0,0,0,0,0,0,0,0,0,0,0,0,0,0,0.0,0.0,0.0,-15.59,206.835
774,2,8,8,5,8,7,0,15,1,3,17,0,9,1,0,15,2,2,7,6,3,2,5,0,14,1,2,6,0,2,1,0,11,1,30.667,122.864,4.644,10.735,72.717
775,3,17,7,8,4,10,0,21,2,5,28,2,10,2,0,23,0,3,11,4,5,1,4,0,16,2,2,7,1,3,2,0,18,0,14.667,58.241,4.677,5.327,82.994
776,0,0,0,0,0,0,0,0,0,0,0,0,0,0,0,0,0,0,0,0,0,0,0,0,0,0,0,0,0,0,0,0,0,0,0.0,0.0,0.0,-15.59,206.835
777,0,0,0,0,0,0,0,0,0,0,0,0,0,0,0,0,0,0,0,0,0,0,0,0,0,0,0,0,0,0,0,0,0,0,0.0,0.0,0.0,-15.59,206.835
778,0,0,0,0,0,0,0,0,0,0,0,0,0,0,0,0,0,0,0,0,0,0,0,0,0,0,0,0,0,0,0,0,0,0,0.0,0.0,0.0,-15.59,206.835
779,4,6,7,8,4,3,0,11,0,3,8,0,11,3,0,5,0,4,5,7,2,3,2,0,11,0,1,4,0,4,3,0,5,0,12.4,49.132,4.58,3.901,89.181
780,2,2,1,3,0,1,0,3,0,0,5,4,4,1,0,3,0,2,2,1,2,0,1,0,3,0,0,4,4,2,1,0,2,0,6.25,19.429,3.394,4.784,71.899
781,0,1,2,0,0,1,0,2,1,0,0,12,10,0,0,1,4,0,1,2,0,0,1,0,2,1,0,0,12,2,0,0,1,1,4.6,7.96,3.244,3.134,80.783
782,0,0,0,0,0,0,0,0,0,0,0,0,0,0,0,0,0,0,0,0,0,0,0,0,0,0,0,0,0,0,0,0,0,0,0.0,0.0,0.0,-15.59,206.835
783,0,0,0,0,0,0,0,0,0,0,0,0,0,0,0,0,0,0,0,0,0,0,0,0,0,0,0,0,0,0,0,0,0,0,0.0,0.0,0.0,-15.59,206.835
784,0,0,0,0,0,0,0,0,0,0,0,0,0,0,0,0,0,0,0,0,0,0,0,0,0,0,0,0,0,0,0,0,0,0,0.0,0.0,0.0,-15.59,206.835
785,0,0,0,0,0,0,0,0,0,0,0,0,0,0,0,0,0,0,0,0,0,0,0,0,0,0,0,0,0,0,0,0,0,0,0.0,0.0,0.0,-15.59,206.835
786,3,1,3,3,2,2,0,4,0,1,4,2,3,0,0,4,0,3,1,3,2,2,1,0,4,0,1,4,2,2,0,0,3,0,9.667,35.32,3.677,1.201,103.672
787,0,0,0,0,0,0,0,0,0,0,0,0,0,0,0,0,0,0,0,0,0,0,0,0,0,0,0,0,0,0,0,0,0,0,0.0,0.0,0.0,-15.59,206.835
788,0,0,0,0,0,0,0,0,0,0,0,0,0,0,0,0,0,0,0,0,0,0,0,0,0,0,0,0,0,0,0,0,0,0,0.0,0.0,0.0,-15.59,206.835
789,19,20,24,17,6,9,0,35,1,6,57,2,16,4,0,40,29,17,13,16,7,3,4,0,28,1,2,10,2,5,3,0,29,17,20.692,75.994,6.51,5.421,93.055
790,0,0,0,0,0,0,0,0,0,0,0,0,0,0,0,0,0,0,0,0,0,0,0,0,0,0,0,0,0,0,0,0,0,0,0.0,0.0,0.0,-15.59,206.835
791,0,0,0,0,0,0,0,0,0,0,0,0,0,0,0,0,0,0,0,0,0,0,0,0,0,0,0,0,0,0,0,0,0,0,0.0,0.0,0.0,-15.59,206.835
792,5,5,4,6,5,3,1,13,0,6,25,0,15,3,0,17,0,5,5,4,3,2,3,1,12,0,2,12,0,6,2,0,15,0,18.6,68.331,4.986,4.86,93.35
793,3,7,1,9,2,5,1,11,0,0,16,0,9,3,0,10,0,3,6,1,4,2,3,1,9,0,0,12,0,6,3,0,8,0,17.0,67.128,4.888,5.096,88.806
794,0,0,0,0,0,0,0,0,0,0,0,0,0,0,0,0,0,0,0,0,0,0,0,0,0,0,0,0,0,0,0,0,0,0,0.0,0.0,0.0,-15.59,206.835
795,0,0,0,0,0,0,0,0,0,0,0,0,0,0,0,0,0,0,0,0,0,0,0,0,0,0,0,0,0,0,0,0,0,0,0.0,0.0,0.0,-15.59,206.835
796,2,8,6,11,9,1,0,10,0,5,21,0,6,3,0,13,0,2,5,4,4,2,1,0,10,0,2,7,0,2,1,0,11,0,29.667,112.495,3.673,9.371,80.717
797,0,0,0,0,0,0,0,0,0,0,0,0,0,0,0,0,0,0,0,0,0,0,0,0,0,0,0,0,0,0,0,0,0,0,0.0,0.0,0.0,-15.59,206.835
798,3,4,3,4,1,1,1,4,0,0,5,0,3,0,0,3,0,3,4,3,3,1,1,1,4,0,0,3,0,2,0,0,3,0,7.25,29.667,3.677,3.513,82.787
799,0,0,0,0,0,0,0,0,0,0,0,0,0,0,0,0,0,0,0,0,0,0,0,0,0,0,0,0,0,0,0,0,0,0,0.0,0.0,0.0,-15.59,206.835
800,2,3,2,2,1,3,0,4,1,1,6,1,10,1,3,7,1,2,3,2,2,1,3,0,4,1,1,3,1,4,1,2,7,1,12.0,42.397,4.478,3.512,91.255
801,4,10,4,10,6,4,0,11,0,6,27,2,7,4,0,20,2,4,4,4,5,2,3,0,9,0,2,7,2,5,3,0,13,1,15.714,59.974,4.18,2.017,108.592
802,7,14,6,11,7,13,0,26,2,3,18,7,5,5,0,22,6,6,7,6,5,2,4,0,18,2,1,5,3,1,4,0,15,3,29.4,116.452,4.666,10.646,71.1
803,0,0,0,0,0,0,0,0,0,0,0,0,0,0,0,0,0,0,0,0,0,0,0,0,0,0,0,0,0,0,0,0,0,0,0.0,0.0,0.0,-15.59,206.835
804,18,18,23,26,12,14,0,49,1,7,33,8,47,4,1,31,0,16,9,20,7,4,3,0,33,1,2,11,6,7,3,1,27,0,30.125,116.952,6.468,10.945,70.245
805,7,14,6,11,7,13,0,26,2,3,18,7,5,5,0,22,6,6,7,6,5,2,4,0,18,2,1,5,3,1,4,0,15,3,29.4,116.452,4.666,10.646,71.1
806,0,0,0,0,0,0,0,0,0,0,0,0,0,0,0,0,0,0,0,0,0,0,0,0,0,0,0,0,0,0,0,0,0,0,0.0,0.0,0.0,-15.59,206.835
807,0,0,0,0,0,0,0,0,0,0,0,0,0,0,0,0,0,0,0,0,0,0,0,0,0,0,0,0,0,0,0,0,0,0,0.0,0.0,0.0,-15.59,206.835
808,3,1,0,3,2,2,0,7,2,2,2,11,6,1,0,2,7,3,1,0,3,1,2,0,7,2,2,2,11,5,1,0,2,2,15.0,46.75,4.427,5.207,84.45
809,0,2,4,6,1,0,0,4,2,2,9,2,6,3,0,4,0,0,1,4,4,1,0,0,4,2,1,5,2,4,3,0,3,0,13.0,42.389,3.51,4.003,89.517
810,2,2,0,3,1,1,0,7,0,0,4,0,3,1,0,4,1,2,2,0,2,1,1,0,7,0,0,4,0,2,1,0,4,1,12.5,51.657,3.677,2.973,96.012
811,0,0,0,0,0,0,0,0,0,0,0,0,0,0,0,0,0,0,0,0,0,0,0,0,0,0,0,0,0,0,0,0,0,0,0.0,0.0,0.0,-15.59,206.835
812,0,0,0,0,0,0,0,0,0,0,0,0,0,0,0,0,0,0,0,0,0,0,0,0,0,0,0,0,0,0,0,0,0,0,0.0,0.0,0.0,-15.59,206.835
813,0,0,0,0,0,0,0,0,0,0,0,0,0,0,0,0,0,0,0,0,0,0,0,0,0,0,0,0,0,0,0,0,0,0,0.0,0.0,0.0,-15.59,206.835
814,5,3,3,7,1,1,0,6,0,0,6,2,4,2,0,2,0,5,2,3,4,1,1,0,5,0,0,4,2,2,2,0,2,0,12.667,45.57,3.671,3.634,91.568
815,4,7,7,4,4,11,0,14,1,1,12,1,12,1,0,8,0,3,7,7,2,1,4,0,12,1,1,8,1,7,1,0,6,0,18.75,68.185,4.981,5.568,88.54
816,47,91,33,67,27,60,0,118,9,36,156,20,93,23,0,123,10,29,22,28,9,3,8,0,63,6,3,26,13,6,10,0,64,1,18.222,72.22,6.667,5.015,91.565
817,0,0,0,0,0,0,0,0,0,0,0,0,0,0,0,0,0,0,0,0,0,0,0,0,0,0,0,0,0,0,0,0,0,0,0.0,0.0,0.0,-15.59,206.835
818,11,15,10,13,7,11,1,20,4,1,25,1,30,4,0,16,5,10,10,9,3,3,5,1,16,3,1,15,1,3,4,0,11,2,14.1,55.706,5.419,4.22,89.924
819,0,0,0,0,0,0,0,0,0,0,0,0,0,0,0,0,0,0,0,0,0,0,0,0,0,0,0,0,0,0,0,0,0,0,0.0,0.0,0.0,-15.59,206.835
820,13,16,14,13,4,9,0,22,1,6,30,0,19,6,1,19,3,10,9,11,5,1,4,0,16,1,2,14,0,5,4,1,17,2,15.6,60.681,5.605,3.807,95.555
821,0,0,0,0,0,0,0,0,0,0,0,0,0,0,0,0,0,0,0,0,0,0,0,0,0,0,0,0,0,0,0,0,0,0,0.0,0.0,0.0,-15.59,206.835
822,0,0,0,0,0,0,0,0,0,0,0,0,0,0,0,0,0,0,0,0,0,0,0,0,0,0,0,0,0,0,0,0,0,0,0.0,0.0,0.0,-15.59,206.835
823,3,5,4,9,3,4,1,4,0,4,14,1,8,3,0,7,2,3,5,4,2,2,3,1,4,0,2,7,1,4,2,0,5,1,12.8,54.476,3.889,3.968,89.415
824,0,0,0,0,0,0,0,0,0,0,0,0,0,0,0,0,0,0,0,0,0,0,0,0,0,0,0,0,0,0,0,0,0,0,0.0,0.0,0.0,-15.59,206.835
825,13,10,9,11,6,19,0,35,4,3,20,3,31,3,2,23,10,11,7,9,4,3,8,0,27,3,2,8,3,8,3,1,17,3,16.1,58.212,6.074,4.761,89.604
826,2,2,0,2,1,1,1,4,0,1,7,0,5,0,0,5,0,2,2,0,2,1,1,1,4,0,1,6,0,2,0,0,4,0,26.0,106.85,3.467,6.35,95.845
827,0,0,0,0,0,0,0,0,0,0,0,0,0,0,0,0,0,0,0,0,0,0,0,0,0,0,0,0,0,0,0,0,0,0,0.0,0.0,0.0,-15.59,206.835
828,0,0,0,0,0,0,0,0,0,0,0,0,0,0,0,0,0,0,0,0,0,0,0,0,0,0,0,0,0,0,0,0,0,0,0.0,0.0,0.0,-15.59,206.835
829,3,3,6,3,4,2,0,2,0,3,8,1,7,1,0,6,1,3,2,5,2,3,2,0,2,0,2,5,1,4,1,0,6,1,21.0,83.367,4.146,6.367,86.82
830,0,0,0,0,0,0,0,0,0,0,0,0,0,0,0,0,0,0,0,0,0,0,0,0,0,0,0,0,0,0,0,0,0,0,0.0,0.0,0.0,-15.59,206.835
831,9,14,17,21,14,12,4,23,4,13,38,1,12,3,0,26,3,8,11,13,7,2,6,3,19,4,2,7,1,4,3,0,19,3,13.467,48.68,5.323,1.988,104.797
832,13,18,15,12,8,13,0,26,0,7,33,1,27,3,2,29,2,12,12,13,4,4,6,0,20,0,2,14,1,9,3,1,26,1,16.545,68.578,6.237,7.461,71.044
833,0,0,0,0,0,0,0,1,0,0,0,0,0,0,0,0,0,0,0,0,0,0,0,0,1,0,0,0,0,0,0,0,0,0,1.0,0.0,0.707,-3.4,121.22
834,1,0,1,1,0,0,2,0,0,0,3,0,1,0,0,3,0,1,0,1,1,0,0,2,0,0,0,3,0,1,0,0,3,0,11.0,45.364,2.558,1.573,103.379
835,0,0,0,0,0,0,0,0,0,0,0,0,0,0,0,0,0,0,0,0,0,0,0,0,0,0,0,0,0,0,0,0,0,0,0.0,0.0,0.0,-15.59,206.835
836,0,0,0,0,0,0,0,0,0,0,0,0,0,0,0,0,0,0,0,0,0,0,0,0,0,0,0,0,0,0,0,0,0,0,0.0,0.0,0.0,-15.59,206.835
837,0,0,0,0,0,0,0,0,0,0,0,0,0,0,0,0,0,0,0,0,0,0,0,0,0,0,0,0,0,0,0,0,0,0,0.0,0.0,0.0,-15.59,206.835
838,20,47,29,31,18,39,0,78,10,16,82,19,68,14,0,75,53,19,16,22,8,4,7,0,59,9,2,12,16,6,9,0,49,3,24.182,83.358,6.928,6.528,91.33
839,1,3,1,2,1,1,0,4,0,1,5,0,3,1,1,6,0,1,2,1,1,1,1,0,4,0,1,3,0,1,1,1,6,0,13.0,54.921,3.19,9.903,47.217
840,0,0,0,0,0,0,0,0,0,0,0,0,0,0,0,0,0,0,0,0,0,0,0,0,0,0,0,0,0,0,0,0,0,0,0.0,0.0,0.0,-15.59,206.835
841,1,4,3,5,2,5,0,7,0,1,6,2,4,1,0,7,0,1,3,3,3,1,2,0,5,0,1,4,1,2,1,0,7,0,11.0,44.488,3.624,5.059,78.384
842,0,0,0,0,0,0,0,0,0,0,0,0,0,0,0,0,0,0,0,0,0,0,0,0,0,0,0,0,0,0,0,0,0,0,0.0,0.0,0.0,-15.59,206.835
843,0,0,1,0,0,0,0,0,0,1,1,0,0,0,0,1,0,0,0,1,0,0,0,0,0,0,1,1,0,0,0,0,1,0,4.0,18.0,1.414,-2.23,118.175
844,0,0,0,0,0,0,0,0,0,0,0,0,0,0,0,0,0,0,0,0,0,0,0,0,0,0,0,0,0,0,0,0,0,0,0.0,0.0,0.0,-15.59,206.835
845,0,0,0,0,0,0,0,0,0,0,0,0,0,0,0,0,0,0,0,0,0,0,0,0,0,0,0,0,0,0,0,0,0,0,0.0,0.0,0.0,-15.59,206.835
846,11,3,11,12,6,3,2,14,3,2,22,0,22,1,0,18,6,10,2,10,5,2,2,2,11,3,1,6,0,6,1,0,16,2,12.444,46.174,5.078,3.065,95.252
847,0,0,0,0,0,0,0,0,0,0,0,0,0,0,0,0,0,0,0,0,0,0,0,0,0,0,0,0,0,0,0,0,0,0,0.0,0.0,0.0,-15.59,206.835
848,1,4,2,4,5,6,2,10,0,2,3,5,7,1,0,8,3,1,2,2,2,2,2,2,10,0,2,1,5,4,1,0,7,2,18.667,66.533,3.969,5.176,91.203
849,2,5,2,2,0,2,0,6,0,2,6,0,3,2,0,4,0,2,4,2,1,0,2,0,6,0,1,5,0,2,2,0,4,0,16.5,65.225,3.57,5.863,82.415
850,4,9,14,8,4,8,0,11,0,3,18,1,17,4,1,17,0,4,6,13,4,3,5,0,10,0,2,7,1,6,4,1,16,0,12.625,49.575,5.418,4.405,85.967
851,3,3,2,4,2,1,0,4,0,1,7,0,4,0,0,5,0,3,2,2,2,1,1,0,4,0,1,3,0,4,0,0,5,0,10.667,29.39,3.375,2.214,98.19
852,2,0,0,1,0,0,0,1,0,0,2,0,6,1,0,0,0,2,0,0,1,0,0,0,1,0,0,2,0,3,1,0,0,0,1.75,5.638,2.673,-3.107,120.459
853,1,5,4,5,2,3,1,8,2,1,8,1,9,1,0,5,1,1,3,4,2,1,2,1,7,2,1,5,1,5,1,0,4,1,12.25,42.885,4.243,1.71,104.622
854,0,5,11,11,3,5,1,6,1,3,22,0,12,5,0,14,0,0,4,9,4,1,3,1,5,1,2,9,0,4,5,0,14,0,9.667,36.931,4.549,2.693,92.975
855,6,9,11,6,5,6,0,21,1,5,13,1,26,2,3,13,1,6,7,8,5,2,3,0,21,1,3,5,1,6,2,2,13,1,25.25,99.187,5.84,8.044,82.367
856,0,1,0,0,1,0,0,0,0,1,5,0,1,1,0,4,0,0,1,0,0,1,0,0,0,0,1,4,0,1,1,0,4,0,13.0,42.631,2.55,3.095,96.025
857,3,7,2,9,4,5,1,8,0,0,17,0,10,3,0,9,0,3,6,2,3,2,2,1,8,0,0,7,0,2,3,0,8,0,11.333,46.249,3.859,2.192,99.535
858,0,0,0,0,0,0,0,3,0,0,0,1,0,0,0,0,4,0,0,0,0,0,0,0,3,0,0,0,1,0,0,0,0,3,8.0,0.0,1.75,64.23,-351.185
859,0,0,0,0,0,0,0,0,0,0,0,0,0,0,0,0,0,0,0,0,0,0,0,0,0,0,0,0,0,0,0,0,0,0,0.0,0.0,0.0,-15.59,206.835
860,39,55,44,49,25,39,3,114,16,27,110,12,104,13,1,74,7,28,18,30,8,4,6,1,58,9,3,21,10,10,10,1,37,4,15.65,59.43,6.783,2.822,102.701
861,0,0,0,0,0,0,0,0,0,0,0,0,0,0,0,0,0,0,0,0,0,0,0,0,0,0,0,0,0,0,0,0,0,0,0.0,0.0,0.0,-15.59,206.835
862,0,0,0,0,0,0,0,0,0,0,0,0,0,0,0,0,0,0,0,0,0,0,0,0,0,0,0,0,0,0,0,0,0,0,0.0,0.0,0.0,-15.59,206.835
863,0,0,0,0,0,0,0,0,0,0,0,0,0,0,0,0,0,0,0,0,0,0,0,0,0,0,0,0,0,0,0,0,0,0,0.0,0.0,0.0,-15.59,206.835
864,0,0,0,0,0,0,0,0,0,0,0,0,0,0,0,0,0,0,0,0,0,0,0,0,0,0,0,0,0,0,0,0,0,0,0.0,0.0,0.0,-15.59,206.835
865,0,0,0,0,0,0,0,0,0,0,0,0,0,0,0,0,0,0,0,0,0,0,0,0,0,0,0,0,0,0,0,0,0,0,0.0,0.0,0.0,-15.59,206.835
866,1,0,3,0,0,1,0,1,0,1,2,0,1,0,0,1,0,1,0,3,0,0,1,0,1,0,1,2,0,1,0,0,1,0,10.0,52.876,2.46,3.65,86.705
867,7,9,17,10,9,4,0,9,2,7,25,4,17,4,0,13,3,5,7,12,3,2,3,0,7,2,2,9,4,2,4,0,11,2,24.6,87.057,4.527,6.955,89.012
868,3,5,6,6,2,3,0,6,0,2,13,0,9,7,1,10,1,3,5,6,4,2,1,0,5,0,1,5,0,4,4,1,7,1,10.667,47.363,4.154,1.661,102.155
869,10,14,17,10,6,12,1,28,2,1,17,21,31,1,0,21,5,9,10,10,3,1,3,1,24,2,1,8,14,7,1,0,16,1,18.444,62.127,5.872,4.256,97.398
870,1,2,1,4,2,2,0,5,0,1,3,0,2,1,0,5,0,1,2,1,4,2,2,0,5,0,1,2,0,2,1,0,5,0,13.5,54.101,3.81,5.408,80.333
871,8,13,4,11,3,6,1,24,4,3,23,3,19,4,0,12,0,7,8,4,5,2,2,1,23,4,1,8,3,5,2,0,11,0,17.0,59.199,5.315,5.517,85.785
872,30,44,34,38,16,31,1,77,2,25,104,18,89,19,1,71,14,21,17,26,5,3,6,1,40,2,3,19,18,9,9,1,43,1,13.973,49.827,6.655,4.649,86.616
873,6,11,13,13,5,14,0,17,0,4,20,0,19,6,0,16,2,6,6,13,5,2,4,0,13,0,2,6,0,7,5,0,13,2,21.167,87.661,5.02,5.022,96.754
874,2,1,0,2,0,2,0,2,0,0,2,0,2,1,0,1,0,2,1,0,1,0,2,0,2,0,0,1,0,2,1,0,1,0,13.0,44.179,2.55,4.911,83.009
875,3,5,8,6,6,4,0,7,0,5,16,0,5,2,0,15,2,3,5,8,3,3,2,0,6,0,2,9,0,2,2,0,9,1,19.75,75.773,4.137,6.601,82.913
876,1,0,1,2,0,0,0,0,1,0,4,0,1,0,0,1,0,1,0,1,1,0,0,0,0,1,0,3,0,1,0,0,1,0,10.0,28.333,2.012,6.01,69.785
877,29,35,11,15,11,24,1,83,3,6,17,7,35,9,0,43,13,23,13,9,7,5,5,1,62,3,3,9,7,7,4,0,29,2,17.056,70.844,7.264,10.203,52.29
878,12,23,21,30,10,12,0,32,5,10,41,0,28,9,0,35,2,11,14,20,5,3,5,0,24,1,2,10,0,5,6,0,26,1,16.133,64.295,5.682,3.575,98.169
879,0,0,0,0,0,0,0,0,0,0,0,0,0,0,0,0,0,0,0,0,0,0,0,0,0,0,0,0,0,0,0,0,0,0,0.0,0.0,0.0,-15.59,206.835
880,3,6,2,6,0,4,0,8,0,4,7,2,5,2,0,7,1,3,5,2,3,0,3,0,8,0,2,3,2,4,1,0,6,1,13.0,50.206,3.922,3.095,96.025
881,0,0,0,0,0,0,0,0,0,0,0,0,0,0,0,0,0,0,0,0,0,0,0,0,0,0,0,0,0,0,0,0,0,0,0.0,0.0,0.0,-15.59,206.835
882,0,0,0,0,0,0,0,0,0,0,0,0,0,0,0,0,0,0,0,0,0,0,0,0,0,0,0,0,0,0,0,0,0,0,0.0,0.0,0.0,-15.59,206.835
883,0,0,0,0,0,0,0,0,0,0,0,0,0,0,0,0,0,0,0,0,0,0,0,0,0,0,0,0,0,0,0,0,0,0,0.0,0.0,0.0,-15.59,206.835
884,0,6,1,0,1,3,0,4,0,2,7,3,5,0,0,5,0,0,5,1,0,1,1,0,4,0,2,6,2,4,0,0,5,0,16.0,64.353,3.875,3.925,95.42
885,0,0,0,0,0,0,0,0,0,0,0,0,0,0,0,0,0,0,0,0,0,0,0,0,0,0,0,0,0,0,0,0,0,0,0.0,0.0,0.0,-15.59,206.835
886,0,0,0,0,0,0,0,0,0,0,0,0,0,0,0,0,0,0,0,0,0,0,0,0,0,0,0,0,0,0,0,0,0,0,0.0,0.0,0.0,-15.59,206.835
887,2,5,1,3,2,1,0,4,2,0,7,0,5,0,0,4,0,2,4,1,1,2,1,0,3,1,0,5,0,3,0,0,4,0,7.75,25.247,3.429,1.516,97.995
888,0,0,0,0,0,0,0,0,0,0,0,0,0,0,0,0,0,0,0,0,0,0,0,0,0,0,0,0,0,0,0,0,0,0,0.0,0.0,0.0,-15.59,206.835
889,1,0,0,1,0,0,0,6,0,1,2,0,5,0,0,3,1,1,0,0,1,0,0,0,6,0,1,1,0,3,0,0,3,1,5.0,18.361,3.104,2.093,88.96
890,0,0,0,0,0,0,0,0,0,0,0,0,0,0,0,0,0,0,0,0,0,0,0,0,0,0,0,0,0,0,0,0,0,0,0.0,0.0,0.0,-15.59,206.835
891,4,9,5,6,3,6,1,11,2,2,21,1,12,2,0,14,1,4,8,4,4,1,3,1,10,1,2,9,1,5,2,0,13,1,14.667,56.704,5.05,2.735,101.58
892,10,11,10,9,2,3,0,10,1,4,24,1,13,3,0,15,0,9,8,8,4,2,1,0,7,1,2,8,1,6,3,0,15,0,20.6,68.902,4.947,6.192,87.363
893,0,0,0,0,0,0,0,0,0,0,0,0,0,0,0,0,0,0,0,0,0,0,0,0,0,0,0,0,0,0,0,0,0,0,0.0,0.0,0.0,-15.59,206.835
894,2,3,4,2,1,1,0,8,3,4,6,6,21,2,1,13,6,2,2,3,2,1,1,0,7,3,1,4,6,6,1,1,13,2,10.167,30.291,4.708,3.464,88.339
895,0,0,0,0,0,0,0,0,0,0,0,0,0,0,0,0,0,0,0,0,0,0,0,0,0,0,0,0,0,0,0,0,0,0,0.0,0.0,0.0,-15.59,206.835
896,0,2,1,6,2,2,0,5,3,3,8,9,11,1,0,7,2,0,2,1,3,2,2,0,4,2,2,4,5,2,1,0,6,2,12.75,41.198,3.664,4.19,87.729
897,19,22,22,24,10,16,0,24,3,6,49,0,23,10,0,27,3,18,14,14,6,3,5,0,18,3,2,11,0,7,7,0,17,1,23.5,84.171,5.397,6.178,92.623
898,3,1,1,2,9,2,0,11,0,0,3,12,35,0,0,2,9,3,1,1,2,1,2,0,11,0,0,3,5,6,0,0,2,2,23.0,54.517,4.066,2.358,119.12
899,0,0,0,0,0,0,0,0,0,0,0,0,0,0,0,0,0,0,0,0,0,0,0,0,0,0,0,0,0,0,0,0,0,0,0.0,0.0,0.0,-15.59,206.835
900,0,0,1,0,0,1,0,4,0,0,1,0,0,1,0,0,0,0,0,1,0,0,1,0,4,0,0,1,0,0,1,0,0,0,8.0,43.333,2.0,3.755,82.39
901,18,19,17,18,11,8,0,22,0,7,45,2,34,3,1,24,6,14,12,11,4,3,4,0,20,0,2,16,2,6,3,1,21,2,13.333,51.83,5.65,3.003,97.281
902,19,30,9,21,11,20,0,46,11,9,37,11,25,12,0,30,4,18,12,8,5,3,4,0,28,7,2,8,9,8,9,0,19,1,30.0,116.015,5.551,10.314,74.552
903,25,22,11,13,7,15,0,42,0,6,35,2,35,6,0,29,8,20,10,11,5,2,4,0,40,0,2,13,1,6,5,0,24,3,10.136,45.954,6.819,7.571,58.834
904,0,0,0,0,0,0,0,0,0,0,0,0,0,0,0,0,0,0,0,0,0,0,0,0,0,0,0,0,0,0,0,0,0,0,0.0,0.0,0.0,-15.59,206.835
905,2,1,0,1,1,1,0,2,0,0,1,0,3,0,1,0,0,2,1,0,1,1,1,0,2,0,0,1,0,1,0,1,0,0,4.5,18.5,2.593,-3.346,127.068
906,4,6,4,4,1,6,1,8,1,2,6,1,6,3,0,9,1,4,4,2,3,1,4,1,8,1,2,3,1,2,2,0,8,1,14.25,56.485,4.215,5.494,81.055
907,24,21,11,10,8,16,0,45,0,6,30,2,38,7,0,27,17,19,9,11,3,2,4,0,43,0,2,12,1,7,5,0,23,7,10.619,46.495,6.724,7.072,63.276
908,0,0,0,0,0,0,0,0,0,0,0,0,0,0,0,0,0,0,0,0,0,0,0,0,0,0,0,0,0,0,0,0,0,0,0.0,0.0,0.0,-15.59,206.835
909,1,3,1,4,1,1,0,7,0,4,13,0,5,2,0,10,0,1,3,1,2,1,1,0,6,0,1,5,0,3,2,0,8,0,15.667,57.565,3.404,2.822,102.733
910,4,17,6,8,4,8,0,18,0,5,23,3,18,0,0,17,5,4,10,6,5,2,4,0,17,0,3,10,2,5,0,0,14,2,14.75,52.559,5.273,4.062,92.208
911,0,0,0,0,0,0,0,0,0,0,0,0,0,0,0,0,0,0,0,0,0,0,0,0,0,0,0,0,0,0,0,0,0,0,0.0,0.0,0.0,-15.59,206.835
912,6,6,12,17,1,11,0,12,5,1,20,1,17,5,1,17,1,6,3,10,7,1,5,0,10,4,1,6,1,3,3,1,14,1,11.5,46.853,4.813,1.516,104.677
913,1,3,0,2,0,1,0,4,0,0,2,0,2,1,0,2,0,1,3,0,1,0,1,0,3,0,0,2,0,1,1,0,2,0,8.0,30.529,2.652,0.068,108.828
914,2,1,0,2,1,2,0,2,0,1,5,1,4,0,0,5,0,2,1,0,2,1,1,0,2,0,1,4,1,3,0,0,4,0,11.0,48.202,3.317,1.036,107.225
915,3,4,3,4,1,2,2,9,1,4,10,0,5,1,0,7,0,3,4,3,2,1,2,2,9,1,2,5,0,2,1,0,6,0,12.75,54.344,4.159,4.653,84.411
916,6,8,7,8,5,4,0,11,0,2,15,3,12,3,0,10,2,4,6,7,3,2,2,0,11,0,2,5,3,4,3,0,9,1,21.0,77.506,4.706,3.698,105.956
917,13,19,19,30,15,10,1,23,0,8,54,7,28,16,0,50,7,11,10,15,7,3,3,1,14,0,2,13,1,6,3,0,34,2,18.133,73.212,5.059,5.451,88.278
918,0,0,0,0,0,0,0,0,0,0,0,0,0,0,0,0,0,0,0,0,0,0,0,0,0,0,0,0,0,0,0,0,0,0,0.0,0.0,0.0,-15.59,206.835
919,0,0,0,0,0,0,0,0,0,0,0,0,0,0,0,0,0,0,0,0,0,0,0,0,0,0,0,0,0,0,0,0,0,0,0.0,0.0,0.0,-15.59,206.835
920,0,0,0,0,0,0,0,0,0,0,0,0,0,0,0,0,0,0,0,0,0,0,0,0,0,0,0,0,0,0,0,0,0,0,0.0,0.0,0.0,-15.59,206.835
921,3,12,3,12,4,10,0,17,2,6,34,2,22,3,0,23,4,3,8,3,6,3,3,0,16,2,2,9,1,7,1,0,15,2,10.385,40.597,4.625,0.697,108.561
922,2,1,0,2,0,0,0,3,0,0,3,2,4,2,1,0,1,2,1,0,1,0,0,0,3,0,0,3,2,2,2,1,0,1,16.0,54.5,3.182,7.613,68.983
923,3,9,4,8,4,4,0,8,0,1,10,1,8,0,0,4,1,3,6,4,3,2,2,0,7,0,1,5,1,3,0,0,4,1,7.125,27.2,3.934,-0.804,113.519
924,0,0,0,0,0,0,0,0,0,0,0,0,0,0,0,0,0,0,0,0,0,0,0,0,0,0,0,0,0,0,0,0,0,0,0.0,0.0,0.0,-15.59,206.835
925,0,0,0,0,0,0,0,0,0,0,0,0,0,0,0,0,0,0,0,0,0,0,0,0,0,0,0,0,0,0,0,0,0,0,0.0,0.0,0.0,-15.59,206.835
926,3,6,6,9,6,7,0,15,0,5,14,3,12,2,1,16,3,3,3,6,6,2,4,0,13,0,2,4,3,5,2,1,16,1,13.571,49.961,5.006,4.36,87.978
927,0,0,0,0,0,0,0,0,0,0,0,0,0,0,0,0,0,0,0,0,0,0,0,0,0,0,0,0,0,0,0,0,0,0,0.0,0.0,0.0,-15.59,206.835
928,0,0,0,0,0,0,0,0,0,0,0,0,0,0,0,0,0,0,0,0,0,0,0,0,0,0,0,0,0,0,0,0,0,0,0.0,0.0,0.0,-15.59,206.835
929,0,0,0,0,0,0,0,0,0,0,0,0,0,0,0,0,0,0,0,0,0,0,0,0,0,0,0,0,0,0,0,0,0,0,0.0,0.0,0.0,-15.59,206.835
930,0,0,0,0,0,0,0,0,0,0,0,0,0,0,0,0,0,0,0,0,0,0,0,0,0,0,0,0,0,0,0,0,0,0,0.0,0.0,0.0,-15.59,206.835
931,11,17,15,19,7,19,1,28,1,5,28,13,42,4,1,25,7,9,10,12,3,3,7,1,25,1,2,10,9,9,3,1,21,2,16.667,59.258,6.05,5.129,87.975
932,5,6,3,5,3,1,0,8,5,1,11,6,13,0,0,4,4,5,3,3,2,2,1,0,8,5,1,7,6,4,0,0,3,1,15.5,46.831,4.49,3.016,101.044
933,4,7,2,4,1,4,0,8,0,4,7,3,3,2,0,6,0,4,6,2,3,1,3,0,7,0,2,5,3,2,2,0,5,0,17.333,75.593,4.216,5.239,88.372
934,18,12,20,24,19,21,0,39,5,7,46,0,14,8,0,30,4,18,6,18,5,4,6,0,35,5,3,17,0,5,6,0,23,1,19.462,74.245,6.49,5.806,88.103
935,2,2,1,2,0,2,0,5,1,1,3,0,5,0,0,4,0,1,2,1,1,0,2,0,4,1,1,2,0,4,0,0,4,0,5.75,20.331,3.391,-1.547,116.399
936,10,17,7,10,5,12,0,20,1,0,25,5,20,2,1,18,1,10,12,7,2,3,3,0,17,1,0,9,5,5,2,1,13,1,22.167,84.018,5.334,5.742,93.375
937,18,21,19,18,7,19,1,49,5,5,13,3,26,11,0,17,9,9,11,16,1,3,3,1,30,4,2,6,2,3,5,0,15,4,15.0,57.041,5.319,9.365,54.639
938,23,27,24,27,11,19,3,47,3,15,68,10,53,11,0,42,7,16,13,18,5,3,5,3,33,3,3,15,4,11,6,0,32,3,14.652,55.2,6.317,2.905,100.334
939,3,1,1,2,1,1,0,4,0,1,4,0,5,0,0,1,0,3,1,1,1,1,1,0,4,0,1,3,0,3,0,0,1,0,9.5,41.667,3.244,6.126,68.066
940,2,5,2,1,0,1,0,5,0,0,1,0,2,0,0,1,0,2,5,2,1,0,1,0,5,0,0,1,0,2,0,0,1,0,9.0,29.723,3.333,4.309,80.2
941,18,18,12,15,8,12,0,40,1,11,28,1,28,5,0,26,9,13,11,9,4,2,3,0,31,1,2,12,1,6,5,0,18,2,17.083,68.527,5.581,6.384,79.722
942,0,0,0,0,0,0,0,1,0,0,0,0,1,0,1,0,0,0,0,0,0,0,0,0,1,0,0,0,0,1,0,1,0,0,2.0,0.0,1.5,20.59,-48.995
943,0,0,0,0,0,0,0,0,0,0,0,0,0,0,0,0,0,0,0,0,0,0,0,0,0,0,0,0,0,0,0,0,0,0,0.0,0.0,0.0,-15.59,206.835
944,3,0,2,4,0,0,0,3,2,0,6,0,5,1,0,5,1,3,0,2,1,0,0,0,2,2,0,4,0,3,1,0,5,1,9.0,29.12,3.266,4.964,75.5
945,0,0,0,0,0,0,0,0,0,0,0,0,0,0,0,0,0,0,0,0,0,0,0,0,0,0,0,0,0,0,0,0,0,0,0.0,0.0,0.0,-15.59,206.835
946,0,0,0,0,0,0,0,0,0,0,0,0,0,0,0,0,0,0,0,0,0,0,0,0,0,0,0,0,0,0,0,0,0,0,0.0,0.0,0.0,-15.59,206.835
947,1,5,1,6,5,3,1,6,0,2,13,0,5,2,0,11,0,1,4,1,3,2,2,1,5,0,2,4,0,1,2,0,9,0,9.333,35.364,3.307,-1.625,123.337
948,1,4,3,3,2,3,0,9,0,1,7,5,9,1,0,5,8,1,4,3,2,1,1,0,9,0,1,7,4,4,1,0,5,2,10.4,35.665,4.315,1.401,103.544
949,0,0,1,1,0,1,0,1,0,0,2,1,1,1,0,0,1,0,0,1,1,0,1,0,1,0,0,2,1,2,1,0,0,1,10.0,26.833,2.46,2.47,95.165
950,11,24,11,15,9,15,0,40,2,2,19,12,27,2,0,15,8,10,13,10,4,3,5,0,35,2,2,10,12,6,2,0,15,2,20.556,75.364,6.758,7.033,81.25
951,2,8,4,3,3,8,0,15,1,1,13,1,8,3,0,14,3,2,5,3,1,2,5,0,13,1,1,8,1,4,2,0,12,1,26.0,108.984,4.804,7.258,89.337
952,0,0,0,0,0,0,0,0,0,0,0,0,0,0,0,0,0,0,0,0,0,0,0,0,0,0,0,0,0,0,0,0,0,0,0.0,0.0,0.0,-15.59,206.835
953,3,8,1,6,2,6,0,10,0,5,15,0,7,1,0,13,0,3,7,1,3,2,2,0,9,0,2,7,0,3,1,0,10,0,11.667,45.907,4.057,1.771,103.142
954,0,0,0,0,0,0,0,0,0,0,0,0,0,0,0,0,0,0,0,0,0,0,0,0,0,0,0,0,0,0,0,0,0,0,0.0,0.0,0.0,-15.59,206.835
955,0,0,0,0,0,0,0,0,0,0,0,0,0,0,0,0,0,0,0,0,0,0,0,0,0,0,0,0,0,0,0,0,0,0,0.0,0.0,0.0,-15.59,206.835
956,0,0,0,0,0,0,0,0,0,0,0,0,0,0,0,0,0,0,0,0,0,0,0,0,0,0,0,0,0,0,0,0,0,0,0.0,0.0,0.0,-15.59,206.835
957,0,0,0,0,0,0,0,0,0,0,0,0,0,0,0,0,0,0,0,0,0,0,0,0,0,0,0,0,0,0,0,0,0,0,0.0,0.0,0.0,-15.59,206.835
958,0,0,0,0,0,0,0,0,0,0,0,0,0,0,0,0,0,0,0,0,0,0,0,0,0,0,0,0,0,0,0,0,0,0,0.0,0.0,0.0,-15.59,206.835
959,0,0,0,0,0,0,0,0,0,0,0,0,0,0,0,0,0,0,0,0,0,0,0,0,0,0,0,0,0,0,0,0,0,0,0.0,0.0,0.0,-15.59,206.835
960,11,9,4,7,3,7,0,19,0,5,10,0,15,3,0,11,1,10,5,4,3,3,4,0,13,0,3,6,0,6,3,0,8,1,18.0,83.794,4.994,7.294,74.825
961,0,0,0,0,0,0,0,0,0,0,0,0,0,0,0,0,0,0,0,0,0,0,0,0,0,0,0,0,0,0,0,0,0,0,0.0,0.0,0.0,-15.59,206.835
962,1,1,0,0,1,0,0,3,0,2,1,4,2,0,0,3,1,1,1,0,0,1,0,0,3,0,2,1,4,1,0,0,3,1,8.5,20.81,3.087,3.69,83.749
963,0,0,0,0,0,0,0,0,0,0,0,0,0,0,0,0,0,0,0,0,0,0,0,0,0,0,0,0,0,0,0,0,0,0,0.0,0.0,0.0,-15.59,206.835
964,0,0,0,0,0,0,0,0,0,0,0,0,0,0,0,0,0,0,0,0,0,0,0,0,0,0,0,0,0,0,0,0,0,0,0.0,0.0,0.0,-15.59,206.835
965,3,3,1,7,1,1,0,7,0,3,6,2,3,3,0,9,5,1,2,1,2,1,1,0,3,0,1,2,2,2,2,0,4,1,25.5,102.808,2.277,5.924,98.011
966,84,132,103,85,69,110,6,199,15,37,293,15,215,13,0,235,96,48,21,41,10,5,11,5,102,7,3,28,13,8,7,0,103,5,14.505,52.976,7.098,3.028,99.188
967,0,0,0,0,0,0,0,0,0,0,0,0,0,0,0,0,0,0,0,0,0,0,0,0,0,0,0,0,0,0,0,0,0,0,0.0,0.0,0.0,-15.59,206.835
968,0,0,0,0,0,0,0,0,0,0,0,0,0,0,0,0,0,0,0,0,0,0,0,0,0,0,0,0,0,0,0,0,0,0,0.0,0.0,0.0,-15.59,206.835
969,7,6,3,10,3,4,1,11,0,4,13,1,9,2,0,9,1,7,5,3,5,2,3,1,10,0,2,6,1,5,2,0,9,1,15.0,66.665,4.899,4.42,90.09
970,0,0,0,0,0,0,0,0,0,0,0,0,0,0,0,0,0,0,0,0,0,0,0,0,0,0,0,0,0,0,0,0,0,0,0.0,0.0,0.0,-15.59,206.835
971,0,0,0,0,0,0,0,0,0,0,0,0,0,0,0,0,0,0,0,0,0,0,0,0,0,0,0,0,0,0,0,0,0,0,0.0,0.0,0.0,-15.59,206.835
972,0,0,0,1,0,0,0,5,0,0,0,3,2,0,0,2,1,0,0,0,1,0,0,0,5,0,0,0,3,1,0,0,2,1,6.0,16.571,2.654,2.483,87.945
973,22,40,21,27,6,18,0,53,10,22,71,2,44,15,1,59,5,16,14,14,7,3,6,0,37,7,3,14,2,3,9,1,32,1,14.269,56.469,5.764,2.92,99.543
974,1,0,1,0,0,1,0,1,0,0,2,0,2,0,0,1,0,1,0,1,0,0,1,0,1,0,0,2,0,1,0,0,1,0,3.5,13.524,2.138,0.946,94.511
975,0,0,0,0,0,0,0,0,0,0,0,0,0,0,0,0,0,0,0,0,0,0,0,0,0,0,0,0,0,0,0,0,0,0,0.0,0.0,0.0,-15.59,206.835
976,1,5,8,11,6,4,0,8,1,9,17,2,7,6,0,18,3,1,5,8,4,2,2,0,8,1,2,5,2,4,3,0,11,1,14.143,51.856,3.98,1.607,108.735
977,1,2,3,2,3,4,0,8,2,0,2,3,10,1,1,3,6,1,2,2,2,3,4,0,7,2,0,2,3,3,1,1,3,4,20.0,65.739,4.36,5.19,93.475
978,4,11,3,6,2,7,0,17,2,4,10,1,11,1,1,11,2,3,7,3,3,1,3,0,13,2,2,5,1,5,1,1,8,1,27.0,95.937,4.557,8.342,83.341
979,0,0,0,0,0,0,0,0,0,0,0,0,0,0,0,0,0,0,0,0,0,0,0,0,0,0,0,0,0,0,0,0,0,0,0.0,0.0,0.0,-15.59,206.835
980,64,99,102,87,27,59,3,113,7,32,215,10,127,14,0,140,14,47,18,49,9,3,11,3,77,6,2,22,9,6,6,0,57,1,10.165,38.258,6.823,1.886,99.648
981,0,1,1,0,0,0,0,2,0,0,0,0,1,0,1,0,0,0,1,1,0,0,0,0,2,0,0,0,0,0,0,1,0,0,4.0,13.833,1.768,3.67,75.875
982,1,0,2,3,2,3,0,8,0,1,1,2,2,1,0,3,0,1,0,2,3,2,2,0,8,0,1,1,2,2,1,0,3,0,27.0,95.357,3.81,11.547,60.363
983,0,0,0,0,0,0,0,0,0,0,0,0,0,0,0,0,0,0,0,0,0,0,0,0,0,0,0,0,0,0,0,0,0,0,0.0,0.0,0.0,-15.59,206.835
984,3,2,1,2,0,1,0,3,0,3,5,1,7,0,0,6,0,3,2,1,2,0,1,0,3,0,2,3,1,4,0,0,6,0,6.75,31.188,3.81,2.776,87.184
985,0,1,0,3,0,0,0,1,0,0,4,0,2,1,0,3,2,0,1,0,2,0,0,0,1,0,0,3,0,1,1,0,3,1,7.5,35.967,2.373,-0.865,114.623
986,11,12,7,10,8,8,0,22,0,1,24,1,20,0,0,14,1,11,7,7,2,3,5,0,21,0,1,6,1,3,0,0,12,1,9.833,35.378,5.142,3.145,90.029
987,0,0,0,0,0,0,0,0,0,0,0,0,0,0,0,0,0,0,0,0,0,0,0,0,0,0,0,0,0,0,0,0,0,0,0.0,0.0,0.0,-15.59,206.835
988,0,3,1,1,1,1,0,4,0,0,5,0,2,0,0,2,1,0,3,1,1,1,1,0,3,0,0,3,0,2,0,0,2,1,19.0,72.692,2.92,2.378,111.855
989,0,0,0,0,0,0,0,0,0,0,0,0,0,0,0,0,0,0,0,0,0,0,0,0,0,0,0,0,0,0,0,0,0,0,0.0,0.0,0.0,-15.59,206.835
990,12,14,17,19,9,13,2,45,0,8,40,10,48,6,0,33,17,7,11,11,4,2,7,1,25,0,2,9,5,7,6,0,22,2,17.214,59.203,5.329,3.462,100.901
991,9,8,12,17,10,7,3,17,2,4,30,0,16,7,0,15,1,8,8,11,7,3,2,3,16,2,2,13,0,7,6,0,12,1,10.923,41.021,5.815,2.88,93.871
992,4,3,5,13,3,1,1,10,0,8,14,2,14,3,0,10,3,4,2,4,3,2,1,1,7,0,2,6,2,7,2,0,9,1,8.889,37.244,3.953,0.709,105.81
993,0,0,0,0,0,0,0,0,0,0,0,0,0,0,0,0,0,0,0,0,0,0,0,0,0,0,0,0,0,0,0,0,0,0,0.0,0.0,0.0,-15.59,206.835
994,2,8,3,3,2,7,0,16,1,2,8,3,11,0,1,8,0,2,7,2,2,2,4,0,16,1,1,7,3,6,0,1,8,0,31.5,132.352,5.345,12.054,64.748
995,16,12,10,31,10,10,2,33,2,16,57,0,23,11,0,38,0,13,7,9,7,2,4,2,24,2,3,14,0,5,6,0,18,0,11.81,44.686,5.029,1.054,108.543
996,0,0,0,0,0,0,0,0,0,0,0,0,0,0,0,0,0,0,0,0,0,0,0,0,0,0,0,0,0,0,0,0,0,0,0.0,0.0,0.0,-15.59,206.835
997,0,0,0,0,0,0,0,0,0,0,0,0,0,0,0,0,0,0,0,0,0,0,0,0,0,0,0,0,0,0,0,0,0,0,0.0,0.0,0.0,-15.59,206.835
998,2,8,2,7,3,10,0,11,0,3,9,11,8,2,0,11,0,2,6,2,3,3,5,0,10,0,2,7,7,2,2,0,11,0,19.75,70.697,4.853,6.004,87.196
999,0,0,0,0,0,0,0,0,0,0,0,0,0,0,0,0,0,0,0,0,0,0,0,0,0,0,0,0,0,0,0,0,0,0,0.0,0.0,0.0,-15.59,206.835
1000,6,2,8,5,2,2,0,10,2,1,14,1,6,2,0,10,5,6,2,7,3,2,2,0,10,2,1,9,1,3,2,0,10,2,14.0,49.001,4.902,5.379,81.436
1001,0,0,0,0,0,0,0,0,0,0,0,0,0,0,0,0,0,0,0,0,0,0,0,0,0,0,0,0,0,0,0,0,0,0,0.0,0.0,0.0,-15.59,206.835
1002,8,12,2,6,3,8,1,21,0,1,14,0,8,2,1,6,1,7,8,2,3,3,4,1,19,0,1,9,0,4,2,1,6,1,17.0,74.554,5.292,7.005,75.121
1003,0,0,0,0,0,0,0,0,0,0,0,0,0,0,0,0,0,0,0,0,0,0,0,0,0,0,0,0,0,0,0,0,0,0,0.0,0.0,0.0,-15.59,206.835
1004,1,0,1,0,0,1,0,5,1,0,2,0,4,1,1,4,1,1,0,1,0,0,1,0,5,1,0,2,0,3,1,1,4,1,6.0,19.537,3.5,5.761,64.445
1005,8,12,9,13,7,8,1,13,2,3,21,0,14,1,0,17,0,7,7,8,6,1,4,1,12,2,2,8,0,5,1,0,11,0,23.0,88.152,4.616,6.411,90.062
1006,4,9,15,8,6,2,0,13,1,9,26,0,16,3,0,19,1,4,7,8,3,3,2,0,12,1,2,7,0,4,3,0,15,1,14.5,57.681,4.399,3.798,93.661
1007,2,2,5,0,1,1,0,8,2,0,5,0,7,0,1,5,0,2,2,4,0,1,1,0,8,2,0,2,0,3,0,1,5,0,10.0,36.784,3.873,3.257,89.525
1008,0,0,2,1,0,1,0,1,0,0,1,0,0,0,0,2,0,0,0,2,1,0,1,0,1,0,0,1,0,0,0,0,2,0,8.0,34.631,2.0,2.28,92.965
1009,0,0,0,0,0,0,0,0,0,0,0,0,0,0,0,0,0,0,0,0,0,0,0,0,0,0,0,0,0,0,0,0,0,0,0.0,0.0,0.0,-15.59,206.835
1010,0,0,0,1,0,0,0,0,0,0,2,0,0,0,0,0,0,0,0,0,1,0,0,0,0,0,0,2,0,0,0,0,0,0,3.0,11.0,1.225,-6.553,147.39
1011,0,0,0,0,0,0,0,0,0,0,0,0,0,0,0,0,0,0,0,0,0,0,0,0,0,0,0,0,0,0,0,0,0,0,0.0,0.0,0.0,-15.59,206.835
1012,6,4,4,8,1,1,0,8,2,2,12,4,10,1,0,4,11,5,4,4,5,1,1,0,8,2,1,8,4,3,1,0,4,3,13.4,45.273,4.579,9.714,49.288
1013,5,3,6,6,2,2,0,3,0,4,9,0,2,4,0,6,0,5,2,6,3,1,1,0,3,0,2,3,0,2,4,0,6,0,25.0,96.524,3.6,7.14,88.4
1014,0,0,0,0,0,0,0,0,0,0,0,0,0,0,0,0,0,0,0,0,0,0,0,0,0,0,0,0,0,0,0,0,0,0,0.0,0.0,0.0,-15.59,206.835
1015,2,5,3,2,2,5,0,10,0,2,5,1,4,2,0,8,0,2,5,3,2,1,3,0,9,0,1,5,1,3,2,0,7,0,15.667,69.077,4.538,5.584,82.933
1016,13,10,12,17,8,11,0,19,1,8,15,0,15,4,0,16,1,11,9,11,4,2,5,0,15,1,2,6,0,5,3,0,16,1,22.5,87.266,5.234,7.258,83.104
1017,5,14,13,10,9,2,0,20,0,7,40,15,35,2,0,37,5,5,10,9,3,2,1,0,18,0,3,10,11,8,2,0,27,1,9.368,30.329,5.671,0.924,105.122
1018,4,6,5,7,6,2,1,8,0,1,12,3,11,0,0,8,2,3,4,5,3,3,2,1,8,0,1,6,3,6,0,0,6,1,10.833,39.44,4.561,1.887,100.827
1019,4,3,1,7,6,2,1,7,1,3,12,2,5,1,0,9,0,4,3,1,3,2,2,1,6,1,2,6,2,5,1,0,9,0,19.667,68.678,4.235,6.28,85.067
1020,0,0,0,0,0,0,0,0,0,0,0,0,0,0,0,0,0,0,0,0,0,0,0,0,0,0,0,0,0,0,0,0,0,0,0.0,0.0,0.0,-15.59,206.835
1021,0,0,0,0,0,0,0,0,0,0,0,0,0,0,0,0,0,0,0,0,0,0,0,0,0,0,0,0,0,0,0,0,0,0,0.0,0.0,0.0,-15.59,206.835
1022,0,0,0,0,0,0,0,0,0,0,0,0,0,0,0,0,0,0,0,0,0,0,0,0,0,0,0,0,0,0,0,0,0,0,0.0,0.0,0.0,-15.59,206.835
1023,74,105,80,62,38,99,5,193,15,42,124,12,140,34,2,124,12,54,22,54,9,3,11,4,107,11,3,20,10,9,13,1,69,5,18.125,76.497,8.301,6.313,82.084
1024,8,8,18,16,6,6,0,16,0,1,28,0,15,2,0,18,2,7,6,14,4,2,2,0,15,0,1,11,0,2,1,0,13,2,12.9,49.55,4.918,3.711,91.435
1025,1,1,2,4,2,2,0,3,0,1,5,0,1,2,0,5,0,1,1,2,4,2,1,0,3,0,1,2,0,1,2,0,5,0,9.333,29.801,3.341,2.379,94.633
1026,32,45,15,37,10,49,6,108,7,23,65,15,81,19,2,65,7,30,18,12,9,4,9,3,81,5,2,14,13,8,8,1,49,1,15.212,65.234,8.174,6.186,77.808
1027,0,1,2,3,1,3,0,2,1,1,2,12,9,0,0,2,0,0,1,2,2,1,2,0,2,1,1,2,12,4,0,0,2,0,30.0,63.5,4.131,13.81,49.485
1028,0,0,0,0,0,0,0,0,0,0,0,0,0,0,0,0,0,0,0,0,0,0,0,0,0,0,0,0,0,0,0,0,0,0,0.0,0.0,0.0,-15.59,206.835
1029,0,2,0,3,1,1,0,2,0,0,5,0,2,1,0,3,0,0,2,0,3,1,1,0,2,0,0,4,0,1,1,0,3,0,9.0,41.757,3.0,1.031,103.7
1030,33,45,29,34,19,25,3,58,8,11,90,7,82,5,1,63,10,22,14,24,7,3,7,2,41,6,2,15,7,5,3,1,40,3,10.0,34.526,6.405,2.041,98.241
1031,0,0,0,0,0,0,0,0,0,0,0,0,0,0,0,0,0,0,0,0,0,0,0,0,0,0,0,0,0,0,0,0,0,0,0.0,0.0,0.0,-15.59,206.835
1032,0,0,0,0,0,0,0,0,0,0,0,0,0,0,0,0,0,0,0,0,0,0,0,0,0,0,0,0,0,0,0,0,0,0,0.0,0.0,0.0,-15.59,206.835
1033,34,66,47,39,28,67,0,108,4,8,67,10,56,13,0,79,7,25,20,27,6,2,8,0,70,2,3,17,10,6,5,0,58,4,12.822,50.751,7.036,2.642,98.957
1034,0,1,2,0,1,1,0,5,0,0,4,0,1,0,0,3,0,0,1,2,0,1,1,0,5,0,0,2,0,1,0,0,3,0,8.5,29.157,2.744,3.69,83.749
1035,0,0,0,0,0,0,0,0,0,0,0,0,0,0,0,0,0,0,0,0,0,0,0,0,0,0,0,0,0,0,0,0,0,0,0.0,0.0,0.0,-15.59,206.835
1036,0,0,0,0,0,0,0,0,0,0,0,0,0,0,0,0,0,0,0,0,0,0,0,0,0,0,0,0,0,0,0,0,0,0,0.0,0.0,0.0,-15.59,206.835
1037,0,0,0,0,0,0,0,0,0,0,0,0,0,0,0,0,0,0,0,0,0,0,0,0,0,0,0,0,0,0,0,0,0,0,0.0,0.0,0.0,-15.59,206.835
1038,7,7,4,9,3,5,1,10,1,1,9,1,6,0,0,7,1,7,5,4,5,1,3,1,9,1,1,4,1,3,0,0,6,1,16.25,59.181,4.385,4.544,91.424
1039,1,4,1,5,0,3,0,6,0,1,3,4,3,1,0,4,0,1,3,1,2,0,2,0,4,0,1,3,4,3,1,0,4,0,16.5,51.732,3.57,5.506,84.978
1040,0,0,0,0,0,0,0,0,0,0,0,0,0,0,0,0,0,0,0,0,0,0,0,0,0,0,0,0,0,0,0,0,0,0,0.0,0.0,0.0,-15.59,206.835
1041,2,1,3,2,0,0,0,2,0,1,3,0,6,0,0,4,0,2,1,3,2,0,0,0,2,0,1,2,0,4,0,0,3,0,9.0,33.693,3.333,2.998,89.6
1042,5,7,6,3,5,7,1,19,0,2,10,1,7,2,1,12,2,5,6,5,3,1,5,1,19,0,2,7,1,3,2,1,11,1,41.0,145.823,5.466,15.941,53.796
1043,3,4,5,4,2,6,0,9,0,4,12,1,8,1,0,9,2,3,4,4,3,1,4,0,8,0,3,7,1,3,1,0,9,2,15.5,57.817,4.58,4.539,90.128
1044,6,6,3,9,2,4,0,17,2,3,11,0,13,2,0,13,2,6,5,3,3,1,2,0,12,2,2,6,0,6,2,0,13,1,16.0,63.037,4.902,4.515,91.19
1045,1,0,0,1,1,0,0,0,0,0,3,0,4,4,0,2,0,1,0,0,1,1,0,0,0,0,0,2,0,3,3,0,2,0,6.0,25.625,2.654,0.517,102.045
1046,20,30,26,29,17,23,1,57,9,13,57,4,43,12,0,58,7,17,13,18,7,3,7,1,41,9,2,12,4,8,6,0,38,1,13.593,55.745,6.681,2.926,98.296
1047,0,0,0,0,0,0,0,0,0,0,0,0,0,0,0,0,0,0,0,0,0,0,0,0,0,0,0,0,0,0,0,0,0,0,0.0,0.0,0.0,-15.59,206.835
1048,0,0,0,0,0,0,0,0,0,0,0,0,0,0,0,0,0,0,0,0,0,0,0,0,0,0,0,0,0,0,0,0,0,0,0.0,0.0,0.0,-15.59,206.835
1049,0,2,3,3,0,2,0,7,0,0,6,0,6,0,0,4,2,0,2,3,2,0,2,0,7,0,0,4,0,4,0,0,4,1,7.25,35.531,3.808,3.92,79.869
1050,15,24,32,18,14,18,1,54,4,4,41,3,46,10,0,41,4,13,16,23,6,3,6,1,30,3,1,8,3,6,6,0,21,1,14.895,57.532,5.885,5.855,79.614
1051,21,25,10,17,10,27,1,52,1,8,36,1,26,7,0,33,6,19,11,9,4,3,6,1,40,1,2,13,1,3,7,0,26,1,18.143,72.148,6.034,5.562,87.5
1052,0,0,0,0,0,0,0,0,0,0,0,0,0,0,0,0,0,0,0,0,0,0,0,0,0,0,0,0,0,0,0,0,0,0,0.0,0.0,0.0,-15.59,206.835
1053,3,6,6,6,3,5,0,8,1,1,12,0,7,2,0,8,0,3,6,6,3,2,5,0,6,1,1,7,0,3,2,0,7,0,15.25,61.963,4.708,3.705,95.661
1054,0,0,0,0,0,0,0,0,0,0,0,0,0,0,0,0,0,0,0,0,0,0,0,0,0,0,0,0,0,0,0,0,0,0,0.0,0.0,0.0,-15.59,206.835
1055,2,3,3,3,3,7,1,13,0,1,8,1,12,1,0,8,0,2,3,3,1,2,2,1,11,0,1,3,1,5,1,0,8,0,18.0,67.318,4.234,4.104,97.698
1056,6,10,11,9,7,4,2,11,0,8,30,2,14,8,0,26,0,6,6,7,4,2,4,2,11,0,2,4,1,5,4,0,14,0,11.167,38.114,4.215,2.15,99.537
1057,0,0,0,0,0,0,0,0,0,0,0,0,0,0,0,0,0,0,0,0,0,0,0,0,0,0,0,0,0,0,0,0,0,0,0.0,0.0,0.0,-15.59,206.835
1058,7,30,14,21,8,15,1,30,3,7,49,2,26,11,0,40,1,6,13,8,6,2,4,1,25,2,2,15,2,7,5,0,27,1,18.385,68.66,5.489,5.009,91.893
1059,0,0,0,0,0,0,0,0,0,0,0,0,0,0,0,0,0,0,0,0,0,0,0,0,0,0,0,0,0,0,0,0,0,0,0.0,0.0,0.0,-15.59,206.835
1060,0,0,0,0,0,0,0,0,0,0,0,0,0,0,0,0,0,0,0,0,0,0,0,0,0,0,0,0,0,0,0,0,0,0,0.0,0.0,0.0,-15.59,206.835
1061,6,2,5,7,1,5,0,7,0,4,11,0,6,0,0,11,0,6,1,3,3,1,2,0,5,0,2,5,0,1,0,0,10,0,9.833,41.846,3.59,1.645,100.783
1062,3,3,1,3,0,3,1,5,1,0,2,1,5,0,1,1,0,3,3,1,2,0,2,1,5,1,0,2,1,3,0,1,1,0,12.0,39.183,3.753,3.84,88.905
1063,7,3,5,6,3,3,0,9,0,1,6,1,7,0,0,2,0,7,1,4,2,2,3,0,9,0,1,2,1,2,0,0,1,0,23.0,88.373,3.649,9.541,67.625
1064,0,0,0,0,0,0,0,0,0,0,0,0,0,0,0,0,0,0,0,0,0,0,0,0,0,0,0,0,0,0,0,0,0,0,0.0,0.0,0.0,-15.59,206.835
1065,1,5,0,4,1,4,0,4,0,0,4,3,3,2,0,5,0,1,5,0,3,1,4,0,4,0,0,4,3,2,2,0,5,0,32.0,110.9,4.0,10.902,73.893
1066,0,1,0,1,0,0,0,1,0,1,2,3,3,0,0,2,1,0,1,0,1,0,0,0,1,0,1,1,3,2,0,0,2,1,6.0,9.5,2.654,-0.467,109.095
1067,0,0,0,0,0,0,0,0,0,0,0,0,0,0,0,0,0,0,0,0,0,0,0,0,0,0,0,0,0,0,0,0,0,0,0.0,0.0,0.0,-15.59,206.835
1068,0,0,0,0,0,0,0,0,0,0,0,0,0,0,0,0,0,0,0,0,0,0,0,0,0,0,0,0,0,0,0,0,0,0,0.0,0.0,0.0,-15.59,206.835
1069,0,0,0,0,0,0,0,0,0,0,0,0,0,0,0,0,0,0,0,0,0,0,0,0,0,0,0,0,0,0,0,0,0,0,0.0,0.0,0.0,-15.59,206.835
1070,101,180,162,158,84,103,5,241,7,99,408,44,280,62,0,332,37,59,21,58,11,3,12,4,120,4,3,32,25,10,13,0,123,3,13.052,50.919,7.342,3.493,93.264
1071,0,1,0,0,0,0,0,1,0,0,2,0,1,0,0,0,0,0,1,0,0,0,0,0,1,0,0,2,0,1,0,0,0,0,4.0,15.708,1.768,0.72,97.025
1072,0,1,1,1,1,0,0,1,0,0,2,0,3,0,0,1,0,0,1,1,1,1,0,0,1,0,0,2,0,3,0,0,1,0,8.0,31.5,2.75,-3.62,135.265
1073,0,0,0,0,0,0,0,0,0,0,0,0,0,0,0,0,0,0,0,0,0,0,0,0,0,0,0,0,0,0,0,0,0,0,0.0,0.0,0.0,-15.59,206.835
1074,89,172,82,107,61,127,2,286,15,54,249,12,205,38,0,200,18,70,26,49,9,5,13,1,173,11,3,27,11,11,17,0,102,1,19.436,75.279,9.008,6.413,83.701
1075,0,0,0,0,0,0,0,0,0,0,0,0,0,0,0,0,0,0,0,0,0,0,0,0,0,0,0,0,0,0,0,0,0,0,0.0,0.0,0.0,-15.59,206.835
1076,1,9,6,4,2,4,0,6,0,3,10,0,6,3,0,7,0,1,6,6,4,1,4,0,6,0,2,5,0,2,3,0,7,0,27.5,113.24,4.291,8.651,82.017
1077,2,3,3,6,2,5,0,10,0,2,12,1,8,2,0,9,0,2,3,3,2,1,2,0,6,0,1,5,1,3,2,0,7,0,8.143,30.123,3.372,0.835,103.581
1078,0,0,0,0,0,0,0,0,0,0,0,0,0,0,0,0,0,0,0,0,0,0,0,0,0,0,0,0,0,0,0,0,0,0,0.0,0.0,0.0,-15.59,206.835
1079,4,2,4,6,2,4,1,6,1,4,10,0,11,1,0,9,1,4,2,4,5,2,2,1,6,1,2,3,0,3,1,0,8,1,11.0,44.847,4.195,2.002,100.303
1080,12,14,11,18,6,15,0,25,1,7,36,2,16,6,0,27,4,8,7,9,4,2,4,0,21,1,1,7,2,6,4,0,18,2,16.727,62.96,4.848,3.631,98.82
1081,3,3,2,3,3,1,0,5,1,1,6,2,6,0,2,4,1,3,3,2,2,1,1,0,4,1,1,5,2,3,0,2,4,1,18.0,59.336,4.125,6.18,82.815
1082,3,2,2,3,2,1,0,2,0,1,4,0,1,0,0,3,0,3,2,2,2,1,1,0,2,0,1,3,0,1,0,0,3,0,23.0,96.933,3.096,12.363,47.394
1083,0,0,0,0,0,0,0,0,0,0,0,0,0,0,0,0,0,0,0,0,0,0,0,0,0,0,0,0,0,0,0,0,0,0,0.0,0.0,0.0,-15.59,206.835
1084,7,9,5,6,6,6,0,22,5,2,12,3,12,1,5,9,2,7,6,3,3,2,5,0,16,5,1,7,3,2,1,1,8,1,20.2,78.088,4.784,5.607,90.843
1085,1,0,0,1,0,0,1,2,1,1,2,0,0,0,0,1,2,1,0,0,1,0,0,1,2,1,1,2,0,0,0,0,1,2,12.0,24.711,2.449,8.757,53.655
1086,0,0,0,0,0,0,0,0,0,0,0,0,0,0,0,0,0,0,0,0,0,0,0,0,0,0,0,0,0,0,0,0,0,0,0.0,0.0,0.0,-15.59,206.835
1087,0,0,0,0,0,0,0,0,0,0,0,0,0,0,0,0,0,0,0,0,0,0,0,0,0,0,0,0,0,0,0,0,0,0,0.0,0.0,0.0,-15.59,206.835
1088,2,3,1,0,0,2,0,5,0,1,2,1,7,1,2,1,0,2,3,1,0,0,1,0,5,0,1,2,1,3,1,1,1,0,6.333,21.571,3.731,4.269,75.733
1089,1,0,1,0,0,1,0,2,0,0,3,0,2,0,0,3,0,1,0,1,0,0,1,0,2,0,0,2,0,2,0,0,3,0,11.0,33.833,2.558,3.718,87.997
1090,22,35,25,21,10,23,0,47,3,15,53,4,37,9,2,50,8,20,16,22,6,2,6,0,37,3,2,13,3,5,6,2,32,2,14.818,55.929,6.658,3.654,95.257
1091,3,1,1,2,1,0,0,2,1,0,2,1,3,0,0,1,0,3,1,1,1,1,0,0,2,1,0,2,1,2,0,0,1,0,7.0,22.075,2.835,3.154,84.916
1092,2,2,2,3,3,1,0,4,0,1,2,4,6,0,2,4,2,2,2,2,2,2,1,0,4,0,1,2,4,3,0,1,4,1,15.0,43.378,4.131,7.173,70.35
1093,2,1,4,3,0,1,0,5,1,3,6,1,8,0,0,5,4,2,1,4,3,0,1,0,5,1,2,4,1,4,0,0,4,1,7.2,24.11,3.889,-0.326,110.227
1094,0,0,0,0,0,0,0,0,0,0,0,0,0,0,0,0,0,0,0,0,0,0,0,0,0,0,0,0,0,0,0,0,0,0,0.0,0.0,0.0,-15.59,206.835
1095,12,11,9,13,5,6,0,20,1,2,16,7,20,1,0,15,3,8,8,8,2,1,5,0,19,1,2,6,7,6,1,0,12,1,12.0,43.318,5.422,2.857,95.955
1096,5,17,17,17,10,13,2,24,2,8,36,1,20,7,0,24,0,4,9,11,5,3,5,2,19,2,2,9,1,6,4,0,20,0,16.636,61.613,5.018,3.536,99.339
1097,0,5,4,4,1,1,0,2,0,2,10,0,3,1,0,6,0,0,3,4,3,1,1,0,2,0,1,5,0,3,1,0,6,0,18.0,66.708,3.418,4.541,94.565
1098,0,0,0,0,0,0,0,0,0,0,0,0,0,0,0,0,0,0,0,0,0,0,0,0,0,0,0,0,0,0,0,0,0,0,0.0,0.0,0.0,-15.59,206.835
1099,0,0,0,0,0,0,0,0,0,0,0,0,0,0,0,0,0,0,0,0,0,0,0,0,0,0,0,0,0,0,0,0,0,0,0.0,0.0,0.0,-15.59,206.835
1100,0,0,0,0,0,0,0,0,0,0,0,0,0,0,0,0,0,0,0,0,0,0,0,0,0,0,0,0,0,0,0,0,0,0,0.0,0.0,0.0,-15.59,206.835
1101,1,2,1,0,0,0,0,2,0,1,2,0,2,0,0,2,0,1,2,1,0,0,0,0,2,0,1,2,0,2,0,0,2,0,11.0,53.014,2.772,2.645,95.688
1102,11,11,7,12,6,9,0,14,0,8,17,0,14,3,0,17,0,8,7,7,4,2,6,0,12,0,2,10,0,3,2,0,13,0,12.556,55.164,4.789,4.031,88.528
1103,1,5,3,5,1,1,0,4,0,1,11,1,4,2,0,8,2,1,3,3,3,1,1,0,4,0,1,7,1,2,1,0,5,1,11.25,41.37,3.479,4.531,82.616
1104,14,13,22,14,7,8,1,17,1,7,29,1,23,3,0,26,7,13,8,14,5,3,5,1,15,1,2,8,1,3,2,0,21,2,9.941,38.219,5.548,1.484,102.133
1105,0,0,0,0,0,0,0,0,0,0,0,0,0,0,0,0,0,0,0,0,0,0,0,0,0,0,0,0,0,0,0,0,0,0,0.0,0.0,0.0,-15.59,206.835
1106,0,0,0,0,0,0,0,0,0,0,0,0,0,0,0,0,0,0,0,0,0,0,0,0,0,0,0,0,0,0,0,0,0,0,0.0,0.0,0.0,-15.59,206.835
1107,3,3,4,2,2,2,0,3,0,2,7,0,4,0,0,5,0,3,2,4,1,2,1,0,3,0,2,5,0,3,0,0,5,0,11.0,45.559,3.816,4.076,85.434
1108,9,15,6,12,7,9,1,24,2,5,17,1,6,3,0,14,2,9,11,6,4,3,3,1,19,2,2,6,1,1,2,0,14,2,15.875,59.044,5.208,3.052,101.459
1109,0,0,0,0,0,0,0,0,0,0,0,0,0,0,0,0,0,0,0,0,0,0,0,0,0,0,0,0,0,0,0,0,0,0,0.0,0.0,0.0,-15.59,206.835
1110,1,2,0,0,0,0,0,1,0,0,0,0,0,0,0,1,0,1,2,0,0,0,0,0,1,0,0,0,0,0,0,0,1,0,5.0,30.125,1.581,2.88,83.32
1111,38,56,19,33,12,40,0,79,11,14,74,13,92,8,4,61,19,27,17,16,8,4,8,0,49,7,2,17,9,10,6,1,31,1,13.657,53.393,6.501,2.82,99.17
1112,2,7,2,4,2,2,0,11,2,0,5,8,11,0,1,4,1,1,5,2,2,1,1,0,9,2,0,4,8,6,0,1,4,1,16.667,45.992,4.7,7.666,69.786
1113,3,3,2,4,1,3,0,5,1,2,6,0,6,2,0,5,4,3,3,2,3,1,1,0,5,1,2,4,0,2,2,0,3,1,13.667,58.397,3.534,2.691,100.11
1114,0,0,0,0,0,0,0,0,0,0,0,0,0,0,0,0,0,0,0,0,0,0,0,0,0,0,0,0,0,0,0,0,0,0,0.0,0.0,0.0,-15.59,206.835
1115,17,32,20,20,15,25,0,36,3,18,42,1,15,5,0,48,3,14,15,13,6,3,4,0,26,3,2,12,1,4,4,0,25,1,25.909,99.127,5.152,7.557,87.032
1116,2,1,2,5,2,2,0,1,2,1,6,2,6,0,0,2,1,2,1,2,2,2,1,0,1,2,1,4,2,5,0,0,2,1,14.5,42.007,3.677,-0.576,125.021
1117,3,9,3,5,3,3,0,13,1,3,6,0,4,2,0,4,1,2,5,3,3,1,3,0,11,1,2,5,0,3,2,0,4,1,18.667,73.723,4.252,5.808,86.67
1118,1,3,5,6,3,3,0,18,0,1,11,3,13,3,0,10,2,1,2,5,2,2,3,0,11,0,1,6,3,6,3,0,7,2,17.25,67.867,4.427,6.358,80.205
1119,0,2,3,2,1,1,0,5,1,4,8,0,4,1,0,6,0,0,2,3,2,1,1,0,5,1,3,5,0,2,1,0,5,0,8.5,33.777,3.638,-0.475,113.608
1120,0,0,0,0,0,0,0,0,0,0,0,0,0,0,0,0,0,0,0,0,0,0,0,0,0,0,0,0,0,0,0,0,0,0,0.0,0.0,0.0,-15.59,206.835
1121,6,6,6,3,4,9,2,16,1,0,8,12,28,0,4,12,18,6,3,4,2,2,4,2,13,1,0,8,11,7,0,1,11,4,11.111,33.002,5.445,9.629,45.815
1122,0,0,0,0,0,0,0,0,0,0,0,0,0,0,0,0,0,0,0,0,0,0,0,0,0,0,0,0,0,0,0,0,0,0,0.0,0.0,0.0,-15.59,206.835
1123,0,0,0,0,0,0,0,0,0,0,0,0,0,0,0,0,0,0,0,0,0,0,0,0,0,0,0,0,0,0,0,0,0,0,0.0,0.0,0.0,-15.59,206.835
1124,7,15,11,13,11,14,1,28,1,11,29,9,23,3,0,26,4,6,6,9,4,3,5,1,22,1,2,13,7,7,3,0,22,2,26.143,98.736,5.645,8.598,79.982
1125,0,1,2,1,0,0,0,0,0,0,4,1,2,1,0,2,0,0,1,2,1,0,0,0,0,0,0,4,1,2,1,0,2,0,12.0,47.9,2.654,0.89,110.055
1126,2,1,2,1,1,2,0,5,0,1,4,0,5,0,0,5,1,2,1,2,1,1,1,0,5,0,1,3,0,3,0,0,5,1,12.5,45.779,3.536,2.501,99.395
1127,6,16,15,12,10,12,4,21,0,7,26,3,4,7,0,31,14,6,12,12,5,2,5,4,21,0,3,9,1,2,5,0,23,2,46.0,177.432,5.421,15.946,62.671
1128,0,0,0,0,0,0,0,0,0,0,0,0,0,0,0,0,0,0,0,0,0,0,0,0,0,0,0,0,0,0,0,0,0,0,0.0,0.0,0.0,-15.59,206.835
1129,0,0,0,0,0,0,0,0,0,0,0,0,0,0,0,0,0,0,0,0,0,0,0,0,0,0,0,0,0,0,0,0,0,0,0.0,0.0,0.0,-15.59,206.835
1130,0,0,0,0,0,0,0,0,0,0,0,0,0,0,0,0,0,0,0,0,0,0,0,0,0,0,0,0,0,0,0,0,0,0,0.0,0.0,0.0,-15.59,206.835
1131,3,4,3,3,3,2,1,11,1,1,5,3,9,1,1,4,0,3,4,3,1,2,2,1,11,1,1,2,3,5,1,1,4,0,11.0,33.512,4.69,3.45,89.92
1132,0,1,2,2,1,1,0,1,0,0,7,0,4,2,0,4,0,0,1,2,2,1,1,0,1,0,0,4,0,3,2,0,4,0,10.5,41.5,3.24,-0.257,115.606
1133,0,2,1,2,1,1,0,2,0,2,3,0,3,0,0,5,0,0,2,1,2,1,1,0,2,0,2,1,0,3,0,0,5,0,19.0,79.667,3.082,7.346,76.234
1134,0,0,0,0,0,0,0,0,0,0,0,0,0,0,0,0,0,0,0,0,0,0,0,0,0,0,0,0,0,0,0,0,0,0,0.0,0.0,0.0,-15.59,206.835
1135,0,0,0,0,0,0,0,0,0,0,0,0,0,0,0,0,0,0,0,0,0,0,0,0,0,0,0,0,0,0,0,0,0,0,0.0,0.0,0.0,-15.59,206.835
1136,3,7,5,7,0,5,0,5,0,3,14,2,8,2,0,13,0,3,6,5,4,0,5,0,5,0,2,6,2,4,2,0,10,0,11.0,45.448,4.265,1.573,103.379
1137,8,10,7,7,2,4,0,16,0,10,28,0,13,2,0,29,2,7,3,6,3,1,2,0,11,0,2,7,0,1,2,0,17,2,8.929,34.959,3.731,-0.119,111.819
1138,0,0,0,0,0,0,1,0,0,0,0,0,0,0,0,1,0,0,0,0,0,0,0,1,0,0,0,0,0,0,0,0,1,0,2.0,9.5,1.0,2.89,77.905
1139,16,33,25,21,12,24,2,42,4,7,49,0,44,7,0,43,5,12,14,17,4,3,7,1,36,4,2,11,0,6,6,0,30,1,12.083,49.848,5.896,2.103,101.51
1140,0,5,3,4,2,4,0,4,1,5,5,3,5,1,0,7,0,0,4,3,3,2,4,0,3,1,2,2,3,3,1,0,6,0,44.0,162.036,3.944,16.052,58.348
1141,2,0,0,0,1,1,0,2,0,0,1,0,1,0,0,2,0,2,0,0,0,1,1,0,2,0,0,1,0,1,0,0,2,0,9.0,39.683,2.357,1.031,103.7
1142,0,0,0,0,0,0,0,0,0,0,0,0,0,0,0,0,0,0,0,0,0,0,0,0,0,0,0,0,0,0,0,0,0,0,0.0,0.0,0.0,-15.59,206.835
1143,0,0,0,0,0,0,0,0,0,0,0,0,0,0,0,0,0,0,0,0,0,0,0,0,0,0,0,0,0,0,0,0,0,0,0.0,0.0,0.0,-15.59,206.835
1144,0,0,0,0,0,0,0,0,0,0,0,0,0,0,0,0,0,0,0,0,0,0,0,0,0,0,0,0,0,0,0,0,0,0,0.0,0.0,0.0,-15.59,206.835
1145,0,0,0,0,0,0,0,0,0,0,0,0,0,0,0,0,0,0,0,0,0,0,0,0,0,0,0,0,0,0,0,0,0,0,0.0,0.0,0.0,-15.59,206.835
1146,6,0,4,2,2,1,1,3,0,1,4,1,8,0,1,4,1,6,0,4,1,2,1,1,3,0,1,3,1,3,0,1,3,1,9.667,32.706,4.07,6.49,65.747
1147,2,1,0,2,0,1,0,2,0,1,2,0,1,0,0,1,0,2,1,0,1,0,1,0,2,0,1,2,0,1,0,0,1,0,12.0,39.0,2.449,0.89,110.055
1148,0,0,0,0,0,0,0,0,0,0,0,0,0,0,0,0,0,0,0,0,0,0,0,0,0,0,0,0,0,0,0,0,0,0,0.0,0.0,0.0,-15.59,206.835
1149,0,0,0,0,0,0,0,0,0,0,0,0,0,0,0,0,0,0,0,0,0,0,0,0,0,0,0,0,0,0,0,0,0,0,0.0,0.0,0.0,-15.59,206.835
1150,0,0,0,0,0,0,0,0,0,0,0,0,0,0,0,0,0,0,0,0,0,0,0,0,0,0,0,0,0,0,0,0,0,0,0.0,0.0,0.0,-15.59,206.835
1151,8,21,20,19,7,14,2,38,3,11,67,0,20,8,0,46,5,7,11,16,6,3,4,2,26,2,2,15,0,3,6,0,29,1,14.158,56.003,5.26,3.091,98.115
1152,0,0,0,0,0,0,0,0,0,0,0,0,0,0,0,0,0,0,0,0,0,0,0,0,0,0,0,0,0,0,0,0,0,0,0.0,0.0,0.0,-15.59,206.835
1153,3,4,1,3,1,4,0,9,2,2,1,0,9,0,0,3,2,3,1,1,2,1,3,0,6,2,1,1,0,3,0,0,3,2,15.5,48.404,3.556,3.778,95.586
1154,0,1,0,1,0,1,0,1,0,0,1,2,2,0,0,0,0,0,1,0,1,0,1,0,1,0,0,1,2,2,0,0,0,0,7.0,14.0,2.405,3.997,78.873
1155,0,0,0,0,0,0,0,0,0,0,0,0,0,0,0,0,0,0,0,0,0,0,0,0,0,0,0,0,0,0,0,0,0,0,0.0,0.0,0.0,-15.59,206.835
1156,0,0,0,0,0,0,0,0,0,0,0,0,0,0,0,0,0,0,0,0,0,0,0,0,0,0,0,0,0,0,0,0,0,0,0.0,0.0,0.0,-15.59,206.835
1157,1,11,3,5,2,6,0,8,1,0,6,5,3,1,0,6,1,1,6,3,2,2,4,0,7,1,0,6,4,1,1,0,5,1,14.0,53.876,3.874,5.884,77.811
1158,3,8,2,5,2,4,0,12,0,0,11,0,0,1,0,6,0,3,6,2,3,1,1,0,9,0,0,7,0,0,1,0,6,0,54.0,191.395,3.753,19.892,48.625
1159,0,0,0,0,0,0,0,0,0,0,0,0,0,0,0,0,0,0,0,0,0,0,0,0,0,0,0,0,0,0,0,0,0,0,0.0,0.0,0.0,-15.59,206.835
1160,0,0,0,0,0,0,0,0,0,0,0,0,0,0,0,0,0,0,0,0,0,0,0,0,0,0,0,0,0,0,0,0,0,0,0.0,0.0,0.0,-15.59,206.835
1161,0,0,0,0,0,0,0,0,0,0,0,0,0,0,0,0,0,0,0,0,0,0,0,0,0,0,0,0,0,0,0,0,0,0,0.0,0.0,0.0,-15.59,206.835
1162,0,0,0,0,0,0,0,0,0,0,0,0,0,0,0,0,0,0,0,0,0,0,0,0,0,0,0,0,0,0,0,0,0,0,0.0,0.0,0.0,-15.59,206.835
1163,0,0,0,0,0,0,0,0,0,0,0,0,0,0,0,0,0,0,0,0,0,0,0,0,0,0,0,0,0,0,0,0,0,0,0.0,0.0,0.0,-15.59,206.835
1164,0,0,0,0,0,0,0,0,0,0,0,0,0,0,0,0,0,0,0,0,0,0,0,0,0,0,0,0,0,0,0,0,0,0,0.0,0.0,0.0,-15.59,206.835
1165,2,2,4,1,2,4,0,8,0,2,9,4,5,2,0,7,0,2,1,4,1,1,3,0,6,0,1,7,4,2,2,0,5,0,22.5,64.667,4.006,9.181,69.318
1166,1,1,11,6,1,1,0,1,0,3,13,0,5,4,0,11,0,1,1,10,3,1,1,0,1,0,2,6,0,3,3,0,9,0,13.25,53.183,3.691,3.381,94.42
1167,3,1,6,5,2,2,0,7,1,2,9,2,12,2,0,9,3,3,1,3,3,2,2,0,6,1,2,6,2,7,2,0,8,2,9.333,33.88,5.008,8.489,50.822
1168,129,176,132,202,99,112,8,272,12,92,391,75,496,76,54,320,88,83,25,72,13,4,12,7,172,9,3,29,47,16,13,1,144,4,12.863,50.385,9.005,3.291,94.381
1169,0,0,0,0,0,0,0,0,0,0,0,0,0,0,0,0,0,0,0,0,0,0,0,0,0,0,0,0,0,0,0,0,0,0,0.0,0.0,0.0,-15.59,206.835
1170,9,13,10,9,8,10,0,31,3,1,27,0,14,3,0,18,1,8,9,10,4,2,3,0,25,3,1,11,0,4,3,0,15,1,15.889,60.172,5.736,5.625,83.035
1171,2,9,9,2,3,3,0,6,0,3,9,1,6,0,0,9,2,2,7,9,1,2,3,0,6,0,1,6,1,2,0,0,9,1,11.6,43.111,4.55,5.617,75.454
1172,0,0,0,0,0,0,0,0,0,0,0,0,0,0,0,0,0,0,0,0,0,0,0,0,0,0,0,0,0,0,0,0,0,0,0.0,0.0,0.0,-15.59,206.835
1173,0,0,0,0,0,0,0,0,0,0,0,0,0,0,0,0,0,0,0,0,0,0,0,0,0,0,0,0,0,0,0,0,0,0,0.0,0.0,0.0,-15.59,206.835
1174,27,43,26,30,18,18,2,62,2,8,72,0,22,8,0,53,1,21,13,18,5,3,4,2,48,2,2,15,0,2,7,0,37,1,20.556,81.4,6.102,6.906,82.165
1175,2,4,5,6,2,1,0,5,0,4,13,0,9,3,0,13,0,1,4,5,3,2,1,0,4,0,1,6,0,5,3,0,9,0,11.6,48.838,3.992,0.734,110.461
1176,0,0,0,0,0,0,0,0,0,0,0,0,0,0,0,0,0,0,0,0,0,0,0,0,0,0,0,0,0,0,0,0,0,0,0.0,0.0,0.0,-15.59,206.835
1177,1,3,1,0,0,1,0,2,0,0,2,0,2,0,1,2,0,1,3,1,0,0,1,0,2,0,0,2,0,2,0,1,2,0,13.0,40.433,2.942,4.003,89.517
1178,44,44,16,35,25,37,1,72,4,8,66,6,60,8,2,58,11,36,17,14,8,3,9,1,61,2,2,13,6,7,5,1,42,1,15.536,60.504,7.459,5.985,79.822
1179,1,2,1,1,0,1,0,2,0,2,3,0,4,1,0,5,0,1,2,1,1,0,1,0,2,0,2,3,0,2,1,0,5,0,19.0,89.423,3.407,5.483,89.592
1180,0,0,0,0,0,0,0,0,0,0,0,0,0,0,0,0,0,0,0,0,0,0,0,0,0,0,0,0,0,0,0,0,0,0,0.0,0.0,0.0,-15.59,206.835
1181,2,2,0,3,1,0,0,3,0,1,4,1,3,0,0,2,0,2,2,0,1,1,0,0,3,0,1,4,1,2,0,0,2,0,6.333,20.083,3.082,6.754,57.922
1182,25,33,24,16,8,30,1,53,16,6,34,19,43,5,6,39,14,18,12,14,5,2,6,1,33,13,2,14,10,8,5,3,30,2,20.25,74.978,6.443,5.564,91.237
1183,8,24,36,22,13,12,0,23,0,12,72,0,19,11,0,55,4,8,12,18,8,2,5,0,19,0,2,17,0,4,6,0,32,2,15.316,60.394,5.14,3.237,99.131
1184,7,11,5,6,3,2,0,16,0,1,11,3,8,2,0,8,0,6,9,2,2,2,1,0,14,0,1,6,3,3,2,0,6,0,12.5,50.988,4.491,2.344,100.524
1185,0,0,0,0,0,0,0,0,0,0,0,0,0,0,0,0,0,0,0,0,0,0,0,0,0,0,0,0,0,0,0,0,0,0,0.0,0.0,0.0,-15.59,206.835
1186,1,2,0,2,0,1,0,4,0,0,1,0,1,0,0,1,0,1,2,0,2,0,1,0,4,0,0,1,0,1,0,0,1,0,12.0,38.683,2.654,6.79,67.755
1187,1,1,1,3,1,1,0,3,0,1,6,1,2,0,0,2,0,1,1,1,1,1,1,0,3,0,1,3,1,1,0,0,2,0,10.5,40.945,2.623,4.8,79.349
1188,0,0,0,0,0,0,0,0,0,0,0,0,0,0,0,0,0,0,0,0,0,0,0,0,0,0,0,0,0,0,0,0,0,0,0.0,0.0,0.0,-15.59,206.835
1189,0,0,1,1,0,0,0,0,2,0,1,0,3,1,0,0,0,0,0,1,1,0,0,0,0,2,0,1,0,2,1,0,0,0,6.0,12.667,2.309,-3.417,130.245
1190,0,0,0,1,1,1,0,1,0,1,1,1,2,0,0,2,0,0,0,0,1,1,1,0,1,0,1,1,1,2,0,0,2,0,9.0,30.433,2.593,-0.28,113.1
1191,10,16,10,12,5,10,0,20,2,6,30,0,20,2,0,20,3,10,11,8,3,3,6,0,19,1,2,13,0,3,2,0,15,2,11.231,47.129,5.442,2.126,99.826
1192,3,4,10,2,3,3,0,9,0,1,11,0,6,2,0,10,0,3,4,10,1,3,1,0,9,0,1,4,0,1,2,0,6,0,8.286,34.445,3.9,0.052,109.449
1193,0,0,0,0,0,0,0,0,0,0,0,0,0,0,0,0,0,0,0,0,0,0,0,0,0,0,0,0,0,0,0,0,0,0,0.0,0.0,0.0,-15.59,206.835
1194,0,0,0,0,0,0,0,0,0,0,0,0,0,0,0,0,0,0,0,0,0,0,0,0,0,0,0,0,0,0,0,0,0,0,0.0,0.0,0.0,-15.59,206.835
1195,0,0,0,0,0,0,0,0,0,0,0,0,0,0,0,0,0,0,0,0,0,0,0,0,0,0,0,0,0,0,0,0,0,0,0.0,0.0,0.0,-15.59,206.835
1196,2,1,4,3,1,1,0,4,0,0,5,1,2,2,0,3,0,2,1,4,1,1,1,0,3,0,0,4,1,1,1,0,2,0,13.5,43.757,2.994,3.66,92.866
1197,4,7,7,4,2,5,0,10,0,4,13,1,6,2,0,13,3,4,6,6,3,1,4,0,10,0,2,8,1,3,2,0,11,1,18.75,78.154,4.981,4.624,95.308
1198,0,0,0,0,0,0,0,0,0,0,0,0,0,0,0,0,0,0,0,0,0,0,0,0,0,0,0,0,0,0,0,0,0,0,0.0,0.0,0.0,-15.59,206.835
1199,1,1,2,1,0,0,0,3,0,1,5,0,3,0,0,3,0,1,1,2,1,0,0,0,3,0,1,3,0,2,0,0,3,0,5.667,16.892,2.915,2.585,86.625
1200,0,0,0,0,0,0,0,0,0,0,0,0,0,0,0,0,0,0,0,0,0,0,0,0,0,0,0,0,0,0,0,0,0,0,0.0,0.0,0.0,-15.59,206.835
1201,0,0,0,0,0,0,0,0,0,0,0,0,0,0,0,0,0,0,0,0,0,0,0,0,0,0,0,0,0,0,0,0,0,0,0.0,0.0,0.0,-15.59,206.835
1202,18,23,18,35,13,25,2,47,1,13,50,3,63,10,0,44,24,15,11,15,7,2,6,1,35,1,3,9,3,11,5,0,28,2,11.345,43.15,5.536,1.244,106.349
1203,2,3,1,2,1,1,0,2,0,3,7,0,2,1,0,5,0,2,3,1,2,1,1,0,2,0,2,5,0,2,1,0,5,0,28.0,122.283,3.608,7.551,90.794
1204,12,9,11,15,4,14,0,25,4,2,31,0,28,2,0,19,1,11,8,8,3,3,3,0,20,4,1,10,0,7,2,0,17,1,7.842,29.708,5.271,-0.336,111.436
1205,2,4,3,5,2,4,0,4,0,3,8,1,3,2,0,7,0,2,4,2,2,2,3,0,4,0,2,4,1,2,2,0,7,0,11.25,41.854,3.795,1.122,107.056
1206,1,1,3,4,1,0,0,1,0,1,6,0,3,1,0,3,0,1,1,3,3,1,0,0,1,0,1,4,0,2,1,0,3,0,22.0,90.589,3.166,6.935,84.523
1207,6,8,4,5,0,11,1,22,3,1,10,4,37,1,0,10,7,6,4,4,4,0,6,1,17,3,1,6,4,5,1,0,10,2,4.9,17.901,5.5,-1.999,118.125
1208,8,9,8,3,2,8,1,21,7,1,10,9,19,2,2,9,6,7,7,7,3,1,5,1,16,7,1,7,7,7,2,1,5,1,20.8,78.7,5.755,6.932,82.413
1209,1,6,1,4,2,8,0,13,1,1,9,2,13,1,4,11,2,1,4,1,4,2,5,0,12,1,1,6,2,5,1,1,11,1,20.667,77.374,5.298,11.883,46.678
1210,2,3,0,3,1,3,1,7,0,2,8,0,3,1,0,4,1,2,3,0,2,1,3,1,7,0,2,3,0,3,1,0,4,1,18.0,68.305,3.771,3.886,99.265
1211,1,1,3,5,3,1,0,1,0,1,10,3,4,1,1,7,1,1,1,3,4,1,1,0,1,0,1,6,3,2,1,1,6,1,12.667,41.946,3.671,3.945,89.341
1212,0,0,0,0,0,0,0,0,0,0,0,0,0,0,0,0,0,0,0,0,0,0,0,0,0,0,0,0,0,0,0,0,0,0,0.0,0.0,0.0,-15.59,206.835
1213,0,0,0,0,0,0,0,0,0,0,0,0,0,0,0,0,0,0,0,0,0,0,0,0,0,0,0,0,0,0,0,0,0,0,0.0,0.0,0.0,-15.59,206.835
1214,6,2,7,8,0,3,2,8,0,1,10,2,17,3,0,6,3,6,2,7,2,0,2,2,5,0,1,5,2,6,2,0,6,1,10.0,39.206,4.29,1.88,99.395
1215,0,0,0,0,0,0,0,0,0,0,0,0,0,0,0,0,0,0,0,0,0,0,0,0,0,0,0,0,0,0,0,0,0,0,0.0,0.0,0.0,-15.59,206.835
1216,0,0,0,0,0,0,0,0,0,0,0,0,0,0,0,0,0,0,0,0,0,0,0,0,0,0,0,0,0,0,0,0,0,0,0.0,0.0,0.0,-15.59,206.835
1217,11,6,12,7,6,9,0,17,3,4,21,10,23,5,3,21,1,11,4,10,3,3,4,0,15,2,2,10,8,4,4,1,16,1,26.6,97.001,5.825,11.286,61.523
1218,9,23,16,24,11,12,0,22,0,12,45,0,22,7,0,28,2,8,11,15,7,3,7,0,19,0,3,19,0,6,6,0,22,1,21.1,86.078,5.647,6.229,87.988
1219,2,7,9,4,5,4,2,11,2,4,17,1,11,1,1,18,4,2,5,7,3,2,3,2,8,2,2,7,1,3,1,1,14,2,15.167,54.266,4.818,3.551,96.614
1220,0,0,0,0,0,0,0,0,0,0,0,0,0,0,0,0,0,0,0,0,0,0,0,0,0,0,0,0,0,0,0,0,0,0,0.0,0.0,0.0,-15.59,206.835
1221,1,0,1,3,1,1,0,3,0,1,3,0,2,0,0,2,0,1,0,1,3,1,1,0,2,0,1,3,0,2,0,0,2,0,16.0,65.048,3.005,5.4,84.845
1222,18,13,22,23,12,17,0,32,6,8,41,3,24,7,0,35,0,13,9,11,8,3,5,0,16,4,2,9,2,6,4,0,20,0,23.7,91.215,4.777,7.196,85.686
1223,2,20,5,0,7,4,0,18,9,3,16,2,12,0,0,17,2,2,8,4,0,1,4,0,17,7,2,5,1,3,0,0,12,1,15.0,52.501,4.554,2.622,102.981
1224,0,0,0,0,0,0,0,0,0,0,0,0,0,0,0,0,0,0,0,0,0,0,0,0,0,0,0,0,0,0,0,0,0,0,0.0,0.0,0.0,-15.59,206.835
1225,0,0,0,0,0,0,0,0,0,0,0,0,0,0,0,0,0,0,0,0,0,0,0,0,0,0,0,0,0,0,0,0,0,0,0.0,0.0,0.0,-15.59,206.835
1226,3,5,6,6,4,4,2,11,1,4,9,3,21,2,0,7,1,3,3,6,3,3,3,2,10,1,3,5,3,7,2,0,6,1,9.714,39.216,5.059,2.602,93.713
1227,0,0,0,0,0,0,0,0,0,0,0,0,0,0,0,0,0,0,0,0,0,0,0,0,0,0,0,0,0,0,0,0,0,0,0.0,0.0,0.0,-15.59,206.835
1228,0,0,0,0,0,0,0,0,0,0,0,0,0,0,0,0,0,0,0,0,0,0,0,0,0,0,0,0,0,0,0,0,0,0,0.0,0.0,0.0,-15.59,206.835
1229,0,0,0,0,0,0,0,0,0,0,0,0,0,0,0,0,0,0,0,0,0,0,0,0,0,0,0,0,0,0,0,0,0,0,0.0,0.0,0.0,-15.59,206.835
1230,0,0,0,0,0,0,0,0,0,0,0,0,0,0,0,0,0,0,0,0,0,0,0,0,0,0,0,0,0,0,0,0,0,0,0.0,0.0,0.0,-15.59,206.835
1231,0,0,0,0,0,0,0,0,0,0,0,0,0,0,0,0,0,0,0,0,0,0,0,0,0,0,0,0,0,0,0,0,0,0,0.0,0.0,0.0,-15.59,206.835
1232,1,0,1,3,1,2,0,2,0,0,3,3,1,0,0,1,0,1,0,1,1,1,1,0,1,0,0,3,3,1,0,0,1,0,17.0,57.667,2.401,7.005,75.121
1233,0,2,1,0,3,1,0,8,0,1,7,4,8,0,0,3,1,0,1,1,0,1,1,0,8,0,1,6,4,4,0,0,3,1,15.5,44.689,3.937,4.92,87.399
1234,0,0,0,0,0,0,0,0,0,0,0,0,0,0,0,0,0,0,0,0,0,0,0,0,0,0,0,0,0,0,0,0,0,0,0.0,0.0,0.0,-15.59,206.835
1235,0,2,1,1,0,1,0,2,0,0,1,3,3,0,0,1,0,0,2,1,1,0,1,0,2,0,0,1,3,2,0,0,1,0,12.0,35.75,2.858,6.79,67.755
1236,0,2,1,1,1,1,0,3,0,0,3,8,11,0,0,2,0,0,2,1,1,1,1,0,3,0,0,3,7,8,0,0,2,0,10.5,27.583,4.32,4.238,83.378
1237,1,2,0,2,1,1,0,2,1,0,3,1,3,0,0,3,1,1,2,0,1,1,1,0,2,1,0,2,1,3,0,0,3,1,9.0,27.607,3.167,8.242,52.0
1238,0,0,0,0,0,0,0,0,0,0,0,0,0,0,0,0,0,0,0,0,0,0,0,0,0,0,0,0,0,0,0,0,0,0,0.0,0.0,0.0,-15.59,206.835
1239,0,0,0,0,0,0,0,1,0,0,2,0,0,0,0,1,0,0,0,0,0,0,0,0,1,0,0,2,0,0,0,0,1,0,4.0,14.333,1.414,-2.23,118.175
1240,4,5,1,3,2,4,0,7,0,3,12,2,7,1,0,10,2,4,5,1,2,2,3,0,7,0,3,7,2,7,1,0,6,2,18.667,75.499,4.914,6.861,79.117
1241,4,2,0,2,1,3,0,6,0,0,2,5,2,0,1,0,0,4,2,0,1,1,2,0,5,0,0,1,5,1,0,1,0,0,25.0,78.535,3.253,7.848,83.324
1242,10,13,13,13,7,7,0,12,1,8,22,0,19,4,0,19,1,10,8,9,5,3,4,0,12,1,2,5,0,8,3,0,13,1,18.571,74.771,5.147,5.813,86.465
1243,13,18,27,27,10,11,1,29,0,20,48,5,41,5,0,47,16,9,9,13,6,3,4,1,23,0,2,10,3,6,4,0,29,3,15.444,56.194,5.174,4.143,92.865
1244,9,25,10,17,8,11,0,33,1,6,37,0,16,3,0,17,3,7,10,9,5,3,3,0,31,1,3,13,0,6,2,0,13,2,16.364,63.474,5.481,3.837,96.696
1245,1,2,2,0,2,0,1,5,1,1,10,2,5,0,0,4,0,1,2,1,0,1,0,1,5,1,1,7,2,3,0,0,2,0,6.2,24.094,3.302,-0.611,110.484
1246,4,2,3,1,0,2,1,4,0,0,6,0,6,0,0,7,0,4,2,2,1,0,2,1,4,0,0,5,0,4,0,0,6,0,7.5,36.414,4.002,1.102,100.522
1247,0,0,0,0,0,0,0,0,0,0,0,0,0,0,0,0,0,0,0,0,0,0,0,0,0,0,0,0,0,0,0,0,0,0,0.0,0.0,0.0,-15.59,206.835
1248,0,0,0,0,0,0,0,0,0,0,0,0,0,0,0,0,0,0,0,0,0,0,0,0,0,0,0,0,0,0,0,0,0,0,0.0,0.0,0.0,-15.59,206.835
1249,1,2,2,1,1,4,0,5,0,1,6,1,6,0,0,5,0,1,2,2,1,1,3,0,5,0,1,5,1,3,0,0,4,0,7.25,30.333,3.808,2.293,91.538
1250,8,18,16,16,7,15,1,29,0,13,52,0,27,9,0,42,8,6,9,14,7,3,6,1,25,0,2,11,0,5,4,0,27,3,14.625,56.18,5.455,2.519,103.052
1251,2,3,1,4,2,2,0,4,1,3,3,0,1,0,0,3,0,2,3,1,3,2,2,0,4,1,2,3,0,1,0,0,3,0,28.0,123.711,3.608,7.551,90.794
1252,17,33,24,17,11,30,1,44,1,8,57,1,48,11,0,48,3,14,13,18,6,2,8,1,37,1,3,12,1,8,7,0,34,1,17.0,66.692,6.346,3.997,96.686
1253,0,5,2,4,4,1,0,5,0,1,5,13,7,0,0,6,0,0,4,2,3,2,1,0,4,0,1,2,11,3,0,0,6,0,9.2,28.512,4.066,3.646,85.31
1254,2,4,2,3,2,6,2,10,2,0,6,7,15,0,0,7,8,2,4,2,2,1,3,2,10,2,0,3,7,6,0,0,7,2,12.8,37.646,4.773,0.649,113.209
1255,0,0,0,0,0,0,0,0,0,0,0,0,0,0,0,0,0,0,0,0,0,0,0,0,0,0,0,0,0,0,0,0,0,0,0.0,0.0,0.0,-15.59,206.835
1256,10,17,14,14,11,15,0,39,1,1,30,1,20,7,0,31,4,9,10,13,6,3,5,0,23,1,1,15,1,6,4,0,23,1,14.923,52.213,5.787,6.896,72.201
1257,8,6,4,6,4,6,0,12,0,0,12,1,8,2,0,7,1,6,5,4,3,2,4,0,9,0,0,8,1,3,2,0,6,1,13.8,51.264,4.427,4.841,84.932
1258,3,4,2,8,1,3,0,4,0,4,11,0,7,1,0,8,0,3,4,2,4,1,2,0,3,0,2,10,0,5,1,0,5,0,16.667,65.674,4.1,3.182,101.934
1259,12,32,23,31,17,22,3,40,3,15,53,4,35,8,0,48,10,11,14,19,9,3,4,2,35,2,2,13,3,8,6,0,29,2,26.667,101.199,6.087,7.938,85.651
1260,0,0,0,0,0,0,0,0,0,0,0,0,0,0,0,0,0,0,0,0,0,0,0,0,0,0,0,0,0,0,0,0,0,0,0.0,0.0,0.0,-15.59,206.835
1261,0,0,0,0,0,0,0,0,0,0,0,0,0,0,0,0,0,0,0,0,0,0,0,0,0,0,0,0,0,0,0,0,0,0,0.0,0.0,0.0,-15.59,206.835
1262,0,0,0,0,0,0,0,0,0,0,0,0,0,0,0,0,0,0,0,0,0,0,0,0,0,0,0,0,0,0,0,0,0,0,0.0,0.0,0.0,-15.59,206.835
1263,4,13,7,6,7,5,1,21,2,5,19,5,17,1,0,13,3,4,6,7,4,2,4,1,18,2,2,11,5,2,1,0,12,2,15.857,62.492,5.369,6.328,77.94
1264,11,21,20,21,13,15,0,25,1,6,40,1,16,5,1,32,2,11,13,17,4,2,5,0,22,1,2,11,1,4,5,1,23,1,16.462,63.663,5.655,5.332,86.156
1265,50,81,72,76,41,43,1,117,9,43,201,3,105,27,5,162,15,34,18,45,9,3,11,1,73,7,2,22,3,6,11,3,70,2,15.242,59.801,6.763,4.165,92.351
1266,0,0,0,0,0,0,0,0,0,0,0,0,0,0,0,0,0,0,0,0,0,0,0,0,0,0,0,0,0,0,0,0,0,0,0.0,0.0,0.0,-15.59,206.835
1267,0,0,0,0,0,0,0,0,0,0,0,0,0,0,0,0,0,0,0,0,0,0,0,0,0,0,0,0,0,0,0,0,0,0,0.0,0.0,0.0,-15.59,206.835
1268,4,6,16,8,4,4,1,12,3,3,15,1,11,2,0,17,2,4,4,14,4,1,2,1,9,3,1,7,1,4,2,0,15,2,16.5,67.353,4.975,6.221,79.851
1269,30,69,57,36,21,37,1,72,5,30,126,2,78,14,0,89,7,28,25,35,5,3,9,1,50,4,2,24,2,8,10,0,57,1,19.833,80.963,7.16,6.563,83.336
1270,1,1,0,1,1,1,0,2,0,0,3,0,4,0,0,3,0,1,1,0,1,1,1,0,2,0,0,1,0,3,0,0,3,0,15.0,40.95,2.921,5.207,84.45
1271,0,0,0,0,0,0,0,0,0,0,0,0,0,0,0,0,0,0,0,0,0,0,0,0,0,0,0,0,0,0,0,0,0,0,0.0,0.0,0.0,-15.59,206.835
1272,0,0,0,0,0,0,0,0,0,0,0,0,0,0,0,0,0,0,0,0,0,0,0,0,0,0,0,0,0,0,0,0,0,0,0.0,0.0,0.0,-15.59,206.835
1273,6,2,4,7,4,1,0,5,2,5,13,4,9,3,1,10,0,5,2,4,4,2,1,0,4,2,2,5,4,6,3,1,8,0,13.2,47.238,4.265,0.822,112.682
1274,61,118,109,91,60,68,9,138,15,55,239,19,157,33,0,194,10,36,23,49,9,3,11,7,63,7,3,26,14,9,11,0,68,2,16.644,64.186,6.471,3.944,96.429
1275,4,3,1,3,1,3,0,3,2,2,3,9,5,1,1,3,3,4,3,1,2,1,2,0,2,2,2,2,9,3,1,1,3,1,20.5,52.999,4.196,3.917,103.491
1276,40,86,59,56,28,41,3,97,5,27,114,4,94,28,6,90,14,34,20,33,7,4,9,3,55,4,3,23,4,11,12,1,53,5,18.622,76.347,6.815,5.682,87.495
1277,10,12,8,10,5,11,1,23,4,7,21,2,25,5,6,20,6,10,9,8,5,1,6,1,18,4,2,10,2,7,5,2,17,1,11.231,43.55,6.145,3.823,87.658
1278,0,0,0,0,0,0,0,0,0,0,0,0,0,0,0,0,0,0,0,0,0,0,0,0,0,0,0,0,0,0,0,0,0,0,0.0,0.0,0.0,-15.59,206.835
1279,0,0,0,0,0,0,0,0,0,0,0,0,0,0,0,0,0,0,0,0,0,0,0,0,0,0,0,0,0,0,0,0,0,0,0.0,0.0,0.0,-15.59,206.835
1280,0,0,0,0,0,0,0,0,0,0,0,0,0,0,0,0,0,0,0,0,0,0,0,0,0,0,0,0,0,0,0,0,0,0,0.0,0.0,0.0,-15.59,206.835
1281,0,0,0,0,0,0,0,0,0,0,0,0,0,0,0,0,0,0,0,0,0,0,0,0,0,0,0,0,0,0,0,0,0,0,0.0,0.0,0.0,-15.59,206.835
1282,90,99,75,74,45,49,3,142,15,37,151,11,88,27,0,120,6,55,19,50,6,3,8,2,81,5,3,21,11,9,11,0,63,2,30.452,120.595,7.48,10.961,70.714
1283,30,34,19,24,8,17,0,46,2,12,39,3,39,6,0,36,3,26,14,14,5,3,2,0,33,2,3,11,3,3,5,0,28,1,18.533,75.61,6.319,5.857,86.078
1284,14,17,6,10,7,6,2,24,2,8,21,7,12,7,0,22,2,11,9,4,3,2,3,2,22,2,2,5,7,4,7,0,14,2,13.0,48.85,5.322,1.658,106.328
1285,1,1,1,4,1,0,0,5,0,1,6,0,2,2,0,3,0,1,1,1,2,1,0,0,5,0,1,5,0,1,1,0,3,0,12.5,50.715,3.111,3.917,89.244
1286,28,35,27,27,13,24,1,48,2,13,68,7,48,12,1,47,6,23,12,23,5,2,6,1,37,2,3,15,2,8,8,1,33,1,16.409,63.509,6.513,5.453,85.191
1287,13,15,17,20,9,22,0,28,5,9,40,2,19,4,0,38,3,13,10,14,4,1,6,0,20,5,1,9,2,4,4,0,25,1,13.235,47.686,5.233,1.844,105.417
1288,0,0,0,0,0,0,0,0,0,0,0,0,0,0,0,0,0,0,0,0,0,0,0,0,0,0,0,0,0,0,0,0,0,0,0.0,0.0,0.0,-15.59,206.835
1289,89,112,74,78,40,82,0,174,7,28,157,4,114,33,1,122,6,58,24,44,9,4,16,0,82,7,2,26,4,11,12,1,62,3,22.886,91.661,7.598,8.592,74.222
1290,1,3,1,6,0,4,0,6,0,2,5,0,5,2,1,5,1,1,3,1,5,0,3,0,5,0,1,4,0,3,2,1,4,1,12.0,53.195,3.653,4.168,86.555
1291,3,8,3,4,2,1,1,3,0,6,13,0,4,1,0,11,0,3,6,2,3,1,1,1,3,0,2,7,0,3,1,0,11,0,14.0,54.274,4.063,4.199,89.896
1292,13,17,16,15,8,11,1,18,1,5,25,0,6,4,0,17,2,12,10,12,3,2,6,1,13,1,2,8,0,3,3,0,16,2,30.6,114.511,4.916,9.147,83.988
1293,10,18,17,17,6,9,1,13,1,8,46,0,18,12,0,35,2,8,12,14,5,3,3,1,11,1,2,7,0,3,6,0,22,2,21.667,80.866,4.709,6.717,85.493
1294,0,1,1,2,0,0,0,0,0,0,9,2,8,0,0,7,6,0,1,1,2,0,0,0,0,0,0,4,2,3,0,0,7,3,7.0,18.6,3.074,0.204,106.066
1295,3,1,2,1,2,1,0,10,5,0,6,3,4,0,1,5,5,3,1,2,1,2,1,0,10,4,0,3,3,2,0,1,4,1,11.0,33.571,4.051,1.305,105.302
1296,10,11,5,9,2,5,0,16,0,3,10,1,11,3,0,9,1,8,8,5,4,2,3,0,13,0,2,6,1,3,3,0,7,1,21.25,88.512,5.062,7.274,80.76
1297,0,0,0,0,0,0,0,0,0,0,0,0,0,0,0,0,0,0,0,0,0,0,0,0,0,0,0,0,0,0,0,0,0,0,0.0,0.0,0.0,-15.59,206.835
1298,0,0,0,0,0,0,0,0,0,0,0,0,0,0,0,0,0,0,0,0,0,0,0,0,0,0,0,0,0,0,0,0,0,0,0.0,0.0,0.0,-15.59,206.835
1299,0,0,0,0,0,0,0,0,0,0,0,0,0,0,0,0,0,0,0,0,0,0,0,0,0,0,0,0,0,0,0,0,0,0,0.0,0.0,0.0,-15.59,206.835
1300,0,0,0,0,0,0,0,0,0,0,0,0,0,0,0,0,0,0,0,0,0,0,0,0,0,0,0,0,0,0,0,0,0,0,0.0,0.0,0.0,-15.59,206.835
1301,0,0,0,0,0,0,0,0,0,0,0,0,0,0,0,0,0,0,0,0,0,0,0,0,0,0,0,0,0,0,0,0,0,0,0.0,0.0,0.0,-15.59,206.835
1302,0,0,0,0,0,0,0,0,0,0,0,0,0,0,0,0,0,0,0,0,0,0,0,0,0,0,0,0,0,0,0,0,0,0,0.0,0.0,0.0,-15.59,206.835
1303,3,3,2,5,0,1,0,5,0,3,7,3,7,3,0,5,2,2,3,2,3,0,1,0,5,0,1,5,3,3,2,0,4,2,10.5,43.386,3.819,3.676,87.406
1304,9,11,10,15,9,6,0,15,0,4,30,0,11,5,0,22,0,9,7,9,5,4,4,0,12,0,2,10,0,6,4,0,18,0,17.0,69.632,5.033,5.79,83.83
1305,1,1,0,1,0,0,0,4,0,0,2,0,2,0,1,0,0,1,1,0,1,0,0,0,4,0,0,2,0,1,0,1,0,0,9.0,42.433,2.593,4.964,75.5
1306,40,41,38,47,20,31,0,53,3,24,85,1,47,22,0,63,5,30,15,24,9,2,9,0,41,3,2,15,1,7,10,0,35,1,23.6,94.693,6.151,7.614,82.508
1307,3,0,5,7,3,1,1,8,0,7,18,1,7,0,0,11,0,3,0,4,3,2,1,1,8,0,3,8,1,4,0,0,8,0,8.125,29.267,3.947,-0.44,112.687
1308,3,2,3,4,0,2,0,3,0,2,10,0,3,1,0,6,0,3,2,2,3,0,2,0,3,0,2,6,0,2,1,0,6,0,12.0,43.548,3.653,4.496,84.205
1309,3,3,7,7,1,4,0,9,2,2,9,8,16,2,3,4,2,3,3,5,3,1,2,0,7,1,2,4,7,5,2,1,4,2,9.0,29.25,4.633,3.091,88.929
1310,10,7,8,11,7,9,0,22,0,2,30,4,18,6,0,25,2,8,5,7,3,2,3,0,17,0,1,13,3,6,5,0,18,1,15.889,58.217,5.263,4.305,92.501
1311,2,4,2,2,0,2,0,8,0,0,2,5,7,0,0,1,4,2,4,2,1,0,2,0,8,0,0,2,5,4,0,0,1,1,16.0,44.252,4.0,5.031,87.489
1312,2,4,2,2,0,2,0,8,0,0,2,5,7,0,0,1,4,2,4,2,1,0,2,0,8,0,0,2,5,4,0,0,1,1,16.0,44.252,4.0,5.031,87.489
1313,2,4,2,2,0,2,0,8,0,0,2,5,7,0,0,1,4,2,4,2,1,0,2,0,8,0,0,2,5,4,0,0,1,1,16.0,44.252,4.0,5.031,87.489
1314,2,4,2,2,0,2,0,8,0,0,2,5,7,0,0,1,4,2,4,2,1,0,2,0,8,0,0,2,5,4,0,0,1,1,16.0,44.252,4.0,5.031,87.489
1315,2,4,2,2,0,2,0,8,0,0,2,5,7,0,0,1,4,2,4,2,1,0,2,0,8,0,0,2,5,4,0,0,1,1,16.0,44.252,4.0,5.031,87.489
1316,2,4,2,2,0,2,0,8,0,0,2,5,7,0,0,1,4,2,4,2,1,0,2,0,8,0,0,2,5,4,0,0,1,1,16.0,44.252,4.0,5.031,87.489
1317,2,4,2,2,0,2,0,8,0,0,2,5,7,0,0,1,4,2,4,2,1,0,2,0,8,0,0,2,5,4,0,0,1,1,16.0,44.252,4.0,5.031,87.489
1318,0,0,0,0,0,0,0,0,0,0,0,0,0,0,0,0,0,0,0,0,0,0,0,0,0,0,0,0,0,0,0,0,0,0,0.0,0.0,0.0,-15.59,206.835
1319,5,3,7,7,1,4,0,10,2,2,9,6,18,2,3,4,5,3,3,5,3,1,2,0,7,1,2,4,5,5,2,1,4,2,8.375,27.643,4.319,1.942,96.057
1320,1,1,0,1,2,3,0,7,0,2,6,1,3,0,0,6,1,1,1,0,1,1,3,0,6,0,2,3,1,1,0,0,5,1,7.75,23.162,3.302,0.755,103.453
1321,0,0,0,0,0,0,0,0,0,0,0,0,0,0,0,0,0,0,0,0,0,0,0,0,0,0,0,0,0,0,0,0,0,0,0.0,0.0,0.0,-15.59,206.835
1322,28,35,24,28,15,18,2,49,1,13,75,4,51,8,0,52,0,25,12,17,7,2,7,2,41,1,2,18,4,4,6,0,34,0,16.0,62.026,6.445,5.232,86.047
1323,0,0,0,0,0,0,0,0,0,0,0,0,0,0,0,0,0,0,0,0,0,0,0,0,0,0,0,0,0,0,0,0,0,0,0.0,0.0,0.0,-15.59,206.835
1324,7,10,9,10,7,2,1,13,0,1,18,0,13,3,0,14,0,7,8,5,4,2,2,1,13,0,1,6,0,5,2,0,10,0,19.0,66.711,4.788,5.607,88.702
1325,28,35,24,28,15,18,2,49,1,13,75,4,51,8,0,52,2,25,12,17,7,2,7,2,41,1,2,18,4,4,6,0,34,1,16.091,62.026,6.464,5.185,86.545
1326,3,5,5,5,0,7,0,5,16,4,9,20,34,1,0,7,15,3,4,5,2,0,4,0,5,14,3,5,20,6,1,0,7,1,8.5,16.172,5.461,-2.095,125.219
1327,1,0,0,1,0,0,0,4,0,1,6,1,8,0,0,2,1,1,0,0,1,0,0,0,4,0,1,6,1,4,0,0,1,1,6.0,19.748,3.833,7.072,55.045
1328,6,10,10,5,5,9,1,23,3,5,27,3,26,3,1,19,8,5,4,8,3,1,4,1,17,3,3,13,3,9,2,1,17,1,10.615,41.29,5.598,1.889,100.426
1329,0,0,0,0,0,0,0,0,0,0,0,0,0,0,0,0,0,0,0,0,0,0,0,0,0,0,0,0,0,0,0,0,0,0,0.0,0.0,0.0,-15.59,206.835
1330,11,17,18,17,6,9,1,31,0,9,35,5,28,9,1,29,2,11,7,14,5,3,4,1,25,0,3,9,4,5,6,1,18,2,16.667,66.164,5.55,5.896,82.476
1331,0,0,0,0,0,0,0,0,0,0,0,0,0,0,0,0,0,0,0,0,0,0,0,0,0,0,0,0,0,0,0,0,0,0,0.0,0.0,0.0,-15.59,206.835
1332,0,0,0,0,0,0,0,0,0,0,0,0,0,0,0,0,0,0,0,0,0,0,0,0,0,0,0,0,0,0,0,0,0,0,0.0,0.0,0.0,-15.59,206.835
1333,2,4,3,3,5,5,1,13,1,2,16,0,7,1,0,13,0,2,4,3,2,2,4,1,12,1,2,9,0,4,1,0,11,0,17.25,66.527,4.852,4.819,91.239
1334,12,9,12,11,9,6,0,19,2,3,35,2,16,6,1,26,1,12,7,12,6,3,2,0,16,2,2,9,2,8,4,1,17,1,17.0,57.643,5.831,4.228,95.027
1335,1,1,1,1,0,1,0,4,2,1,6,2,5,1,1,5,0,1,1,1,1,0,1,0,4,1,1,6,2,3,1,1,4,0,8.667,35.222,3.744,1.859,97.169
1336,6,9,10,7,4,6,1,14,0,5,16,9,13,1,1,13,0,6,6,9,2,2,3,1,11,0,2,6,8,5,1,1,11,0,16.833,63.482,5.066,5.579,85.046
1337,3,8,7,6,4,9,0,12,4,3,13,2,12,2,3,10,0,3,5,6,1,3,4,0,9,3,2,5,2,3,1,2,8,0,14.167,45.39,4.372,4.65,86.955
1338,3,0,2,2,2,1,0,1,0,0,4,1,4,1,0,1,0,3,0,1,1,1,1,0,1,0,0,3,1,2,1,0,1,0,18.0,63.0,2.667,7.163,75.765
1339,1,2,0,0,1,1,2,6,1,1,1,0,7,0,0,4,1,1,2,0,0,1,1,2,6,1,1,1,0,4,0,0,3,1,5.25,16.679,3.703,-0.057,104.821
1340,1,2,1,1,0,1,0,5,1,1,1,0,3,0,1,2,0,1,2,1,1,0,1,0,4,1,1,1,0,1,0,1,2,0,8.0,25.548,3.005,7.443,55.953
1341,0,0,3,3,1,0,0,3,0,0,4,0,6,0,0,3,1,0,0,3,1,1,0,0,3,0,0,3,0,5,0,0,3,1,9.0,21.417,3.333,2.998,89.6
1342,0,1,0,5,1,1,0,3,1,0,7,0,1,0,0,5,0,0,1,0,3,1,1,0,3,1,0,4,0,1,0,0,5,0,24.0,86.7,2.887,5.078,101.4
1343,0,0,0,0,0,0,0,0,0,0,0,0,0,0,0,0,0,0,0,0,0,0,0,0,0,0,0,0,0,0,0,0,0,0,0.0,0.0,0.0,-15.59,206.835
1344,1,3,1,1,0,1,0,7,1,0,6,0,5,1,1,3,1,1,3,1,1,0,1,0,7,1,0,5,0,3,1,1,2,1,6.75,25.162,3.674,1.028,99.717
1345,1,2,2,4,1,2,0,5,1,1,8,1,6,3,0,5,0,1,2,2,3,1,2,0,4,1,1,3,1,5,3,0,5,0,12.0,41.88,4.007,0.562,112.405
1346,0,0,0,0,0,0,0,0,0,0,0,0,0,0,0,0,0,0,0,0,0,0,0,0,0,0,0,0,0,0,0,0,0,0,0.0,0.0,0.0,-15.59,206.835
1347,5,6,8,5,4,1,1,14,0,0,17,0,9,3,0,10,0,5,4,7,4,3,1,1,13,0,0,7,0,5,3,0,9,0,12.333,46.833,5.096,5.006,81.136
1348,1,5,0,2,1,2,0,6,0,1,3,0,2,0,0,5,0,1,3,0,2,1,2,0,5,0,1,2,0,1,0,0,5,0,13.0,52.874,3.19,3.095,96.025
1349,20,25,18,28,14,13,0,24,1,7,54,1,26,12,0,35,3,16,16,12,8,2,5,0,18,1,2,13,1,3,7,0,21,1,21.25,85.929,5.137,5.654,92.372
1350,0,0,0,0,0,0,0,0,0,0,0,0,0,0,0,0,0,0,0,0,0,0,0,0,0,0,0,0,0,0,0,0,0,0,0.0,0.0,0.0,-15.59,206.835
1351,0,0,0,0,0,0,0,0,0,0,0,0,0,0,0,0,0,0,0,0,0,0,0,0,0,0,0,0,0,0,0,0,0,0,0.0,0.0,0.0,-15.59,206.835
1352,0,0,0,0,0,0,0,0,0,0,0,0,0,0,0,0,0,0,0,0,0,0,0,0,0,0,0,0,0,0,0,0,0,0,0.0,0.0,0.0,-15.59,206.835
1353,6,10,5,7,2,8,0,15,1,1,16,1,9,5,0,14,3,6,8,4,6,2,4,0,13,1,1,8,1,4,2,0,13,2,18.8,76.055,5.397,8.061,70.753
1354,0,0,0,0,0,0,0,0,0,0,0,0,0,0,0,0,0,0,0,0,0,0,0,0,0,0,0,0,0,0,0,0,0,0,0.0,0.0,0.0,-15.59,206.835
1355,0,0,0,0,0,0,0,0,0,0,0,0,0,0,0,0,0,0,0,0,0,0,0,0,0,0,0,0,0,0,0,0,0,0,0.0,0.0,0.0,-15.59,206.835
1356,0,0,0,0,0,0,0,0,0,0,0,0,0,0,0,0,0,0,0,0,0,0,0,0,0,0,0,0,0,0,0,0,0,0,0.0,0.0,0.0,-15.59,206.835
1357,1,0,0,1,0,1,0,3,0,0,2,0,1,0,0,1,0,1,0,0,1,0,1,0,3,0,0,2,0,1,0,0,1,0,9.0,37.4,2.357,-1.591,122.5
1358,2,6,1,7,3,3,0,13,1,2,9,1,4,2,0,4,0,2,5,1,3,1,1,0,12,1,2,7,1,2,2,0,4,0,13.5,51.63,4.234,3.66,92.866
1359,52,43,48,47,41,28,16,77,11,21,129,8,113,17,4,92,3,39,16,23,9,3,9,6,57,11,3,20,6,13,7,2,60,1,11.286,44.061,7.566,2.833,94.851
1360,6,4,5,4,1,2,0,9,0,1,10,2,11,2,0,8,0,5,3,4,2,1,1,0,8,0,1,7,2,7,1,0,7,0,10.8,42.187,4.715,4.137,84.64
1361,20,40,25,18,9,24,1,51,2,13,61,2,38,8,0,41,2,15,16,20,5,3,8,1,34,2,2,15,2,6,6,0,25,1,13.292,51.289,5.939,3.021,97.075
1362,0,0,0,0,0,0,0,0,0,0,0,0,0,0,0,0,0,0,0,0,0,0,0,0,0,0,0,0,0,0,0,0,0,0,0.0,0.0,0.0,-15.59,206.835
1363,1,2,1,3,2,1,0,6,0,0,14,0,6,5,0,9,0,1,2,1,1,2,1,0,5,0,0,7,0,3,4,0,9,0,11.0,42.27,3.731,2.914,93.765
1364,0,0,0,0,0,0,0,0,0,0,0,0,0,0,0,0,0,0,0,0,0,0,0,0,0,0,0,0,0,0,0,0,0,0,0.0,0.0,0.0,-15.59,206.835
1365,12,11,14,10,5,0,0,13,0,3,23,0,15,1,0,17,0,10,8,9,2,2,0,0,11,0,2,6,0,2,1,0,16,0,12.111,44.712,4.402,3.965,88.21
1366,21,50,26,29,18,36,1,70,8,14,83,9,40,14,1,63,5,15,19,22,8,2,8,1,48,8,3,17,7,5,7,1,36,1,14.9,59.932,6.421,3.315,97.838
1367,3,3,4,2,0,1,1,2,0,0,6,3,10,0,0,4,2,3,3,4,1,0,1,1,2,0,0,6,3,4,0,0,4,2,16.0,52.174,4.25,6.506,76.914
1368,0,0,0,0,0,0,0,0,0,0,0,0,0,0,0,0,0,0,0,0,0,0,0,0,0,0,0,0,0,0,0,0,0,0,0.0,0.0,0.0,-15.59,206.835
1369,0,3,2,3,3,2,0,6,0,0,8,0,1,0,0,6,0,0,3,2,2,1,2,0,6,0,0,4,0,1,0,0,5,0,16.5,78.798,3.2,5.148,87.542
1370,0,0,0,0,0,0,0,0,0,0,0,0,0,0,0,0,0,0,0,0,0,0,0,0,0,0,0,0,0,0,0,0,0,0,0.0,0.0,0.0,-15.59,206.835
1371,0,0,0,0,0,0,0,0,0,0,0,0,0,0,0,0,0,0,0,0,0,0,0,0,0,0,0,0,0,0,0,0,0,0,0.0,0.0,0.0,-15.59,206.835
1372,12,43,38,23,21,29,2,60,1,17,81,21,24,16,0,68,2,7,15,23,5,3,6,2,32,1,3,14,8,4,9,0,31,1,16.074,57.007,5.193,3.023,102.021
1373,0,0,0,0,0,0,0,0,0,0,0,0,0,0,0,0,0,0,0,0,0,0,0,0,0,0,0,0,0,0,0,0,0,0,0.0,0.0,0.0,-15.59,206.835
1374,0,0,0,0,0,0,0,0,0,0,0,0,0,0,0,0,0,0,0,0,0,0,0,0,0,0,0,0,0,0,0,0,0,0,0.0,0.0,0.0,-15.59,206.835
1375,0,0,0,0,0,0,0,0,0,0,0,0,0,0,0,0,0,0,0,0,0,0,0,0,0,0,0,0,0,0,0,0,0,0,0.0,0.0,0.0,-15.59,206.835
1376,0,0,0,0,0,0,0,0,0,0,0,0,0,0,0,0,0,0,0,0,0,0,0,0,0,0,0,0,0,0,0,0,0,0,0.0,0.0,0.0,-15.59,206.835
1377,5,3,3,3,2,2,0,8,0,0,7,1,7,0,0,3,1,5,3,3,2,1,2,0,7,0,0,6,1,2,0,0,2,1,5.429,20.049,4.015,0.811,98.914
1378,0,0,0,0,0,0,0,0,0,0,0,0,0,0,0,0,0,0,0,0,0,0,0,0,0,0,0,0,0,0,0,0,0,0,0.0,0.0,0.0,-15.59,206.835
1379,0,0,0,0,0,0,0,0,0,0,0,0,0,0,0,0,0,0,0,0,0,0,0,0,0,0,0,0,0,0,0,0,0,0,0.0,0.0,0.0,-15.59,206.835
1380,12,19,14,12,8,10,3,21,2,5,32,1,18,7,0,25,0,10,12,11,6,3,4,2,17,2,2,10,1,2,6,0,21,0,17.1,66.59,5.57,4.328,94.489
1381,0,0,0,0,0,0,0,0,0,0,0,0,0,0,0,0,0,0,0,0,0,0,0,0,0,0,0,0,0,0,0,0,0,0,0.0,0.0,0.0,-15.59,206.835
1382,1,2,0,2,0,0,1,1,1,0,2,2,3,0,0,1,1,1,2,0,2,0,0,1,1,1,0,2,2,3,0,0,1,1,7.0,21.474,3.213,0.626,103.044
1383,0,0,0,0,0,0,0,0,0,0,0,0,0,0,0,0,0,0,0,0,0,0,0,0,0,0,0,0,0,0,0,0,0,0,0.0,0.0,0.0,-15.59,206.835
1384,0,0,0,0,0,0,0,0,0,0,0,0,0,0,0,0,0,0,0,0,0,0,0,0,0,0,0,0,0,0,0,0,0,0,0.0,0.0,0.0,-15.59,206.835
1385,0,0,0,0,0,0,0,0,0,0,0,0,0,0,0,0,0,0,0,0,0,0,0,0,0,0,0,0,0,0,0,0,0,0,0.0,0.0,0.0,-15.59,206.835
1386,9,14,13,15,10,7,0,14,0,10,30,2,23,3,0,21,4,9,7,9,4,3,3,0,8,0,2,10,2,3,3,0,14,2,25.333,94.508,4.187,6.711,92.069
1387,5,6,2,4,4,5,0,11,0,3,10,4,6,0,0,9,3,5,6,2,3,3,3,0,11,0,1,6,4,6,0,0,8,1,22.0,93.766,4.961,6.042,90.932
1388,8,6,7,9,5,9,0,19,0,10,22,1,11,5,0,27,1,8,6,7,4,3,3,0,17,0,2,10,1,4,4,0,20,1,18.286,78.648,5.5,5.554,87.813
1389,0,0,0,0,0,0,0,0,0,0,0,0,0,0,0,0,0,0,0,0,0,0,0,0,0,0,0,0,0,0,0,0,0,0,0.0,0.0,0.0,-15.59,206.835
1390,35,69,73,68,35,37,4,73,12,37,181,9,136,24,5,129,15,28,22,37,11,3,11,4,57,10,2,21,6,8,9,1,68,2,14.6,55.02,6.937,3.168,98.355
1391,0,0,0,0,0,0,0,0,0,0,0,0,0,0,0,0,0,0,0,0,0,0,0,0,0,0,0,0,0,0,0,0,0,0,0.0,0.0,0.0,-15.59,206.835
1392,0,0,0,0,0,0,0,0,0,0,0,0,0,0,0,0,0,0,0,0,0,0,0,0,0,0,0,0,0,0,0,0,0,0,0.0,0.0,0.0,-15.59,206.835
1393,0,0,0,0,0,0,0,0,0,0,0,0,0,0,0,0,0,0,0,0,0,0,0,0,0,0,0,0,0,0,0,0,0,0,0.0,0.0,0.0,-15.59,206.835
1394,14,19,9,18,11,10,1,29,7,6,34,5,26,4,0,32,6,13,11,7,6,2,5,1,23,7,2,12,5,4,4,0,26,2,12.812,45.314,6.223,2.761,98.088
1395,2,5,3,6,2,2,0,11,0,4,16,0,3,2,0,11,1,2,5,3,2,1,1,0,7,0,2,7,0,2,1,0,6,1,16.25,56.554,3.421,5.271,86.218
1396,0,0,0,0,0,0,0,0,0,0,0,0,0,0,0,0,0,0,0,0,0,0,0,0,0,0,0,0,0,0,0,0,0,0,0.0,0.0,0.0,-15.59,206.835
1397,0,0,0,0,0,0,0,0,0,0,0,0,0,0,0,0,0,0,0,0,0,0,0,0,0,0,0,0,0,0,0,0,0,0,0.0,0.0,0.0,-15.59,206.835
1398,7,8,7,3,4,5,0,14,0,3,10,1,12,3,0,16,4,6,6,6,3,3,3,0,12,0,2,4,1,2,2,0,15,1,14.167,65.995,4.985,4.373,88.945
1399,0,0,0,0,0,0,0,0,0,0,0,0,0,0,0,0,0,0,0,0,0,0,0,0,0,0,0,0,0,0,0,0,0,0,0.0,0.0,0.0,-15.59,206.835
1400,18,42,42,24,31,23,3,54,8,13,119,3,24,16,0,80,30,15,13,20,7,2,6,3,32,7,2,18,3,8,7,0,40,5,17.345,58.833,5.612,3.303,102.275
1401,46,68,47,44,29,48,2,101,1,31,152,10,118,24,0,123,16,33,17,32,7,4,7,2,62,1,2,22,5,11,12,0,64,4,20.054,77.176,6.879,5.621,90.479
1402,0,0,0,0,0,0,0,0,0,0,0,0,0,0,0,0,0,0,0,0,0,0,0,0,0,0,0,0,0,0,0,0,0,0,0.0,0.0,0.0,-15.59,206.835
1403,9,10,15,8,5,8,0,17,1,3,23,0,13,1,0,17,1,8,6,10,5,2,3,0,14,1,2,10,0,5,1,0,12,1,19.667,79.846,5.077,7.48,76.463
1404,0,0,0,0,0,0,0,0,0,0,0,0,0,0,0,0,0,0,0,0,0,0,0,0,0,0,0,0,0,0,0,0,0,0,0.0,0.0,0.0,-15.59,206.835
1405,3,4,6,6,4,6,0,9,0,2,9,0,6,2,1,8,1,3,3,6,6,2,3,0,7,0,2,5,0,4,2,1,6,1,15.5,55.029,4.4,4.539,90.128
1406,0,0,0,0,0,0,0,0,0,0,0,0,0,0,0,0,0,0,0,0,0,0,0,0,0,0,0,0,0,0,0,0,0,0,0.0,0.0,0.0,-15.59,206.835
1407,0,0,0,0,0,0,0,0,0,0,0,0,0,0,0,0,0,0,0,0,0,0,0,0,0,0,0,0,0,0,0,0,0,0,0.0,0.0,0.0,-15.59,206.835
1408,1,2,4,6,0,1,0,5,0,2,8,0,8,2,0,6,3,1,2,4,3,0,1,0,5,0,1,4,0,4,2,0,6,1,7.8,28.968,3.51,0.765,103.472
1409,3,4,3,5,3,3,1,5,0,2,16,0,7,0,0,11,0,3,3,3,2,2,2,1,4,0,2,7,0,3,0,0,8,0,9.333,32.046,3.685,0.904,105.208
1410,39,71,39,54,25,36,3,91,16,16,115,21,88,15,0,82,11,36,19,27,9,4,11,3,72,12,2,23,13,8,12,0,49,4,14.409,57.632,7.807,4.752,86.66
1411,3,1,5,4,1,1,0,4,0,2,12,0,1,0,0,8,0,3,1,3,2,1,1,0,4,0,2,5,0,1,0,0,8,0,41.0,149.143,3.423,14.215,66.176
1412,0,0,0,0,0,0,0,0,0,0,0,0,0,0,0,0,0,0,0,0,0,0,0,0,0,0,0,0,0,0,0,0,0,0,0.0,0.0,0.0,-15.59,206.835
1413,0,0,4,1,0,0,0,0,0,0,1,0,1,1,0,1,0,0,0,3,1,0,0,0,0,0,0,1,0,1,1,0,1,0,8.0,35.6,2.0,-0.67,114.115
1414,1,1,0,3,1,1,0,3,0,1,4,0,2,1,0,2,1,1,1,0,2,1,1,0,3,0,1,2,0,2,1,0,2,1,19.0,75.008,2.92,3.62,102.95
1415,0,0,0,0,0,0,0,0,0,0,0,0,0,0,0,0,0,0,0,0,0,0,0,0,0,0,0,0,0,0,0,0,0,0,0.0,0.0,0.0,-15.59,206.835
1416,7,9,7,15,7,5,1,13,0,6,20,0,5,2,0,10,0,6,5,6,6,3,3,1,11,0,2,10,0,2,2,0,9,0,14.571,65.921,4.411,1.893,107.445
1417,15,20,31,31,10,24,2,45,2,16,60,3,46,11,0,49,9,13,10,15,6,2,7,2,29,2,2,16,2,6,6,0,33,2,10.581,42.359,5.427,1.811,100.921
1418,7,19,29,23,32,16,1,53,3,8,82,8,28,12,0,69,1,7,10,17,5,2,7,1,36,2,2,14,5,5,8,0,36,1,17.286,62.282,5.641,4.642,92.571
1419,2,9,1,5,5,8,1,10,1,3,9,0,12,1,0,15,0,2,6,1,4,2,5,1,10,1,1,6,0,4,1,0,13,0,11.667,44.536,4.648,2.783,95.89
1420,2,2,5,4,1,1,0,1,0,2,8,0,2,1,0,5,0,2,2,5,3,1,1,0,1,0,2,5,0,2,1,0,5,0,8.0,28.214,3.5,0.805,103.54
1421,7,6,7,12,7,4,0,12,3,3,14,0,9,3,0,13,1,6,5,5,4,2,2,0,11,2,2,4,0,3,3,0,11,1,13.143,48.561,4.276,2.618,99.699
1422,3,9,4,4,2,6,1,19,3,4,16,1,11,2,2,12,1,3,7,4,3,2,3,1,18,3,2,6,1,4,1,1,9,1,17.8,61.08,5.097,4.345,95.613
1423,0,0,0,0,0,0,0,0,0,0,0,0,0,0,0,0,0,0,0,0,0,0,0,0,0,0,0,0,0,0,0,0,0,0,0.0,0.0,0.0,-15.59,206.835
1424,1,4,1,4,2,6,0,11,0,1,7,0,8,1,0,9,1,1,2,1,2,2,4,0,10,0,1,5,0,6,1,0,8,1,16.0,67.687,4.491,4.417,91.895
1425,0,1,1,0,0,1,0,1,0,1,2,2,2,0,0,2,0,0,1,1,0,0,1,0,1,0,1,2,2,2,0,0,2,0,5.5,23.354,2.772,3.719,78.198
1426,25,28,13,21,13,21,0,53,4,10,35,8,34,9,0,36,19,16,10,8,4,3,5,0,39,2,2,13,4,5,5,0,26,3,15.526,56.71,5.723,3.665,96.439
1427,4,6,3,4,1,1,0,5,0,0,10,0,6,0,0,3,0,3,5,3,3,1,1,0,5,0,0,6,0,3,0,0,3,0,9.5,38.184,3.785,1.157,103.687
1428,0,0,0,0,0,0,0,0,0,0,0,0,0,0,0,0,0,0,0,0,0,0,0,0,0,0,0,0,0,0,0,0,0,0,0.0,0.0,0.0,-15.59,206.835
1429,0,0,0,0,0,0,0,0,0,0,0,0,0,0,0,0,0,0,0,0,0,0,0,0,0,0,0,0,0,0,0,0,0,0,0.0,0.0,0.0,-15.59,206.835
1430,6,9,9,12,3,9,1,16,0,6,21,1,17,7,0,21,1,6,6,8,6,2,4,1,11,0,2,8,1,8,6,0,17,1,11.091,48.163,5.378,2.083,99.883
1431,4,6,2,4,4,2,0,3,0,1,9,1,6,3,1,7,0,4,5,2,2,2,1,0,3,0,1,4,1,1,2,1,7,0,9.2,37.743,3.649,3.389,87.149
1432,0,0,0,0,0,0,0,0,0,0,0,0,0,0,0,0,0,0,0,0,0,0,0,0,0,0,0,0,0,0,0,0,0,0,0.0,0.0,0.0,-15.59,206.835
1433,4,6,5,10,3,7,0,14,0,5,15,0,8,1,0,11,1,3,5,5,5,3,4,0,11,0,2,7,0,3,1,0,9,1,13.667,54.5,4.529,2.116,104.237
1434,2,3,7,3,6,5,0,20,1,2,8,0,10,1,0,7,0,2,3,7,2,2,2,0,15,1,1,3,0,5,1,0,5,0,10.833,44.585,4.298,2.795,94.319
1435,10,10,11,8,6,6,0,32,1,6,22,0,28,2,0,16,0,9,7,8,4,3,2,0,26,1,2,11,0,6,2,0,9,0,14.444,66.741,5.458,5.565,80.892
1436,15,22,14,15,9,20,0,28,0,10,44,0,22,7,0,35,0,13,11,8,5,3,4,0,16,0,2,14,0,2,6,0,23,0,18.25,81.641,4.874,4.351,96.372
1437,14,10,15,13,5,11,1,27,0,8,25,1,47,10,3,27,6,9,7,12,4,2,8,1,22,0,1,7,1,6,4,1,18,1,18.111,80.781,5.428,5.59,87.244
1438,0,1,3,2,1,0,0,0,0,0,10,0,3,0,0,4,0,0,1,2,1,1,0,0,0,0,0,6,0,1,0,0,4,0,7.0,26.065,2.469,1.75,94.987
1439,0,0,0,0,0,0,0,0,0,0,0,0,0,0,0,0,0,0,0,0,0,0,0,0,0,0,0,0,0,0,0,0,0,0,0.0,0.0,0.0,-15.59,206.835
1440,1,8,3,6,1,5,0,10,0,4,11,1,9,2,0,11,0,1,6,3,3,1,4,0,8,0,2,7,1,3,2,0,10,0,15.75,68.859,4.543,3.476,98.192
1441,2,0,3,0,2,1,0,6,1,1,1,17,21,0,1,1,0,2,0,3,0,2,1,0,6,1,1,1,17,5,0,1,1,0,18.0,24.241,4.832,13.391,31.115
1442,14,17,15,27,7,14,5,25,1,12,40,6,31,5,0,30,2,12,8,9,3,2,5,3,19,1,2,11,4,7,4,0,21,1,11.0,40.31,5.053,0.607,110.301
1443,3,4,1,3,1,3,0,11,0,4,7,2,7,0,0,8,0,3,4,1,2,1,2,0,11,0,2,5,2,3,0,0,8,0,12.0,46.608,4.491,3.594,90.668
1444,1,1,1,0,0,0,0,0,0,0,1,0,2,0,0,1,0,1,1,1,0,0,0,0,0,0,0,1,0,2,0,0,1,0,5.0,32.267,2.214,2.88,83.32
1445,0,0,0,0,0,0,0,0,0,0,0,0,0,0,0,0,0,0,0,0,0,0,0,0,0,0,0,0,0,0,0,0,0,0,0.0,0.0,0.0,-15.59,206.835
1446,0,0,0,0,0,0,0,0,0,0,0,0,0,0,0,0,0,0,0,0,0,0,0,0,0,0,0,0,0,0,0,0,0,0,0.0,0.0,0.0,-15.59,206.835
1447,1,0,0,1,0,0,0,6,0,0,1,5,12,0,4,0,0,1,0,0,1,0,0,0,6,0,0,1,5,3,0,1,0,0,14.0,44.55,3.591,12.627,29.468
1448,2,1,6,4,2,2,0,5,1,3,10,0,5,2,0,6,2,2,1,6,2,2,2,0,4,1,2,5,0,2,2,0,5,2,15.333,61.551,3.753,4.242,91.959
1449,21,36,24,44,16,24,1,52,3,22,82,6,45,17,1,58,5,20,11,18,8,4,8,1,38,3,3,19,5,8,8,1,40,1,12.118,47.167,6.584,2.597,98.026
1450,4,3,4,10,4,5,0,8,0,7,21,0,10,2,0,15,0,3,3,4,5,2,2,0,6,0,3,5,0,3,2,0,10,0,13.833,56.574,3.57,1.036,112.271
1451,12,10,15,12,6,10,0,17,0,4,39,2,16,8,0,33,2,12,7,10,4,1,3,0,15,0,2,11,2,4,6,0,21,1,15.455,59.341,4.989,3.487,97.591
1452,3,4,7,2,2,2,0,4,1,3,8,0,6,0,0,8,1,3,4,7,2,1,2,0,4,1,2,4,0,3,0,0,8,1,9.0,36.836,4.427,3.391,86.78
1453,1,9,1,4,0,9,0,14,0,4,11,0,9,0,0,8,0,1,6,1,3,0,3,0,12,0,2,7,0,4,0,0,7,0,10.167,39.989,3.893,1.336,103.595
1454,0,0,0,0,0,0,0,0,0,0,0,0,0,0,0,0,0,0,0,0,0,0,0,0,0,0,0,0,0,0,0,0,0,0,0.0,0.0,0.0,-15.59,206.835
1455,4,5,9,4,2,5,3,7,1,5,13,0,7,2,0,16,2,4,4,6,2,1,3,3,7,1,2,4,0,2,2,0,14,1,15.6,55.446,4.323,3.504,97.724
1456,6,7,14,18,4,2,0,13,1,7,53,0,22,6,0,34,9,5,7,12,7,2,2,0,9,1,2,12,0,6,4,0,19,2,11.667,42.656,4.597,0.693,110.877
1457,8,10,5,11,6,4,0,10,0,8,26,0,11,3,0,16,4,8,7,4,5,3,3,0,10,0,2,10,0,3,3,0,14,1,13.875,53.265,4.631,2.365,102.817
1458,0,0,0,3,0,1,0,2,1,2,6,0,4,2,0,4,0,0,0,0,2,0,1,0,2,1,1,5,0,1,2,0,3,0,5.25,18.429,2.777,-0.619,108.849
1459,0,0,0,0,0,0,0,0,0,0,0,0,0,0,0,0,0,0,0,0,0,0,0,0,0,0,0,0,0,0,0,0,0,0,0.0,0.0,0.0,-15.59,206.835
1460,0,0,0,0,0,0,0,0,0,0,0,0,0,0,0,0,0,0,0,0,0,0,0,0,0,0,0,0,0,0,0,0,0,0,0.0,0.0,0.0,-15.59,206.835
1461,0,0,0,0,0,0,0,0,0,0,0,0,0,0,0,0,0,0,0,0,0,0,0,0,0,0,0,0,0,0,0,0,0,0,0.0,0.0,0.0,-15.59,206.835
1462,2,3,5,2,1,1,0,5,1,2,6,4,9,2,1,8,0,1,3,4,2,1,1,0,5,1,1,5,3,2,2,1,8,0,14.0,47.312,4.255,4.48,87.882
1463,0,0,0,0,0,0,0,0,0,0,0,0,0,0,0,0,0,0,0,0,0,0,0,0,0,0,0,0,0,0,0,0,0,0,0.0,0.0,0.0,-15.59,206.835
1464,0,0,7,0,0,0,0,2,1,1,3,0,3,0,0,2,1,0,0,7,0,0,0,0,2,1,1,2,0,2,0,0,2,1,3.6,11.13,3.167,5.481,62.181
1465,0,0,0,0,0,0,0,0,0,0,0,0,0,0,0,0,0,0,0,0,0,0,0,0,0,0,0,0,0,0,0,0,0,0,0.0,0.0,0.0,-15.59,206.835
1466,7,20,8,11,6,17,0,33,2,10,28,9,25,7,0,26,6,7,9,8,4,2,5,0,30,1,4,8,9,5,5,0,18,1,18.8,69.961,5.673,5.864,86.503
1467,0,0,0,0,0,0,0,0,0,0,0,0,0,0,0,0,0,0,0,0,0,0,0,0,0,0,0,0,0,0,0,0,0,0,0.0,0.0,0.0,-15.59,206.835
1468,0,0,0,0,0,0,0,0,0,0,0,0,0,0,0,0,0,0,0,0,0,0,0,0,0,0,0,0,0,0,0,0,0,0,0.0,0.0,0.0,-15.59,206.835
1469,15,18,5,12,2,11,0,29,6,2,21,1,13,6,5,16,1,14,10,5,5,1,4,0,19,5,1,11,1,5,3,2,12,1,29.6,113.105,5.464,8.472,87.046
1470,2,3,2,6,2,7,1,13,0,3,14,0,9,4,0,10,0,2,3,2,3,1,4,1,12,0,2,8,0,5,3,0,8,0,16.75,71.439,4.665,3.799,97.658
1471,0,0,0,0,0,0,0,0,0,0,0,0,0,0,0,0,0,0,0,0,0,0,0,0,0,0,0,0,0,0,0,0,0,0,0.0,0.0,0.0,-15.59,206.835
1472,0,0,0,0,0,0,0,0,0,0,0,0,0,0,0,0,0,0,0,0,0,0,0,0,0,0,0,0,0,0,0,0,0,0,0.0,0.0,0.0,-15.59,206.835
1473,2,11,3,6,5,9,0,15,4,2,5,2,8,1,1,4,1,2,6,3,2,2,2,0,12,4,2,5,1,4,1,1,4,1,23.333,77.19,4.226,5.479,97.343
1474,4,3,3,1,1,3,0,9,0,2,5,1,7,0,0,8,2,4,3,3,1,1,3,0,9,0,1,3,1,3,0,0,8,2,10.5,44.272,4.583,5.643,73.306
1475,9,15,11,13,8,4,1,25,0,12,34,0,16,5,0,24,2,8,8,10,5,2,3,1,19,0,3,9,0,4,5,0,15,1,23.143,97.679,4.944,8.076,78.378
1476,8,8,9,10,5,9,1,28,2,3,18,5,22,4,0,13,7,8,5,7,6,2,3,1,22,2,1,8,5,7,4,0,12,2,11.727,43.195,5.541,1.332,106.397
1477,3,0,1,5,1,1,0,5,1,2,2,0,2,1,0,4,0,3,0,1,4,1,1,0,5,1,1,1,0,2,1,0,4,0,13.0,55.192,3.467,3.549,92.771
1478,0,0,0,0,0,0,0,0,0,0,0,0,0,0,0,0,0,0,0,0,0,0,0,0,0,0,0,0,0,0,0,0,0,0,0.0,0.0,0.0,-15.59,206.835
1479,0,1,2,0,0,0,0,2,0,1,4,0,1,2,0,4,0,0,1,2,0,0,0,0,2,0,1,4,0,1,2,0,3,0,16.0,62.214,2.828,6.875,74.27
1480,0,0,0,0,0,0,0,0,0,0,0,0,0,0,0,0,0,0,0,0,0,0,0,0,0,0,0,0,0,0,0,0,0,0,0.0,0.0,0.0,-15.59,206.835
1481,4,3,12,12,3,3,0,5,1,9,13,0,7,1,0,11,0,4,3,9,4,2,2,0,5,1,2,7,0,4,1,0,7,0,15.4,62.777,4.029,4.361,91.222
1482,2,5,4,4,3,3,0,9,0,2,17,0,9,0,0,10,0,1,4,4,3,1,2,0,9,0,2,6,0,2,0,0,8,0,14.5,54.474,3.621,4.103,91.473
1483,0,0,0,0,0,0,0,0,0,0,0,0,0,0,0,0,0,0,0,0,0,0,0,0,0,0,0,0,0,0,0,0,0,0,0.0,0.0,0.0,-15.59,206.835
1484,7,15,16,12,10,19,0,28,2,5,43,2,21,10,0,36,1,6,9,8,3,2,5,0,17,1,2,10,2,4,7,0,24,1,13.733,54.788,4.779,3.113,97.207
1485,0,0,0,0,0,0,0,0,0,0,0,0,0,0,0,0,0,0,0,0,0,0,0,0,0,0,0,0,0,0,0,0,0,0,0.0,0.0,0.0,-15.59,206.835
1486,0,0,0,0,0,0,0,0,0,0,0,0,0,0,0,0,0,0,0,0,0,0,0,0,0,0,0,0,0,0,0,0,0,0,0.0,0.0,0.0,-15.59,206.835
1487,11,9,13,9,4,9,1,22,2,4,18,4,15,2,0,16,1,9,7,7,4,2,5,1,19,2,2,9,4,7,2,0,13,1,10.5,38.906,5.606,4.8,79.349
1488,2,3,3,3,1,1,0,3,0,1,5,0,4,0,0,4,1,2,3,2,1,1,1,0,3,0,1,3,0,4,0,0,4,1,9.0,32.021,3.538,-1.154,119.367
1489,0,0,0,0,0,0,0,0,0,0,0,0,0,0,0,0,0,0,0,0,0,0,0,0,0,0,0,0,0,0,0,0,0,0,0.0,0.0,0.0,-15.59,206.835
1490,0,0,0,0,0,0,0,0,0,0,0,0,0,0,0,0,0,0,0,0,0,0,0,0,0,0,0,0,0,0,0,0,0,0,0.0,0.0,0.0,-15.59,206.835
1491,5,6,8,8,2,6,0,8,0,0,15,0,9,3,0,8,0,5,5,7,3,1,4,0,7,0,0,6,0,4,3,0,7,0,13.8,46.759,4.341,4.328,88.611
1492,4,12,5,10,5,3,0,11,0,4,22,2,7,6,0,16,2,4,6,4,3,1,2,0,10,0,2,13,2,2,4,0,13,1,14.571,58.622,4.551,4.438,89.198
1493,24,17,18,19,13,7,0,28,3,10,41,1,31,10,1,37,2,21,10,17,6,4,5,0,24,3,2,11,1,6,8,1,31,1,17.692,67.761,6.854,5.265,88.829
1494,0,0,0,0,0,0,0,0,0,0,0,0,0,0,0,0,0,0,0,0,0,0,0,0,0,0,0,0,0,0,0,0,0,0,0.0,0.0,0.0,-15.59,206.835
1495,8,11,7,14,2,10,0,33,1,12,19,11,45,2,10,33,11,8,7,4,6,2,5,0,22,1,2,8,10,7,2,1,24,2,11.0,38.639,5.756,4.456,82.71
1496,0,0,0,0,0,0,0,0,0,0,0,0,0,0,0,0,0,0,0,0,0,0,0,0,0,0,0,0,0,0,0,0,0,0,0.0,0.0,0.0,-15.59,206.835
1497,0,0,0,0,0,0,0,0,0,0,0,0,0,0,0,0,0,0,0,0,0,0,0,0,0,0,0,0,0,0,0,0,0,0,0.0,0.0,0.0,-15.59,206.835
1498,3,4,3,5,3,6,1,9,1,0,4,0,8,1,0,4,0,3,4,2,3,2,3,1,7,1,0,3,0,3,1,0,4,0,14.667,48.589,3.838,4.344,90.044
1499,0,0,0,0,0,0,0,0,0,0,0,0,0,0,0,0,0,0,0,0,0,0,0,0,0,0,0,0,0,0,0,0,0,0,0.0,0.0,0.0,-15.59,206.835
1500,5,3,5,4,4,2,0,6,0,3,10,0,6,2,0,9,0,5,3,4,2,2,1,0,6,0,2,5,0,2,2,0,8,0,17.667,63.834,3.982,4.436,94.726
1501,5,2,3,4,2,3,0,9,0,2,7,0,5,1,0,10,1,5,2,2,2,2,1,0,9,0,1,5,0,4,1,0,8,1,16.333,65.516,4.243,3.784,97.024
1502,0,0,0,0,0,0,0,0,0,0,0,0,0,0,0,0,0,0,0,0,0,0,0,0,0,0,0,0,0,0,0,0,0,0,0.0,0.0,0.0,-15.59,206.835
1503,0,0,0,0,0,0,0,0,0,0,0,0,0,0,0,0,0,0,0,0,0,0,0,0,0,0,0,0,0,0,0,0,0,0,0.0,0.0,0.0,-15.59,206.835
1504,0,0,0,0,0,0,0,0,0,0,0,0,0,0,0,0,0,0,0,0,0,0,0,0,0,0,0,0,0,0,0,0,0,0,0.0,0.0,0.0,-15.59,206.835
1505,5,10,14,10,7,8,0,11,4,7,22,0,9,4,0,19,2,5,7,11,4,2,4,0,9,3,2,7,0,5,3,0,13,1,15.375,61.254,4.718,3.549,97.0
1506,0,0,0,0,0,0,0,0,0,0,0,0,0,0,0,0,0,0,0,0,0,0,0,0,0,0,0,0,0,0,0,0,0,0,0.0,0.0,0.0,-15.59,206.835
1507,0,0,5,0,0,0,1,2,0,2,2,0,2,1,0,4,0,0,0,5,0,0,0,1,2,0,1,2,0,2,1,0,4,0,17.0,65.714,3.087,4.228,95.027
1508,11,6,9,9,5,10,0,16,0,4,11,0,13,4,0,13,2,10,6,6,4,3,4,0,14,0,3,6,0,3,3,0,9,2,16.5,64.222,4.975,5.148,87.542
1509,0,0,0,0,0,0,0,0,0,0,0,0,0,0,0,0,0,0,0,0,0,0,0,0,0,0,0,0,0,0,0,0,0,0,0.0,0.0,0.0,-15.59,206.835
1510,0,0,0,0,0,0,0,0,0,0,0,0,0,0,0,0,0,0,0,0,0,0,0,0,0,0,0,0,0,0,0,0,0,0,0.0,0.0,0.0,-15.59,206.835
1511,0,0,0,0,0,0,0,0,0,0,0,0,0,0,0,0,0,0,0,0,0,0,0,0,0,0,0,0,0,0,0,0,0,0,0.0,0.0,0.0,-15.59,206.835
1512,0,0,0,0,0,0,0,0,0,0,0,0,0,0,0,0,0,0,0,0,0,0,0,0,0,0,0,0,0,0,0,0,0,0,0.0,0.0,0.0,-15.59,206.835
1513,5,2,6,4,2,4,0,8,0,0,11,1,8,1,0,6,1,5,2,5,1,2,3,0,8,0,0,7,1,4,1,0,6,1,12.75,49.567,4.258,3.959,89.388
1514,3,8,10,7,2,5,0,6,2,1,11,4,8,3,2,10,2,3,7,10,3,1,4,0,6,2,1,10,4,5,1,2,10,1,19.0,65.76,5.434,8.278,69.555
1515,3,12,10,11,6,6,1,12,2,6,26,2,9,6,0,18,0,3,7,10,4,2,3,1,9,1,2,13,2,4,6,0,14,0,17.286,65.652,4.95,4.317,94.902
1516,1,1,1,2,1,3,0,6,0,1,5,0,1,0,0,4,0,1,1,1,1,1,3,0,6,0,1,5,0,1,0,0,4,0,12.5,53.107,3.536,3.445,92.628
1517,0,0,0,0,0,0,0,0,0,0,0,0,0,0,0,0,0,0,0,0,0,0,0,0,0,0,0,0,0,0,0,0,0,0,0.0,0.0,0.0,-15.59,206.835
1518,0,0,0,0,0,0,0,0,0,0,0,0,0,0,0,0,0,0,0,0,0,0,0,0,0,0,0,0,0,0,0,0,0,0,0.0,0.0,0.0,-15.59,206.835
1519,0,0,0,0,0,0,0,0,0,0,0,0,0,0,0,0,0,0,0,0,0,0,0,0,0,0,0,0,0,0,0,0,0,0,0.0,0.0,0.0,-15.59,206.835
1520,36,31,28,35,15,24,2,58,10,14,58,13,71,11,2,51,10,30,13,20,8,3,9,2,47,8,3,20,12,8,8,1,37,2,13.759,56.953,7.788,3.764,92.58
1521,0,0,0,0,0,0,0,0,0,0,0,0,0,0,0,0,0,0,0,0,0,0,0,0,0,0,0,0,0,0,0,0,0,0,0.0,0.0,0.0,-15.59,206.835
1522,11,6,11,16,8,13,0,22,1,4,24,1,11,3,0,23,0,11,4,11,6,2,5,0,20,1,2,7,1,3,3,0,18,0,15.889,64.834,5.322,4.965,87.768
1523,0,0,0,0,0,1,0,0,0,0,2,2,1,0,0,1,0,0,0,0,0,0,1,0,0,0,0,1,2,1,0,0,1,0,6.0,12.833,1.732,-1.45,116.145
1524,0,0,0,0,0,0,0,0,0,0,0,0,0,0,0,0,0,0,0,0,0,0,0,0,0,0,0,0,0,0,0,0,0,0,0.0,0.0,0.0,-15.59,206.835
1525,4,10,7,10,4,1,0,5,0,3,13,0,3,1,0,10,0,3,7,5,3,2,1,0,4,0,2,7,0,1,1,0,9,0,17.0,66.951,3.516,5.443,86.318
1526,0,0,0,0,0,0,0,0,0,0,0,0,0,0,0,0,0,0,0,0,0,0,0,0,0,0,0,0,0,0,0,0,0,0,0.0,0.0,0.0,-15.59,206.835
1527,41,54,50,57,31,38,0,70,6,28,138,5,117,11,0,90,23,26,18,34,7,4,9,0,44,5,3,23,5,11,6,0,52,3,15.238,58.054,6.568,3.241,98.969
1528,4,4,1,1,2,4,0,11,1,0,6,0,4,1,0,5,0,4,4,1,1,1,3,0,10,1,0,5,0,3,1,0,4,0,20.0,80.691,4.137,6.96,80.785
1529,0,0,0,0,0,0,0,0,0,0,0,0,0,0,0,0,0,0,0,0,0,0,0,0,0,0,0,0,0,0,0,0,0,0,0.0,0.0,0.0,-15.59,206.835
1530,0,0,1,0,0,0,0,0,0,0,0,0,1,0,0,1,0,0,0,1,0,0,0,0,0,0,0,0,0,1,0,0,1,0,2.0,8.381,1.5,8.79,35.605
1531,2,4,4,5,4,6,0,13,2,5,12,0,7,2,0,12,0,2,2,2,3,2,3,0,12,2,2,3,0,4,2,0,10,0,10.143,39.437,4.028,2.492,95.258
1532,0,0,0,0,0,0,0,0,0,0,0,0,0,0,0,0,0,0,0,0,0,0,0,0,0,0,0,0,0,0,0,0,0,0,0.0,0.0,0.0,-15.59,206.835
1533,0,0,0,0,0,0,0,0,0,0,0,0,0,0,0,0,0,0,0,0,0,0,0,0,0,0,0,0,0,0,0,0,0,0,0.0,0.0,0.0,-15.59,206.835
1534,0,0,0,0,0,0,0,0,0,0,0,0,0,0,0,0,0,0,0,0,0,0,0,0,0,0,0,0,0,0,0,0,0,0,0.0,0.0,0.0,-15.59,206.835
1535,1,11,5,9,3,5,2,15,1,2,24,2,16,4,0,21,0,1,8,3,5,1,2,2,12,1,1,8,2,5,4,0,18,0,10.5,37.107,4.83,1.878,100.298
1536,21,29,29,27,13,19,0,45,2,25,62,3,21,10,0,55,2,19,15,14,7,3,6,0,36,2,3,12,3,4,7,0,38,1,18.0,69.933,6.271,5.852,85.165
1537,3,2,5,9,1,4,0,6,2,1,6,0,5,1,0,4,0,3,1,5,4,1,2,0,5,2,1,4,0,2,1,0,4,0,8.8,32.522,3.624,-0.09,111.38
1538,1,2,1,3,3,5,0,3,2,4,4,8,3,0,0,5,1,1,2,1,3,2,4,0,2,2,2,4,8,1,0,0,5,1,14.0,42.447,4.146,3.075,97.954
1539,0,0,0,0,0,0,0,0,0,0,0,0,0,0,0,0,0,0,0,0,0,0,0,0,0,0,0,0,0,0,0,0,0,0,0.0,0.0,0.0,-15.59,206.835
1540,3,1,6,3,2,0,0,5,0,1,11,0,2,1,0,7,0,3,1,5,2,1,0,0,5,0,1,7,0,2,1,0,7,0,8.0,29.644,3.69,4.05,80.275
1541,13,14,15,15,8,12,0,18,1,7,33,0,23,6,0,27,0,13,7,12,6,2,6,0,16,1,2,11,0,3,4,0,20,0,18.778,76.852,5.222,6.536,81.65
1542,1,2,0,1,0,0,0,2,0,1,2,1,6,1,1,2,2,1,2,0,1,0,0,0,2,0,1,2,1,4,1,1,2,1,7.5,27.21,3.286,0.708,103.343
1543,3,3,3,4,2,4,0,5,0,2,12,0,6,2,1,11,0,3,3,2,3,1,3,0,5,0,1,3,0,3,2,1,10,0,8.5,31.649,3.763,0.219,108.631
1544,0,0,0,0,0,0,0,0,0,0,0,0,0,0,0,0,0,0,0,0,0,0,0,0,0,0,0,0,0,0,0,0,0,0,0.0,0.0,0.0,-15.59,206.835
1545,0,0,0,0,0,0,0,0,0,0,0,0,0,0,0,0,0,0,0,0,0,0,0,0,0,0,0,0,0,0,0,0,0,0,0.0,0.0,0.0,-15.59,206.835
1546,9,12,10,16,11,11,2,28,1,12,46,2,15,4,1,36,2,7,8,8,4,3,6,2,23,1,2,17,2,6,3,1,21,2,11.941,44.587,5.509,2.146,100.946
1547,1,2,2,2,1,2,0,4,0,0,7,0,6,0,0,3,1,1,2,2,2,1,1,0,4,0,0,4,0,3,0,0,3,1,8.333,32.596,3.394,1.82,96.857
1548,7,11,8,18,7,9,1,27,0,5,24,7,27,5,4,25,2,6,7,8,5,2,4,1,24,0,2,9,7,3,5,1,18,2,19.625,78.048,5.756,9.05,65.135
1549,2,7,0,2,4,4,0,12,0,2,8,2,5,0,0,7,0,2,6,0,2,1,1,0,12,0,1,7,2,4,0,0,7,0,25.0,95.264,4.3,9.5,71.48
1550,14,29,16,18,6,18,1,41,2,3,37,12,38,8,4,28,5,13,13,12,4,3,4,1,33,2,1,11,8,6,5,2,23,1,15.733,58.302,6.214,4.796,88.7
1551,0,0,0,0,0,0,0,0,0,0,0,0,0,0,0,0,0,0,0,0,0,0,0,0,0,0,0,0,0,0,0,0,0,0,0.0,0.0,0.0,-15.59,206.835
1552,1,1,3,4,1,0,0,1,0,1,6,0,2,1,0,2,0,1,1,3,2,1,0,0,1,0,1,6,0,2,1,0,2,0,10.5,45.418,3.24,4.238,83.378
1553,4,8,3,3,3,4,0,7,0,1,10,1,2,1,0,7,0,4,6,3,2,1,2,0,7,0,1,5,1,2,1,0,7,0,17.333,56.372,4.02,4.105,96.507
1554,0,0,0,0,0,0,0,0,0,0,0,0,0,0,0,0,0,0,0,0,0,0,0,0,0,0,0,0,0,0,0,0,0,0,0.0,0.0,0.0,-15.59,206.835
1555,10,13,15,15,7,14,0,29,0,8,21,8,23,3,0,21,3,9,5,12,6,3,5,0,25,0,3,4,8,8,3,0,14,1,16.7,64.925,5.581,7.528,70.837
1556,0,0,0,0,0,0,0,0,0,0,0,0,0,0,0,0,0,0,0,0,0,0,0,0,0,0,0,0,0,0,0,0,0,0,0.0,0.0,0.0,-15.59,206.835
1557,16,24,23,26,12,10,4,22,2,11,44,6,36,5,0,32,3,15,14,19,5,3,4,3,16,2,2,12,3,9,3,0,25,1,13.278,48.683,5.9,3.166,96.015
1558,4,12,2,4,2,4,0,10,3,5,14,0,8,3,1,13,0,4,6,2,3,1,1,0,7,1,2,5,0,4,3,1,12,0,15.2,58.799,4.056,3.07,100.128
1559,6,3,3,1,5,4,0,10,0,1,6,2,3,2,0,6,0,5,3,3,1,2,3,0,10,0,1,6,2,2,2,0,6,0,49.0,187.59,4.344,19.414,43.149
1560,52,77,46,53,24,51,3,125,5,16,111,4,89,18,0,90,0,47,20,36,8,4,9,3,91,4,2,20,4,8,9,0,60,0,17.763,75.592,8.247,7.298,74.376
1561,1,7,4,5,1,1,0,6,0,1,8,0,3,0,0,4,0,1,6,4,2,1,1,0,5,0,1,5,0,2,0,0,3,0,12.667,52.724,3.556,3.634,91.568
1562,3,3,2,5,2,3,0,8,3,3,9,0,7,0,0,6,0,3,3,2,2,1,2,0,8,3,2,4,0,2,0,0,6,0,11.75,44.531,3.919,2.299,99.509
1563,4,6,8,9,4,4,0,11,0,5,16,3,13,2,0,10,2,4,5,7,5,3,3,0,11,0,2,7,3,5,2,0,9,1,16.8,68.283,4.938,4.307,94.104
1564,0,0,0,0,0,0,0,0,0,0,0,0,0,0,0,0,0,0,0,0,0,0,0,0,0,0,0,0,0,0,0,0,0,0,1.0,0.0,0.707,161.8,-1063.18
1565,4,11,4,9,0,10,1,19,0,3,15,2,14,1,0,12,0,4,5,3,4,0,4,1,19,0,2,7,2,7,1,0,11,0,13.0,52.407,5.115,3.355,94.165
1566,1,1,0,2,0,1,0,2,0,0,3,1,2,0,0,1,1,1,1,0,1,0,1,0,2,0,0,3,1,2,0,0,1,1,6.5,18.467,2.746,0.56,102.622
1567,10,14,14,15,12,9,0,28,2,10,38,0,28,6,0,36,0,10,8,12,5,3,6,0,23,2,2,8,0,4,5,0,29,0,14.923,58.369,5.686,4.585,88.773
1568,18,32,23,19,18,12,0,46,4,15,85,5,58,7,0,64,6,14,16,17,5,2,4,0,38,3,3,20,5,9,5,0,40,2,23.6,82.133,6.652,8.114,78.923
1569,2,2,1,3,0,2,0,1,0,0,3,0,2,1,0,3,0,2,2,1,2,0,2,0,1,0,0,2,0,2,1,0,3,0,9.0,39.619,3.0,0.376,108.4
1570,0,0,0,0,0,0,0,0,0,0,0,0,0,0,0,0,0,0,0,0,0,0,0,0,0,0,0,0,0,0,0,0,0,0,0.0,0.0,0.0,-15.59,206.835
1571,21,36,30,21,15,34,0,78,6,13,69,5,29,12,0,60,7,18,12,19,7,3,7,0,34,4,3,21,5,6,8,0,34,1,22.611,92.157,5.818,7.116,84.319
1572,2,0,2,4,1,0,0,0,0,0,6,8,7,0,2,2,0,1,0,2,2,1,0,0,0,0,0,3,5,2,0,1,1,0,25.0,58.8,2.687,12.096,52.868
1573,7,5,6,5,3,4,0,6,1,3,10,1,9,2,0,8,2,7,4,6,3,2,2,0,5,1,2,5,1,5,1,0,7,2,12.6,53.143,4.722,2.81,97.36
1574,23,26,18,27,13,25,0,58,4,10,66,2,54,6,5,41,4,16,10,14,3,3,7,0,42,3,2,19,2,8,4,1,31,1,16.842,76.365,6.206,6.798,76.323
1575,11,23,17,15,9,13,0,28,2,9,43,2,32,7,0,36,6,10,11,16,6,3,3,0,22,2,3,12,2,9,5,0,22,2,22.1,84.815,5.803,7.072,83.726
1576,18,33,19,16,9,32,0,71,2,11,51,3,35,14,0,51,4,15,16,12,4,3,8,0,48,2,2,14,3,3,10,0,45,1,22.267,96.418,6.771,7.791,78.864
1577,7,5,3,10,3,7,2,17,0,2,10,6,19,2,0,11,1,7,4,3,5,1,4,2,16,0,1,8,4,7,2,0,9,1,9.556,32.586,5.414,1.995,97.78
1578,8,13,27,11,11,9,0,21,0,3,27,1,16,5,0,22,3,8,10,23,4,3,5,0,21,0,2,10,1,6,3,0,17,1,10.062,39.797,5.907,2.7,93.63
1579,0,2,1,2,1,1,0,2,0,0,1,1,2,0,0,2,0,0,2,1,1,1,1,0,2,0,0,1,1,1,0,0,2,0,6.5,21.018,2.55,2.376,89.607
1580,16,22,16,14,8,11,0,26,5,5,27,2,23,6,0,26,2,15,14,13,3,2,3,0,23,4,2,12,2,6,5,0,20,2,20.667,76.206,6.118,7.379,78.971
1581,0,0,0,0,0,0,0,0,0,0,0,0,0,0,0,0,0,0,0,0,0,0,0,0,0,0,0,0,0,0,0,0,0,0,0.0,0.0,0.0,-15.59,206.835
1582,0,0,0,0,0,0,0,0,0,0,0,0,0,0,0,0,0,0,0,0,0,0,0,0,0,0,0,0,0,0,0,0,0,0,0.0,0.0,0.0,-15.59,206.835
1583,0,0,0,0,0,0,0,0,0,0,0,0,0,0,0,0,0,0,0,0,0,0,0,0,0,0,0,0,0,0,0,0,0,0,0.0,0.0,0.0,-15.59,206.835
1584,0,0,0,0,0,0,0,0,0,0,0,0,0,0,0,0,0,0,0,0,0,0,0,0,0,0,0,0,0,0,0,0,0,0,0.0,0.0,0.0,-15.59,206.835
1585,16,20,24,25,19,21,2,35,1,12,74,3,57,16,0,69,1,10,9,16,4,3,6,2,29,1,2,14,3,9,3,0,33,1,21.125,86.056,5.154,5.217,95.287
1586,2,1,0,2,1,1,0,7,1,0,4,13,12,0,2,4,0,1,1,0,2,1,1,0,5,1,0,3,11,3,0,1,3,0,12.0,36.43,3.771,8.101,58.355
1587,0,0,1,0,1,0,0,0,0,0,0,4,1,0,0,0,0,0,0,1,0,1,0,0,0,0,0,0,4,1,0,0,0,0,6.0,12.0,2.021,18.217,-24.855
1588,0,0,0,0,0,0,0,0,0,0,0,0,0,0,0,0,0,0,0,0,0,0,0,0,0,0,0,0,0,0,0,0,0,0,0.0,0.0,0.0,-15.59,206.835
1589,2,1,0,2,1,1,0,7,1,0,4,13,12,0,2,4,0,1,1,0,2,1,1,0,5,1,0,3,11,3,0,1,3,0,12.0,36.43,3.771,8.101,58.355
1590,0,0,0,0,0,0,0,0,0,0,0,0,0,0,0,0,0,0,0,0,0,0,0,0,0,0,0,0,0,0,0,0,0,0,0.0,0.0,0.0,-15.59,206.835
1591,0,0,0,0,0,0,0,0,0,0,0,0,0,0,0,0,0,0,0,0,0,0,0,0,0,0,0,0,0,0,0,0,0,0,0.0,0.0,0.0,-15.59,206.835
1592,4,3,5,2,3,2,1,8,0,1,8,0,12,3,0,8,1,4,2,3,1,1,2,1,4,0,1,5,0,4,3,0,8,1,9.0,33.524,4.111,2.342,94.3
1593,2,1,8,10,6,3,0,11,3,1,11,1,13,0,0,8,1,2,1,7,4,4,3,0,11,2,1,6,1,3,0,0,8,1,13.0,50.739,4.736,1.098,110.342
1594,12,29,19,33,19,31,2,60,2,21,68,2,36,13,0,59,5,10,18,16,7,3,6,2,32,2,3,16,2,7,8,0,37,1,14.462,55.11,5.762,3.199,97.882
1595,2,2,2,3,0,1,1,6,0,0,5,0,6,2,1,3,0,2,2,2,2,0,1,1,6,0,0,4,0,3,1,1,3,0,6.75,24.051,3.674,0.591,102.85
1596,1,0,2,1,0,0,1,0,0,0,2,0,1,0,0,1,0,1,0,2,1,0,0,1,0,0,0,2,0,1,0,0,1,0,8.0,27.314,2.25,2.28,92.965
1597,4,7,10,9,6,7,1,11,0,3,19,1,14,1,1,11,0,4,5,8,5,4,3,1,10,0,2,4,1,5,1,1,7,0,12.857,45.723,4.398,2.404,100.725
1598,2,8,3,3,1,6,0,8,4,2,11,4,7,0,0,12,5,2,3,3,2,1,6,0,6,4,1,7,4,3,0,0,11,2,35.0,122.155,4.564,11.714,73.416
1599,0,0,0,0,0,0,0,0,0,0,0,0,0,0,0,0,0,0,0,0,0,0,0,0,0,0,0,0,0,0,0,0,0,0,0.0,0.0,0.0,-15.59,206.835
1600,0,0,0,0,0,0,0,0,0,0,0,0,0,0,0,0,0,0,0,0,0,0,0,0,0,0,0,0,0,0,0,0,0,0,0.0,0.0,0.0,-15.59,206.835
1601,12,17,7,11,1,10,0,18,3,2,18,20,16,2,0,12,0,12,10,6,4,1,6,0,11,3,2,7,11,5,2,0,11,0,26.4,86.595,5.416,8.83,78.775
1602,2,6,1,4,2,3,0,3,0,2,7,1,3,0,0,4,1,2,5,1,3,2,3,0,3,0,1,7,1,3,0,0,3,1,18.0,79.3,4.125,9.458,59.315
1603,0,1,0,1,0,0,0,1,0,0,1,0,1,1,0,2,1,0,1,0,1,0,0,0,1,0,0,1,0,1,1,0,2,1,8.0,39.5,2.25,2.28,92.965
1604,5,4,7,5,1,2,0,6,0,1,8,0,5,1,0,6,1,5,4,6,3,1,2,0,6,0,1,4,0,5,1,0,5,1,15.667,66.2,4.332,3.073,100.933
1605,3,1,1,2,0,2,0,4,0,1,2,0,2,0,0,3,0,3,1,1,2,0,2,0,4,0,1,2,0,2,0,0,3,0,19.0,81.542,3.407,7.346,76.234
1606,1,5,7,4,2,4,1,9,0,1,11,1,4,0,0,11,1,1,5,5,2,1,1,1,9,0,1,4,1,1,0,0,9,1,11.6,42.705,3.9,5.21,78.371
1607,0,0,2,1,2,0,0,1,0,2,0,0,0,0,0,1,0,0,0,2,1,2,0,0,1,0,1,0,0,0,0,0,1,0,9.0,36.571,1.886,3.653,84.9
1608,2,1,3,4,2,2,0,4,0,2,5,1,3,1,0,6,0,2,1,3,1,1,2,0,4,0,1,1,1,3,1,0,6,0,11.0,43.821,3.2,4.433,82.87
1609,0,0,0,0,0,0,0,0,0,0,0,0,0,0,0,0,0,0,0,0,0,0,0,0,0,0,0,0,0,0,0,0,0,0,0.0,0.0,0.0,-15.59,206.835
1610,0,0,0,0,0,0,0,0,0,0,0,0,0,0,0,0,0,0,0,0,0,0,0,0,0,0,0,0,0,0,0,0,0,0,0.0,0.0,0.0,-15.59,206.835
1611,0,0,0,0,0,0,0,0,0,0,0,0,0,0,0,0,0,0,0,0,0,0,0,0,0,0,0,0,0,0,0,0,0,0,0.0,0.0,0.0,-15.59,206.835
1612,8,9,5,4,4,12,0,18,7,1,17,10,19,1,1,12,0,8,4,5,2,2,3,0,14,6,1,7,10,5,1,1,9,0,15.429,48.006,5.307,4.412,90.908
1613,3,2,4,8,4,5,1,7,0,2,17,2,8,3,1,12,0,3,2,4,4,2,2,1,7,0,2,6,2,5,2,1,8,0,10.143,36.212,4.196,1.495,102.408
1614,10,13,18,16,5,13,1,27,2,9,29,0,18,4,0,25,6,10,7,15,5,3,7,1,24,2,2,9,0,4,1,0,18,2,10.471,42.44,5.565,1.155,105.429
1615,16,16,14,16,6,14,6,26,6,8,32,4,48,3,0,28,4,14,8,12,5,3,4,5,20,5,3,13,3,7,3,0,19,2,12.375,49.637,6.03,3.718,90.447
1616,2,3,1,2,4,3,0,6,0,1,2,3,12,1,0,7,1,2,3,1,1,4,2,0,6,0,1,2,3,3,1,0,7,1,19.5,76.955,4.642,7.748,74.243
1617,25,35,31,43,16,47,5,65,0,17,49,0,50,13,6,34,7,16,10,18,5,3,8,2,25,0,2,15,0,7,6,1,28,1,21.444,86.332,4.859,6.744,84.908
1618,13,22,22,22,13,20,0,35,0,8,49,2,31,5,1,32,1,11,10,17,6,2,4,0,20,0,2,11,2,7,5,1,19,1,20.333,74.727,5.161,5.01,95.356
1619,4,5,5,6,1,4,0,7,0,5,20,2,9,2,0,15,0,4,4,5,4,1,2,0,7,0,2,10,2,2,2,0,12,0,12.667,48.2,4.38,2.858,97.134
1620,1,1,0,4,1,1,0,3,2,1,3,18,17,0,5,1,2,1,1,0,2,1,1,0,3,2,1,3,15,4,0,2,1,1,19.5,30.667,4.076,8.959,65.566
1621,0,0,0,0,0,0,0,0,0,0,0,0,0,0,0,0,0,0,0,0,0,0,0,0,0,0,0,0,0,0,0,0,0,0,0.0,0.0,0.0,-15.59,206.835
1622,0,1,0,1,0,1,1,4,3,0,2,0,4,0,1,2,0,0,1,0,1,0,1,1,4,3,0,2,0,3,0,1,2,0,5.333,16.528,3.359,-1.71,116.822
1623,0,0,0,0,0,0,0,0,0,0,0,0,0,0,0,0,0,0,0,0,0,0,0,0,0,0,0,0,0,0,0,0,0,0,0.0,0.0,0.0,-15.59,206.835
1624,1,2,3,2,3,1,0,4,0,3,9,0,3,0,0,8,0,1,2,3,2,1,1,0,4,0,2,6,0,2,0,0,7,0,12.0,41.994,3.653,2.201,100.655
1625,0,0,0,0,0,0,0,0,0,0,0,0,0,0,0,0,0,0,0,0,0,0,0,0,0,0,0,0,0,0,0,0,0,0,0.0,0.0,0.0,-15.59,206.835
1626,0,0,0,0,0,0,0,0,0,0,0,0,0,0,0,0,0,0,0,0,0,0,0,0,0,0,0,0,0,0,0,0,0,0,0.0,0.0,0.0,-15.59,206.835
1627,0,0,0,0,0,0,0,0,0,0,0,0,0,0,0,0,0,0,0,0,0,0,0,0,0,0,0,0,0,0,0,0,0,0,0.0,0.0,0.0,-15.59,206.835
1628,0,0,0,0,0,0,0,0,0,0,0,0,0,0,0,0,0,0,0,0,0,0,0,0,0,0,0,0,0,0,0,0,0,0,0.0,0.0,0.0,-15.59,206.835
1629,4,3,3,6,1,4,2,11,0,2,12,0,7,1,1,9,1,4,3,3,3,1,3,2,9,0,2,7,0,6,1,1,9,1,15.0,59.702,4.838,4.617,88.68
1630,8,16,5,10,9,12,0,23,5,6,27,1,16,4,0,24,0,6,9,5,4,3,4,0,18,4,2,9,1,4,3,0,15,0,21.429,78.159,4.792,6.77,84.693
1631,4,0,4,5,1,0,0,2,0,2,6,1,3,0,0,4,0,4,0,4,1,1,0,0,2,0,1,3,1,2,0,0,4,0,14.5,52.957,3.02,4.306,90.014
1632,2,3,5,8,7,5,1,13,1,3,16,4,10,2,0,8,0,2,2,4,3,2,4,1,11,1,2,6,4,4,2,0,8,0,19.25,68.35,4.351,4.943,93.907
1633,1,1,2,4,0,2,0,6,0,0,6,0,7,0,1,5,2,1,1,2,3,0,2,0,5,0,0,4,0,4,0,1,5,1,7.25,26.382,3.939,3.106,85.704
1634,2,1,5,3,6,0,0,5,0,3,6,0,4,1,0,10,0,2,1,5,2,3,0,0,5,0,1,4,0,3,1,0,8,0,21.0,84.979,3.819,8.052,74.734
1635,0,0,0,0,0,0,0,0,0,0,0,0,0,0,0,0,0,0,0,0,0,0,0,0,0,0,0,0,0,0,0,0,0,0,0.0,0.0,0.0,-15.59,206.835
1636,3,4,4,3,1,4,0,10,0,0,7,1,3,2,0,7,2,3,3,4,3,1,3,0,8,0,0,5,1,2,2,0,5,2,24.0,92.05,4.287,9.995,66.15
1637,18,28,27,28,18,14,1,41,2,12,51,1,28,3,2,44,0,18,16,15,7,3,6,1,29,2,2,13,1,6,3,1,33,0,17.059,66.872,6.104,5.264,87.709
1638,6,24,26,15,15,8,2,29,0,13,55,1,12,11,0,40,10,6,11,15,4,2,2,2,24,0,2,8,1,3,3,0,28,4,21.167,75.936,5.014,5.208,95.422
1639,2,2,3,4,0,0,0,4,0,0,7,0,4,2,0,3,0,2,2,3,2,0,0,0,2,0,0,4,0,2,1,0,3,0,6.75,29.583,2.722,2.776,87.184
1640,13,28,30,30,16,16,3,27,3,18,56,6,47,11,0,45,6,11,15,19,6,2,5,3,26,3,2,13,6,8,8,0,31,3,18.118,67.576,5.963,4.655,93.957
1641,0,5,4,3,2,3,0,8,1,2,6,3,5,1,1,6,1,0,5,4,2,2,3,0,8,1,2,6,3,3,1,1,6,1,15.0,61.95,4.743,5.469,82.57
1642,15,23,8,18,9,19,1,41,8,6,29,8,23,6,0,24,4,13,12,6,5,1,6,1,30,8,3,13,8,8,4,0,16,1,24.111,100.719,6.24,7.788,82.168
1643,19,30,31,23,8,23,3,45,5,12,40,0,48,9,1,43,1,17,15,21,5,3,8,3,38,4,2,9,0,9,7,1,29,1,14.0,54.126,6.722,4.279,89.321
1644,0,0,0,0,0,0,0,0,0,0,0,0,0,0,0,0,0,0,0,0,0,0,0,0,0,0,0,0,0,0,0,0,0,0,0.0,0.0,0.0,-15.59,206.835
1645,0,0,0,0,0,0,0,0,0,0,0,0,0,0,0,0,0,0,0,0,0,0,0,0,0,0,0,0,0,0,0,0,0,0,0.0,0.0,0.0,-15.59,206.835
1646,9,13,10,12,7,13,1,27,6,7,25,4,17,1,0,19,4,7,6,8,5,3,6,1,20,5,2,5,4,5,1,0,13,1,14.273,53.677,5.135,2.378,103.437
1647,0,0,0,1,0,0,0,0,0,0,2,0,1,0,0,1,0,0,0,0,1,0,0,0,0,0,0,2,0,1,0,0,1,0,4.0,17.933,1.768,-2.23,118.175
1648,10,17,14,24,14,11,0,26,6,11,36,3,28,5,0,37,4,10,10,12,5,4,3,0,19,5,2,12,3,4,5,0,29,1,15.429,54.571,5.581,2.992,101.092
1649,0,0,0,0,0,0,0,0,0,0,0,0,0,0,0,0,0,0,0,0,0,0,0,0,0,0,0,0,0,0,0,0,0,0,0.0,0.0,0.0,-15.59,206.835
1650,15,22,15,21,9,7,0,14,2,9,44,2,9,7,0,21,0,12,7,12,4,3,3,0,10,2,2,13,1,2,5,0,13,0,18.8,73.791,4.384,4.295,97.753
1651,14,21,14,18,8,6,0,17,3,9,36,15,9,5,0,17,2,11,7,11,3,3,3,0,13,3,3,13,12,4,3,0,12,1,18.9,64.266,5.092,4.33,97.68
1652,2,2,4,6,1,1,0,1,0,0,6,1,2,1,0,3,0,2,1,4,3,1,1,0,1,0,0,3,1,3,1,0,2,0,9.667,30.484,3.02,1.608,100.754
1653,15,13,7,9,3,17,3,26,2,0,18,3,21,3,1,18,6,11,8,7,1,3,4,3,18,2,0,11,2,5,3,1,11,1,11.917,46.663,5.144,3.993,87.658
1654,0,0,0,0,0,0,0,0,0,0,0,0,0,0,0,0,0,0,0,0,0,0,0,0,0,0,0,0,0,0,0,0,0,0,0.0,0.0,0.0,-15.59,206.835
1655,13,21,14,18,8,6,0,17,3,10,36,17,10,5,0,18,3,11,7,11,3,3,3,0,13,3,3,13,14,4,3,0,12,2,19.2,65.066,5.103,4.374,97.9
1656,13,21,14,18,8,6,0,17,3,9,36,17,10,5,0,17,3,11,7,11,3,3,3,0,13,3,3,13,14,4,3,0,12,2,19.0,64.266,5.13,4.303,98.052
1657,3,7,7,3,6,8,0,10,0,3,19,1,11,2,0,12,1,3,7,7,1,3,2,0,9,0,2,9,1,7,2,0,12,1,13.667,52.499,5.076,4.13,89.793
1658,14,14,28,20,7,13,0,21,1,12,32,1,21,4,0,35,1,12,8,17,5,3,3,0,15,1,2,12,1,2,4,0,28,1,25.375,99.955,5.211,8.78,77.309
1659,6,8,6,10,3,10,0,16,3,3,16,1,14,2,0,11,1,4,5,5,3,1,3,0,13,2,2,6,1,4,1,0,10,1,13.429,52.361,4.376,3.079,96.905
1660,8,6,15,16,7,6,2,15,1,7,31,0,8,10,1,21,2,7,5,13,6,3,3,1,13,1,2,10,0,2,7,1,17,1,18.375,78.627,5.074,5.303,89.772
1661,8,24,32,18,13,21,2,30,1,7,52,4,40,3,0,53,2,8,12,17,4,1,5,2,21,1,2,14,4,8,2,0,29,1,13.5,51.24,5.379,2.305,102.579
1662,0,0,0,0,0,0,0,0,0,0,0,0,0,0,0,0,0,0,0,0,0,0,0,0,0,0,0,0,0,0,0,0,0,0,0.0,0.0,0.0,-15.59,206.835
1663,1,0,0,1,0,0,0,2,0,0,0,0,1,0,0,1,1,1,0,0,1,0,0,0,2,0,0,0,0,1,0,0,1,1,6.0,25.0,2.021,20.183,-38.955
1664,0,0,0,0,0,0,0,0,0,0,0,0,0,0,0,0,0,0,0,0,0,0,0,0,0,0,0,0,0,0,0,0,0,0,0.0,0.0,0.0,-15.59,206.835
1665,0,0,0,0,0,0,0,0,0,0,0,0,0,0,0,0,0,0,0,0,0,0,0,0,0,0,0,0,0,0,0,0,0,0,0.0,0.0,0.0,-15.59,206.835
1666,16,11,10,11,10,12,2,24,0,9,33,2,15,1,0,29,28,15,5,10,4,4,5,2,18,0,2,8,2,5,1,0,22,2,16.417,62.164,5.038,2.373,107.29
1667,0,0,0,0,0,0,0,0,0,0,0,0,0,0,0,0,0,0,0,0,0,0,0,0,0,0,0,0,0,0,0,0,0,0,0.0,0.0,0.0,-15.59,206.835
1668,0,0,0,0,0,0,0,0,0,0,0,0,0,0,0,0,0,0,0,0,0,0,0,0,0,0,0,0,0,0,0,0,0,0,0.0,0.0,0.0,-15.59,206.835
1669,0,0,0,0,0,0,0,0,0,0,0,0,0,0,0,0,0,0,0,0,0,0,0,0,0,0,0,0,0,0,0,0,0,0,0.0,0.0,0.0,-15.59,206.835
1670,0,0,0,0,0,0,0,0,0,0,0,0,0,0,0,0,0,0,0,0,0,0,0,0,0,0,0,0,0,0,0,0,0,0,0.0,0.0,0.0,-15.59,206.835
1671,0,0,0,0,0,0,0,0,0,0,0,0,0,0,0,0,0,0,0,0,0,0,0,0,0,0,0,0,0,0,0,0,0,0,0.0,0.0,0.0,-15.59,206.835
1672,0,0,0,0,0,0,0,0,0,0,0,0,0,0,0,0,0,0,0,0,0,0,0,0,0,0,0,0,0,0,0,0,0,0,0.0,0.0,0.0,-15.59,206.835
1673,0,0,0,0,0,0,0,0,0,0,0,0,0,0,0,1,0,0,0,0,0,0,0,0,0,0,0,0,0,0,0,0,1,0,1.0,9.0,0.707,20.2,-47.98
1674,1,3,3,3,2,4,0,7,0,2,5,0,2,0,0,5,0,1,3,2,2,1,2,0,6,0,1,2,0,2,0,0,4,0,17.5,56.15,2.988,4.384,94.804
1675,7,5,10,10,4,4,1,8,0,2,19,5,12,4,0,13,2,7,5,10,5,3,3,1,8,0,2,8,5,4,3,0,12,1,10.444,39.981,5.47,3.798,86.434
1676,4,5,4,8,2,3,0,12,2,3,14,2,8,5,0,12,5,4,3,4,5,2,2,0,11,2,2,8,2,4,4,0,10,3,11.571,50.291,4.871,1.16,107.357
1677,0,0,0,0,0,0,0,0,0,0,0,0,0,0,0,0,0,0,0,0,0,0,0,0,0,0,0,0,0,0,0,0,0,0,0.0,0.0,0.0,-15.59,206.835
1678,0,0,0,0,0,0,0,0,0,0,0,0,0,0,0,0,0,0,0,0,0,0,0,0,0,0,0,0,0,0,0,0,0,0,0.0,0.0,0.0,-15.59,206.835
1679,0,0,0,0,0,0,0,0,0,0,0,0,0,0,0,0,0,0,0,0,0,0,0,0,0,0,0,0,0,0,0,0,0,0,0.0,0.0,0.0,-15.59,206.835
1680,0,4,0,3,2,1,0,3,2,0,4,0,2,0,0,2,0,0,4,0,2,2,1,0,3,2,0,4,0,2,0,0,2,0,10.5,39.155,3.395,0.305,111.578
1681,0,0,0,0,0,0,0,0,0,0,0,0,0,0,0,0,0,0,0,0,0,0,0,0,0,0,0,0,0,0,0,0,0,0,0.0,0.0,0.0,-15.59,206.835
1682,5,7,5,6,5,7,0,10,2,0,12,4,17,0,0,6,0,5,6,4,2,2,4,0,10,2,0,7,4,4,0,0,5,0,8.75,28.516,4.564,0.634,106.102
1683,0,0,0,0,0,0,0,0,0,0,0,0,0,0,0,0,0,0,0,0,0,0,0,0,0,0,0,0,0,0,0,0,0,0,0.0,0.0,0.0,-15.59,206.835
1684,0,0,0,0,0,0,0,0,0,0,0,0,0,0,0,0,0,0,0,0,0,0,0,0,0,0,0,0,0,0,0,0,0,0,0.0,0.0,0.0,-15.59,206.835
1685,0,0,0,0,0,0,0,0,0,0,0,0,0,0,0,0,0,0,0,0,0,0,0,0,0,0,0,0,0,0,0,0,0,0,0.0,0.0,0.0,-15.59,206.835
1686,0,0,0,0,0,0,0,0,0,0,0,0,0,0,0,0,0,0,0,0,0,0,0,0,0,0,0,0,0,0,0,0,0,0,0.0,0.0,0.0,-15.59,206.835
1687,0,0,0,0,0,0,0,0,0,0,0,0,0,0,0,0,0,0,0,0,0,0,0,0,0,0,0,0,0,0,0,0,0,0,0.0,0.0,0.0,-15.59,206.835
1688,0,0,0,0,0,0,0,0,0,0,0,0,0,0,0,0,0,0,0,0,0,0,0,0,0,0,0,0,0,0,0,0,0,0,0.0,0.0,0.0,-15.59,206.835
1689,1,0,1,8,4,0,0,6,1,0,9,1,5,2,0,10,0,1,0,1,4,1,0,0,5,1,0,5,1,2,2,0,9,0,10.75,42.338,3.451,3.147,91.649
1690,5,3,0,4,1,3,0,7,0,2,3,2,3,2,0,3,0,4,2,0,1,1,1,0,7,0,2,2,2,2,2,0,3,0,17.5,69.25,3.466,8.766,63.381
1691,0,0,0,0,0,0,0,0,0,0,0,0,0,0,0,0,0,0,0,0,0,0,0,0,0,0,0,0,0,0,0,0,0,0,0.0,0.0,0.0,-15.59,206.835
1692,0,0,0,0,0,0,0,0,0,0,0,0,0,0,0,0,0,0,0,0,0,0,0,0,0,0,0,0,0,0,0,0,0,0,0.0,0.0,0.0,-15.59,206.835
1693,2,4,4,5,3,7,0,16,0,2,21,2,10,6,0,17,4,2,4,4,3,2,3,0,11,0,2,5,2,7,3,0,10,1,13.286,49.483,4.253,3.802,91.466
1694,5,3,0,4,1,3,0,8,0,2,3,2,4,2,1,3,2,4,2,0,1,1,1,0,8,0,2,2,2,3,2,1,3,2,19.5,69.25,3.85,8.353,69.904
1695,5,3,4,3,3,7,0,12,0,1,9,3,16,1,1,7,0,5,3,4,2,1,4,0,10,0,1,5,3,5,1,1,6,0,15.0,54.096,5.021,6.19,77.4
1696,4,1,4,3,2,2,0,3,0,0,4,0,1,1,0,3,0,4,1,3,3,1,2,0,3,0,0,2,0,1,1,0,3,0,9.0,31.8,3.13,1.468,100.567
1697,0,0,0,0,0,0,0,0,0,0,0,0,0,0,0,0,0,0,0,0,0,0,0,0,0,0,0,0,0,0,0,0,0,0,0.0,0.0,0.0,-15.59,206.835
1698,0,0,0,0,0,0,0,0,0,0,0,0,0,0,0,0,0,0,0,0,0,0,0,0,0,0,0,0,0,0,0,0,0,0,0.0,0.0,0.0,-15.59,206.835
1699,11,10,9,6,7,11,0,22,1,7,18,1,11,3,0,14,3,11,6,9,2,3,6,0,20,1,3,9,1,4,3,0,9,2,17.571,71.293,5.611,4.79,92.02
1700,0,0,0,0,0,0,0,0,0,0,0,0,0,0,0,0,0,0,0,0,0,0,0,0,0,0,0,0,0,0,0,0,0,0,0.0,0.0,0.0,-15.59,206.835
1701,0,0,0,0,0,0,0,0,0,0,0,0,0,0,0,0,0,0,0,0,0,0,0,0,0,0,0,0,0,0,0,0,0,0,0.0,0.0,0.0,-15.59,206.835
1702,0,0,0,0,0,0,0,0,0,0,0,0,0,0,0,0,0,0,0,0,0,0,0,0,0,0,0,0,0,0,0,0,0,0,0.0,0.0,0.0,-15.59,206.835
1703,0,1,1,1,0,1,0,1,0,0,0,3,2,0,0,1,2,0,1,1,1,0,1,0,1,0,0,0,3,1,0,0,1,1,11.0,26.1,2.345,2.645,95.688
1704,0,0,0,0,0,0,0,0,0,0,0,0,0,0,0,0,0,0,0,0,0,0,0,0,0,0,0,0,0,0,0,0,0,0,0.0,0.0,0.0,-15.59,206.835
1705,9,5,10,1,3,5,0,19,1,2,4,0,10,1,0,1,5,9,4,9,1,2,3,0,15,1,2,3,0,2,1,0,1,1,66.0,271.15,4.613,26.42,23.2
1706,2,3,1,2,1,2,2,4,0,0,3,0,3,1,0,3,1,2,3,1,1,1,1,2,4,0,0,3,0,3,1,0,3,1,12.5,43.232,3.677,5.805,75.708
1707,0,0,0,0,0,0,0,0,0,0,0,0,0,0,0,0,0,0,0,0,0,0,0,0,0,0,0,0,0,0,0,0,0,0,0.0,0.0,0.0,-15.59,206.835
1708,0,0,0,0,0,0,0,0,0,0,0,0,0,0,0,0,0,0,0,0,0,0,0,0,0,0,0,0,0,0,0,0,0,0,0.0,0.0,0.0,-15.59,206.835
1709,15,22,17,24,14,8,1,30,0,9,40,1,23,9,0,30,0,14,13,13,6,4,3,1,20,0,2,13,1,7,6,0,21,0,20.091,84.799,5.803,6.769,82.32
1710,0,2,0,6,2,4,0,7,0,4,11,0,5,2,0,9,0,0,2,0,5,1,3,0,4,0,2,6,0,3,1,0,8,0,15.667,59.439,3.507,5.835,81.133
1711,4,6,4,6,5,4,1,5,0,4,16,0,9,0,0,12,0,4,4,4,3,2,3,1,4,0,2,5,0,2,0,0,10,0,11.167,40.403,3.628,0.741,109.638
1712,0,0,0,0,0,0,0,0,0,0,0,0,0,0,0,0,0,0,0,0,0,0,0,0,0,0,0,0,0,0,0,0,0,0,0.0,0.0,0.0,-15.59,206.835
1713,0,0,0,0,0,0,0,0,0,0,0,0,0,0,0,0,0,0,0,0,0,0,0,0,0,0,0,0,0,0,0,0,0,0,0.0,0.0,0.0,-15.59,206.835
1714,0,0,0,0,0,0,0,0,0,0,0,0,0,0,0,0,0,0,0,0,0,0,0,0,0,0,0,0,0,0,0,0,0,0,0.0,0.0,0.0,-15.59,206.835
1715,0,0,0,0,0,0,0,0,0,0,0,0,0,0,0,0,0,0,0,0,0,0,0,0,0,0,0,0,0,0,0,0,0,0,0.0,0.0,0.0,-15.59,206.835
1716,5,4,0,6,0,3,1,10,0,1,5,0,6,2,0,8,0,4,4,0,2,0,3,1,9,0,1,2,0,3,2,0,8,0,9.0,39.329,4.006,5.227,73.62
1717,2,6,4,9,4,5,0,10,4,4,18,2,8,3,1,11,0,2,5,4,4,2,5,0,6,3,2,7,2,4,2,1,8,0,16.4,65.738,4.139,2.606,105.589
1718,0,0,0,0,0,0,0,0,0,0,0,0,0,0,0,0,0,0,0,0,0,0,0,0,0,0,0,0,0,0,0,0,0,0,0.0,0.0,0.0,-15.59,206.835
1719,0,0,0,0,0,0,0,0,0,0,0,0,0,0,0,0,0,0,0,0,0,0,0,0,0,0,0,0,0,0,0,0,0,0,0.0,0.0,0.0,-15.59,206.835
1720,0,0,0,0,0,0,0,0,0,0,0,0,0,0,0,0,0,0,0,0,0,0,0,0,0,0,0,0,0,0,0,0,0,0,0.0,0.0,0.0,-15.59,206.835
1721,3,7,3,4,1,5,0,9,0,2,8,0,5,1,1,4,0,3,5,3,2,1,2,0,9,0,1,5,0,3,1,1,4,0,15.667,60.048,4.126,5.082,86.533
1722,0,1,1,1,0,1,0,2,0,0,1,0,2,0,1,1,0,0,1,1,1,0,1,0,2,0,0,1,0,2,0,1,1,0,9.0,36.94,2.593,2.342,94.3
1723,0,0,0,1,1,0,0,0,0,0,2,0,1,0,0,1,0,0,0,0,1,1,0,0,0,0,0,2,0,1,0,0,1,0,5.0,23.5,1.897,-1.84,117.16
1724,39,59,45,53,21,34,1,84,4,16,96,4,76,25,0,73,8,37,21,35,9,4,7,1,68,4,2,15,4,10,15,0,50,1,18.667,74.895,7.859,7.199,76.7
1725,0,0,0,0,0,0,0,0,0,0,0,0,0,0,0,0,0,0,0,0,0,0,0,0,0,0,0,0,0,0,0,0,0,0,0.0,0.0,0.0,-15.59,206.835
1726,4,3,1,3,1,4,0,6,1,3,3,0,4,0,0,2,0,4,3,1,2,1,2,0,5,1,2,3,0,4,0,0,2,0,31.0,123.352,3.81,9.442,82.583
1727,6,13,10,6,2,9,0,12,2,4,19,1,12,3,0,12,1,6,7,9,1,2,5,0,11,2,2,5,1,6,3,0,11,1,12.5,41.039,4.95,3.681,90.936
1728,9,8,15,10,6,13,2,29,3,6,18,2,30,1,0,16,3,8,7,11,3,2,5,2,26,3,3,8,2,5,1,0,14,2,9.4,37.142,6.014,2.721,92.294
1729,0,0,0,0,0,0,0,0,0,0,0,0,0,0,0,0,0,0,0,0,0,0,0,0,0,0,0,0,0,0,0,0,0,0,0.0,0.0,0.0,-15.59,206.835
1730,4,5,2,4,2,2,0,5,0,3,5,0,5,3,0,5,1,4,3,2,3,2,1,0,4,0,2,3,0,3,3,0,4,1,13.667,62.595,3.755,4.706,85.666
1731,0,0,0,0,0,0,0,0,0,0,0,0,0,0,0,0,0,0,0,0,0,0,0,0,0,0,0,0,0,0,0,0,0,0,0.0,0.0,0.0,-15.59,206.835
1732,0,0,0,0,0,0,0,0,0,0,0,0,0,0,0,0,0,0,0,0,0,0,0,0,0,0,0,0,0,0,0,0,0,0,0.0,0.0,0.0,-15.59,206.835
1733,0,0,0,0,0,0,0,0,0,0,0,0,0,0,0,0,0,0,0,0,0,0,0,0,0,0,0,0,0,0,0,0,0,0,0.0,0.0,0.0,-15.59,206.835
1734,1,1,1,2,0,2,0,8,0,0,3,0,4,0,1,1,1,1,1,1,1,0,2,0,8,0,0,3,0,3,0,1,1,1,6.667,22.6,3.637,2.94,85.858
1735,1,1,0,2,1,0,0,3,1,0,4,0,2,1,0,2,1,1,1,0,2,1,0,0,3,1,0,4,0,2,1,0,2,1,17.0,59.271,3.258,11.864,40.286
1736,6,13,10,6,2,9,0,12,2,4,19,1,12,3,0,12,1,6,7,9,1,2,5,0,11,2,2,5,1,6,3,0,11,1,12.5,41.039,4.95,3.681,90.936
1737,0,0,0,0,0,0,0,0,0,0,0,0,0,0,0,0,0,0,0,0,0,0,0,0,0,0,0,0,0,0,0,0,0,0,0.0,0.0,0.0,-15.59,206.835
1738,0,0,0,0,0,0,0,0,0,0,0,0,0,0,0,0,0,0,0,0,0,0,0,0,0,0,0,0,0,0,0,0,0,0,0.0,0.0,0.0,-15.59,206.835
1739,3,7,2,2,3,6,0,15,0,0,4,0,9,1,1,9,5,3,5,2,2,1,2,0,15,0,0,4,0,4,1,1,6,2,28.5,100.381,4.402,8.981,81.434
1740,8,17,11,24,4,21,0,37,3,14,30,0,15,12,1,31,0,6,10,7,5,2,4,0,21,3,3,13,0,4,4,1,24,0,30.286,123.118,4.856,8.856,85.509
1741,3,4,0,5,1,3,0,9,0,1,6,4,8,2,0,5,0,3,2,0,3,1,3,0,9,0,1,4,4,7,2,0,5,0,14.667,52.074,4.584,3.807,93.889
1742,12,9,5,9,3,6,1,20,3,0,12,2,21,3,0,7,2,10,5,4,2,2,2,1,16,3,0,7,2,7,2,0,5,1,11.625,44.126,4.839,3.281,92.242
1743,0,0,0,0,0,0,0,0,0,0,0,0,0,0,0,0,0,0,0,0,0,0,0,0,0,0,0,0,0,0,0,0,0,0,0.0,0.0,0.0,-15.59,206.835
1744,20,27,7,35,13,14,0,41,3,18,71,1,42,11,0,57,8,17,12,7,8,3,5,0,25,2,2,12,1,3,6,0,29,3,14.13,54.578,5.06,3.391,95.918
1745,0,0,0,0,0,0,0,0,0,0,0,0,0,0,0,0,0,0,0,0,0,0,0,0,0,0,0,0,0,0,0,0,0,0,0.0,0.0,0.0,-15.59,206.835
1746,0,0,0,0,0,0,0,0,0,0,0,0,0,0,0,0,0,0,0,0,0,0,0,0,0,0,0,0,0,0,0,0,0,0,0.0,0.0,0.0,-15.59,206.835
1747,1,4,1,1,0,2,0,4,1,2,2,3,1,2,0,6,0,1,3,1,1,0,2,0,4,1,1,2,3,1,2,0,5,0,29.0,88.648,3.545,7.927,89.883
1748,7,6,5,4,2,4,1,11,1,3,9,3,9,1,0,10,0,7,5,4,2,2,2,1,11,1,2,3,2,2,1,0,10,0,11.167,40.635,4.665,5.672,74.283
1749,0,0,0,0,0,0,0,0,0,0,0,0,0,0,0,0,0,0,0,0,0,0,0,0,0,0,0,0,0,0,0,0,0,0,0.0,0.0,0.0,-15.59,206.835
1750,11,48,31,22,14,27,1,64,5,7,74,0,40,11,0,59,0,10,16,26,5,1,5,1,52,4,2,14,0,6,5,0,47,0,17.81,68.513,6.801,5.617,86.514
1751,0,0,0,0,0,0,0,0,0,0,0,0,0,0,0,0,0,0,0,0,0,0,0,0,0,0,0,0,0,0,0,0,0,0,0.0,0.0,0.0,-15.59,206.835
1752,6,2,3,6,2,3,0,6,0,2,12,0,3,2,0,6,0,6,2,2,4,1,3,0,5,0,2,6,0,1,2,0,6,0,12.5,56.146,4.0,2.973,96.012
1753,3,7,4,6,8,11,0,20,1,5,14,1,12,2,0,18,3,3,6,4,2,3,6,0,17,1,2,7,1,3,2,0,15,1,14.714,57.451,4.877,4.24,90.873
1754,0,0,0,0,0,0,0,0,0,0,0,0,0,0,0,0,0,0,0,0,0,0,0,0,0,0,0,0,0,0,0,0,0,0,0.0,0.0,0.0,-15.59,206.835
1755,3,8,3,6,3,4,0,6,0,3,7,0,5,3,0,8,0,3,8,3,3,1,2,0,6,0,2,4,0,3,3,0,7,0,27.0,115.839,4.234,8.707,80.73
1756,0,0,0,0,0,0,0,0,0,0,0,0,0,0,0,0,0,0,0,0,0,0,0,0,0,0,0,0,0,0,0,0,0,0,0.0,0.0,0.0,-15.59,206.835
1757,6,7,2,2,2,4,0,8,3,1,1,5,8,1,1,5,1,5,6,2,2,1,3,0,7,2,1,1,5,4,1,1,5,1,24.0,81.895,4.797,7.045,87.3
1758,0,1,1,1,1,2,0,3,0,2,2,0,4,0,0,4,0,0,1,1,1,1,2,0,3,0,1,1,0,3,0,0,4,0,17.0,64.933,3.087,4.922,90.051
1759,0,0,0,0,0,0,0,0,0,0,0,0,0,0,0,0,0,0,0,0,0,0,0,0,0,0,0,0,0,0,0,0,0,0,0.0,0.0,0.0,-15.59,206.835
1760,0,0,0,0,0,0,0,0,0,0,0,0,0,0,0,0,0,0,0,0,0,0,0,0,0,0,0,0,0,0,0,0,0,0,0.0,0.0,0.0,-15.59,206.835
1761,7,7,5,7,5,1,0,8,1,4,15,1,7,2,0,10,1,7,4,4,3,3,1,0,6,1,2,7,1,3,2,0,9,1,14.8,57.984,4.439,0.706,116.359
1762,21,38,32,27,15,33,0,86,8,12,60,16,64,5,1,61,16,19,16,25,5,3,6,0,60,5,2,16,12,9,3,1,31,6,21.4,88.174,7.041,7.644,78.376
1763,0,0,0,0,0,0,0,0,0,0,0,0,0,0,0,0,0,0,0,0,0,0,0,0,0,0,0,0,0,0,0,0,0,0,0.0,0.0,0.0,-15.59,206.835
1764,0,0,0,0,0,0,0,0,0,0,0,0,0,0,0,0,0,0,0,0,0,0,0,0,0,0,0,0,0,0,0,0,0,0,0.0,0.0,0.0,-15.59,206.835
1765,3,1,0,2,2,1,0,3,0,0,2,12,13,0,0,2,0,3,1,0,1,1,1,0,3,0,0,1,11,4,0,0,2,0,27.0,57.692,3.674,12.859,50.963
1766,0,0,0,0,0,0,0,0,0,0,0,0,0,0,0,0,0,0,0,0,0,0,0,0,0,0,0,0,0,0,0,0,0,0,0.0,0.0,0.0,-15.59,206.835
1767,0,0,0,0,0,0,0,0,0,0,0,0,0,0,0,0,0,0,0,0,0,0,0,0,0,0,0,0,0,0,0,0,0,0,0.0,0.0,0.0,-15.59,206.835
1768,0,0,0,0,0,0,0,0,0,0,0,0,0,0,0,0,0,0,0,0,0,0,0,0,0,0,0,0,0,0,0,0,0,0,0.0,0.0,0.0,-15.59,206.835
1769,1,3,1,2,3,2,0,7,2,1,7,0,4,0,1,4,0,1,3,1,2,2,1,0,7,2,1,4,0,2,0,1,4,0,11.0,38.416,3.693,1.93,100.815
1770,0,0,0,0,0,0,0,0,0,0,0,0,0,0,0,0,0,0,0,0,0,0,0,0,0,0,0,0,0,0,0,0,0,0,0.0,0.0,0.0,-15.59,206.835
1771,0,0,0,0,0,0,0,0,0,0,0,0,0,0,0,0,0,0,0,0,0,0,0,0,0,0,0,0,0,0,0,0,0,0,0.0,0.0,0.0,-15.59,206.835
1772,0,0,0,0,0,0,0,0,0,0,0,0,0,0,0,0,0,0,0,0,0,0,0,0,0,0,0,0,0,0,0,0,0,0,0.0,0.0,0.0,-15.59,206.835
1773,0,0,0,0,0,0,0,0,0,0,0,0,0,0,0,0,0,0,0,0,0,0,0,0,0,0,0,0,0,0,0,0,0,0,0.0,0.0,0.0,-15.59,206.835
1774,0,0,0,0,0,0,0,0,0,0,0,0,0,0,0,0,0,0,0,0,0,0,0,0,0,0,0,0,0,0,0,0,0,0,0.0,0.0,0.0,-15.59,206.835
1775,13,20,11,16,10,23,4,54,12,0,30,1,55,6,2,23,13,12,11,9,2,3,7,1,34,7,0,14,1,6,4,2,19,1,33.571,112.183,5.904,10.207,81.68
1776,0,0,0,0,0,0,0,0,0,0,0,0,0,0,0,0,0,0,0,0,0,0,0,0,0,0,0,0,0,0,0,0,0,0,0.0,0.0,0.0,-15.59,206.835
1777,0,0,0,0,0,0,0,0,0,0,0,0,0,0,0,0,0,0,0,0,0,0,0,0,0,0,0,0,0,0,0,0,0,0,0.0,0.0,0.0,-15.59,206.835
1778,6,8,13,3,4,7,1,12,1,3,18,0,13,1,1,15,0,5,7,11,3,2,3,1,9,1,2,7,0,5,1,1,13,0,18.6,72.597,4.986,7.651,73.337
1779,5,8,13,12,4,6,0,15,1,4,16,1,8,3,0,13,0,5,7,10,6,2,4,0,15,1,2,7,1,5,2,0,9,0,16.833,68.614,5.207,5.228,87.559
1780,0,0,0,0,0,0,0,0,0,0,0,0,0,0,0,0,0,0,0,0,0,0,0,0,0,0,0,0,0,0,0,0,0,0,0.0,0.0,0.0,-15.59,206.835
1781,0,0,0,0,0,0,0,0,0,0,0,0,0,0,0,0,0,0,0,0,0,0,0,0,0,0,0,0,0,0,0,0,0,0,0.0,0.0,0.0,-15.59,206.835
1782,10,14,5,7,5,7,2,25,3,0,12,6,15,1,0,5,2,8,12,5,2,2,3,2,22,3,0,4,5,6,1,0,5,1,10.4,38.178,5.547,4.578,80.767
1783,0,0,0,0,0,0,0,0,0,0,0,0,0,0,0,0,0,0,0,0,0,0,0,0,0,0,0,0,0,0,0,0,0,0,0.0,0.0,0.0,-15.59,206.835
1784,8,10,12,19,6,17,1,30,0,11,35,1,26,6,0,27,0,7,7,11,7,4,4,1,20,0,2,12,1,6,3,0,19,0,20.333,86.067,4.966,5.945,88.652
1785,14,16,12,18,10,13,0,39,3,8,15,7,27,4,0,27,1,14,12,10,5,2,5,0,37,3,2,5,5,5,4,0,19,1,26.571,105.996,6.533,10.823,64.791
1786,0,0,0,0,0,0,0,0,0,0,0,0,0,0,0,0,0,0,0,0,0,0,0,0,0,0,0,0,0,0,0,0,0,0,0.0,0.0,0.0,-15.59,206.835
1787,0,0,0,0,0,0,0,0,0,0,0,0,0,0,0,0,0,0,0,0,0,0,0,0,0,0,0,0,0,0,0,0,0,0,0.0,0.0,0.0,-15.59,206.835
1788,1,0,0,2,1,0,0,1,0,0,4,0,1,0,0,1,1,1,0,0,2,1,0,0,1,0,0,4,0,1,0,0,1,1,11.0,32.5,2.558,1.573,103.379
1789,1,0,0,2,1,0,0,1,0,0,4,0,1,0,0,1,0,1,0,0,2,1,0,0,1,0,0,4,0,1,0,0,1,0,10.0,32.5,2.46,2.47,95.165
1790,0,0,0,0,0,0,0,0,0,0,0,0,0,0,0,0,0,0,0,0,0,0,0,0,0,0,0,0,0,0,0,0,0,0,0.0,0.0,0.0,-15.59,206.835
1791,2,6,8,4,5,6,1,11,0,4,13,2,14,1,1,12,0,2,4,7,4,3,4,1,10,0,1,9,1,5,1,1,11,0,6.333,24.313,5.029,2.096,91.317
1792,1,3,1,3,0,3,0,3,0,0,3,1,5,1,0,2,1,1,3,1,2,0,2,0,3,0,0,3,1,4,1,0,2,1,11.0,46.66,3.618,2.645,95.688
1793,7,8,10,4,4,2,3,22,2,2,18,2,21,1,0,12,3,7,6,10,3,2,1,3,16,1,1,5,2,6,1,0,11,1,11.111,43.691,5.091,3.611,88.961
1794,0,0,0,0,0,0,0,0,0,0,0,0,0,0,0,0,0,0,0,0,0,0,0,0,0,0,0,0,0,0,0,0,0,0,0.0,0.0,0.0,-15.59,206.835
1795,52,63,56,41,32,40,0,97,7,14,125,6,84,14,1,81,7,28,16,31,7,3,7,0,36,5,3,20,6,6,5,1,41,2,23.519,88.89,5.584,6.887,87.572
1796,4,7,3,8,4,4,0,9,1,3,11,0,4,1,0,6,2,4,7,2,4,2,1,0,8,1,2,4,0,3,1,0,6,1,12.6,46.259,3.92,3.184,94.675
1797,0,0,0,0,0,0,0,0,0,0,0,0,0,0,0,0,0,0,0,0,0,0,0,0,0,0,0,0,0,0,0,0,0,0,0.0,0.0,0.0,-15.59,206.835
1798,0,0,0,0,0,0,0,0,0,0,0,0,0,0,0,0,0,0,0,0,0,0,0,0,0,0,0,0,0,0,0,0,0,0,0.0,0.0,0.0,-15.59,206.835
1799,0,0,0,0,0,0,0,0,0,0,0,0,0,0,0,0,0,0,0,0,0,0,0,0,0,0,0,0,0,0,0,0,0,0,0.0,0.0,0.0,-15.59,206.835
1800,2,3,3,4,0,0,0,4,1,0,7,0,4,1,0,7,0,2,3,3,3,0,0,0,4,1,0,6,0,2,1,0,6,0,10.667,41.449,3.625,2.214,98.19
1801,0,0,0,0,0,0,0,0,0,0,0,0,0,0,0,0,0,0,0,0,0,0,0,0,0,0,0,0,0,0,0,0,0,0,0.0,0.0,0.0,-15.59,206.835
1802,0,0,0,0,0,0,0,0,0,0,0,0,0,0,0,0,0,0,0,0,0,0,0,0,0,0,0,0,0,0,0,0,0,0,0.0,0.0,0.0,-15.59,206.835
1803,2,4,2,2,0,2,0,4,1,0,2,1,2,2,0,3,0,2,4,2,1,0,2,0,4,1,0,2,1,1,2,0,3,0,12.5,39.726,3.536,5.805,75.708
1804,6,19,15,16,7,14,0,17,19,7,43,57,65,3,0,26,20,6,11,14,6,4,4,0,15,19,3,13,52,9,3,0,16,2,8.152,20.965,7.329,-0.435,112.703
1805,0,0,0,0,0,0,0,0,0,0,0,0,0,0,0,0,0,0,0,0,0,0,0,0,0,0,0,0,0,0,0,0,0,0,0.0,0.0,0.0,-15.59,206.835
1806,0,0,0,0,0,0,0,0,0,0,0,0,0,0,0,0,0,0,0,0,0,0,0,0,0,0,0,0,0,0,0,0,0,0,0.0,0.0,0.0,-15.59,206.835
1807,5,8,7,6,5,11,0,21,0,0,15,0,10,0,0,12,1,5,6,7,2,3,4,0,19,0,0,7,0,5,0,0,10,1,13.0,55.383,4.892,3.484,93.236
1808,0,0,0,0,0,0,0,0,0,0,0,0,0,0,0,0,0,0,0,0,0,0,0,0,0,0,0,0,0,0,0,0,0,0,0.0,0.0,0.0,-15.59,206.835
1809,0,0,0,0,0,0,0,0,0,0,0,0,0,0,0,0,0,0,0,0,0,0,0,0,0,0,0,0,0,0,0,0,0,0,0.0,0.0,0.0,-15.59,206.835
1810,14,13,10,12,5,14,0,27,0,8,23,0,23,3,0,20,1,13,7,6,4,2,5,0,20,0,4,11,0,11,2,0,18,1,18.625,75.863,5.851,5.929,85.729
1811,0,0,0,0,0,0,0,0,0,0,0,0,0,0,0,0,0,0,0,0,0,0,0,0,0,0,0,0,0,0,0,0,0,0,0.0,0.0,0.0,-15.59,206.835
1812,0,0,0,0,0,0,0,0,0,0,0,0,0,0,0,0,0,0,0,0,0,0,0,0,0,0,0,0,0,0,0,0,0,0,0.0,0.0,0.0,-15.59,206.835
1813,0,0,0,0,0,0,0,0,0,0,0,0,0,0,0,0,0,0,0,0,0,0,0,0,0,0,0,0,0,0,0,0,0,0,0.0,0.0,0.0,-15.59,206.835
1814,0,0,0,0,0,0,0,0,0,0,0,0,0,0,0,0,0,0,0,0,0,0,0,0,0,0,0,0,0,0,0,0,0,0,0.0,0.0,0.0,-15.59,206.835
1815,0,0,0,0,0,0,0,0,0,0,0,0,0,0,0,0,0,0,0,0,0,0,0,0,0,0,0,0,0,0,0,0,0,0,0.0,0.0,0.0,-15.59,206.835
1816,7,8,9,13,2,6,0,11,1,7,15,2,7,6,0,14,1,7,8,8,4,2,3,0,11,1,2,8,2,3,4,0,12,1,25.5,107.356,5.111,8.353,80.594
1817,0,0,0,0,0,0,0,0,0,0,0,0,0,0,0,0,0,0,0,0,0,0,0,0,0,0,0,0,0,0,0,0,0,0,0.0,0.0,0.0,-15.59,206.835
1818,0,0,0,0,0,0,0,0,0,0,0,0,0,0,0,0,0,0,0,0,0,0,0,0,0,0,0,0,0,0,0,0,0,0,0.0,0.0,0.0,-15.59,206.835
1819,0,0,0,0,0,0,0,0,0,0,0,0,0,0,0,0,0,0,0,0,0,0,0,0,0,0,0,0,0,0,0,0,0,0,0.0,0.0,0.0,-15.59,206.835
1820,0,0,0,0,0,0,0,0,0,0,0,0,0,0,0,0,0,0,0,0,0,0,0,0,0,0,0,0,0,0,0,0,0,0,0.0,0.0,0.0,-15.59,206.835
1821,9,3,3,6,6,5,0,8,0,2,8,0,5,0,1,8,0,8,3,3,1,3,2,0,6,0,1,6,0,2,0,1,5,0,29.0,123.583,3.621,10.368,72.379
1822,1,0,0,1,0,2,0,5,0,1,4,0,5,1,1,4,1,1,0,0,1,0,2,0,5,0,1,3,0,5,1,1,4,1,11.0,39.38,3.769,2.645,95.688
1823,0,0,0,0,0,0,0,0,0,0,0,0,0,0,0,0,0,0,0,0,0,0,0,0,0,0,0,0,0,0,0,0,0,0,0.0,0.0,0.0,-15.59,206.835
1824,0,0,0,0,0,0,0,0,0,0,0,0,0,0,0,0,0,0,0,0,0,0,0,0,0,0,0,0,0,0,0,0,0,0,0.0,0.0,0.0,-15.59,206.835
1825,0,0,0,0,0,0,0,0,0,0,0,0,0,0,0,0,0,0,0,0,0,0,0,0,0,0,0,0,0,0,0,0,0,0,0.0,0.0,0.0,-15.59,206.835
1826,0,0,0,0,0,0,0,0,0,0,0,0,0,0,0,0,0,0,0,0,0,0,0,0,0,0,0,0,0,0,0,0,0,0,0.0,0.0,0.0,-15.59,206.835
1827,1,2,2,4,1,2,0,3,0,0,8,2,9,1,1,7,1,1,2,2,2,1,2,0,3,0,0,6,2,5,1,1,6,1,8.75,27.904,4.183,5.017,74.679
1828,0,0,0,0,0,0,0,0,0,0,0,0,0,0,0,0,0,0,0,0,0,0,0,0,0,0,0,0,0,0,0,0,0,0,0.0,0.0,0.0,-15.59,206.835
1829,1,4,4,3,2,1,0,4,0,1,7,0,4,2,0,3,0,1,4,4,2,1,1,0,4,0,1,7,0,3,1,0,3,0,16.0,59.525,4.0,4.663,90.133
1830,5,6,8,5,6,3,0,11,1,2,17,0,10,2,0,13,2,5,6,6,2,2,3,0,10,1,2,8,0,2,1,0,12,2,13.5,57.475,4.714,2.349,102.266
1831,0,0,0,0,0,0,0,0,0,0,0,0,0,0,0,0,0,0,0,0,0,0,0,0,0,0,0,0,0,0,0,0,0,0,0.0,0.0,0.0,-15.59,206.835
1832,0,0,0,0,0,0,0,0,0,0,0,0,0,0,0,0,0,0,0,0,0,0,0,0,0,0,0,0,0,0,0,0,0,0,0.0,0.0,0.0,-15.59,206.835
1833,0,0,0,0,0,0,0,0,0,0,0,0,0,0,0,0,0,0,0,0,0,0,0,0,0,0,0,0,0,0,0,0,0,0,0.0,0.0,0.0,-15.59,206.835
1834,8,7,7,10,8,8,0,16,2,0,22,6,19,3,0,20,8,8,4,7,4,2,4,0,15,2,0,9,5,4,3,0,18,1,12.5,40.878,5.249,2.407,100.072
1835,2,6,10,4,4,3,0,7,1,2,13,0,13,1,0,13,3,2,5,9,3,2,3,0,7,1,2,5,0,5,1,0,11,2,11.5,43.271,4.682,1.721,103.206
1836,0,0,0,0,0,0,0,0,0,0,0,0,0,0,0,0,0,0,0,0,0,0,0,0,0,0,0,0,0,0,0,0,0,0,0.0,0.0,0.0,-15.59,206.835
1837,8,16,16,14,4,7,1,25,0,9,35,0,23,6,0,24,3,7,11,8,4,2,3,1,17,0,2,7,0,4,3,0,19,1,16.9,68.156,4.569,5.175,88.061
1838,0,0,0,0,0,0,0,0,0,0,0,0,0,0,0,0,0,0,0,0,0,0,0,0,0,0,0,0,0,0,0,0,0,0,0.0,0.0,0.0,-15.59,206.835
1839,0,0,0,0,0,0,0,0,0,0,0,0,0,0,0,0,0,0,0,0,0,0,0,0,0,0,0,0,0,0,0,0,0,0,0.0,0.0,0.0,-15.59,206.835
1840,0,0,0,0,0,0,0,0,0,0,0,0,0,0,0,0,0,0,0,0,0,0,0,0,0,0,0,0,0,0,0,0,0,0,0.0,0.0,0.0,-15.59,206.835
1841,0,0,0,0,0,0,0,0,0,0,0,0,0,0,0,0,0,0,0,0,0,0,0,0,0,0,0,0,0,0,0,0,0,0,0.0,0.0,0.0,-15.59,206.835
1842,38,52,22,30,13,47,2,92,5,15,76,14,101,14,2,49,7,32,18,19,8,2,7,2,71,4,4,20,13,9,7,1,40,3,16.241,66.756,7.885,5.751,82.759
1843,0,0,0,0,0,0,0,0,0,0,2,0,1,0,0,1,0,0,0,0,0,0,0,0,0,0,0,2,0,1,0,0,1,0,3.0,11.667,1.633,-2.62,119.19
1844,0,0,0,0,0,0,0,0,0,0,0,0,0,0,0,0,0,0,0,0,0,0,0,0,0,0,0,0,0,0,0,0,0,0,0.0,0.0,0.0,-15.59,206.835
1845,0,2,3,2,0,1,0,1,1,0,3,2,3,0,0,3,1,0,2,3,2,0,1,0,1,1,0,3,2,1,0,0,3,1,6.333,20.39,3.244,-0.699,111.354
1846,0,0,0,0,0,0,0,0,0,0,0,0,0,0,0,0,0,0,0,0,0,0,0,0,0,0,0,0,0,0,0,0,0,0,0.0,0.0,0.0,-15.59,206.835
1847,26,33,13,26,5,23,1,39,3,6,42,4,40,7,0,29,6,22,14,11,7,3,6,1,33,3,2,10,4,6,5,0,19,1,18.929,70.447,6.081,5.151,91.849
1848,3,3,3,3,2,0,0,7,2,0,6,2,7,0,0,3,0,3,3,3,2,2,0,0,6,2,0,3,1,4,0,0,3,0,8.5,26.846,3.881,-0.128,111.119
1849,0,0,0,0,0,0,0,0,0,0,0,0,0,0,0,0,0,0,0,0,0,0,0,0,0,0,0,0,0,0,0,0,0,0,0.0,0.0,0.0,-15.59,206.835
1850,0,0,0,0,0,0,0,0,0,0,0,0,0,0,0,0,0,0,0,0,0,0,0,0,0,0,0,0,0,0,0,0,0,0,0.0,0.0,0.0,-15.59,206.835
1851,0,0,0,0,0,0,0,0,0,0,0,0,0,0,0,0,0,0,0,0,0,0,0,0,0,0,0,0,0,0,0,0,0,0,0.0,0.0,0.0,-15.59,206.835
1852,1,3,2,0,1,3,0,7,0,2,0,0,2,0,0,4,0,1,3,2,0,1,2,0,7,0,1,0,0,2,0,0,4,0,23.0,91.444,3.391,8.771,73.142
1853,0,0,0,0,0,0,0,0,0,0,0,0,0,0,0,0,0,0,0,0,0,0,0,0,0,0,0,0,0,0,0,0,0,0,0.0,0.0,0.0,-15.59,206.835
1854,2,2,0,4,2,2,1,4,0,0,6,0,3,0,0,4,0,2,2,0,1,1,2,1,4,0,0,4,0,4,0,0,4,0,14.0,52.845,3.341,3.356,95.939
1855,25,38,28,21,13,38,1,76,1,7,34,7,48,7,0,44,6,20,12,18,7,4,8,1,45,1,2,14,6,6,3,0,33,1,23.133,89.696,6.415,8.156,77.788
1856,2,0,2,1,0,4,0,7,0,0,4,4,13,0,1,6,1,2,0,2,1,0,2,0,7,0,0,3,4,8,0,1,6,1,10.333,30.271,4.699,5.188,76.269
1857,1,3,1,0,0,1,0,3,0,0,2,0,2,0,0,2,1,1,3,1,0,0,1,0,3,0,0,1,0,2,0,0,2,1,7.0,26.55,2.835,2.311,90.959
1858,2,2,1,2,1,1,0,3,0,0,3,0,1,1,0,2,0,2,2,1,2,1,1,0,3,0,0,3,0,1,1,0,2,0,18.0,64.067,3.167,5.197,89.865
1859,1,1,4,1,1,4,1,8,0,1,4,1,4,1,0,3,1,1,1,4,1,1,3,1,7,0,1,2,1,4,1,0,3,1,16.0,56.705,4.0,12.406,34.614
1860,11,25,14,16,11,14,0,26,0,11,49,0,28,8,0,32,5,9,12,11,5,2,4,0,20,0,2,15,0,7,5,0,23,2,24.667,98.984,5.315,8.594,77.382
1861,0,0,0,0,0,0,0,0,0,0,0,0,0,0,0,0,0,0,0,0,0,0,0,0,0,0,0,0,0,0,0,0,0,0,0.0,0.0,0.0,-15.59,206.835
1862,0,0,0,0,0,0,0,0,0,0,0,0,0,0,0,0,0,0,0,0,0,0,0,0,0,0,0,0,0,0,0,0,0,0,0.0,0.0,0.0,-15.59,206.835
1863,1,2,0,3,1,1,0,5,1,1,8,1,6,2,0,5,0,1,2,0,3,1,1,0,5,1,1,5,1,4,2,0,4,0,15.5,64.208,3.81,4.158,92.857
1864,1,1,0,1,0,0,0,3,0,0,2,0,2,0,0,2,1,1,1,0,1,0,0,0,3,0,0,2,0,2,0,0,2,1,3.667,9.929,2.772,-0.215,103.132
1865,0,0,0,0,0,0,0,0,0,0,0,0,0,0,0,0,0,0,0,0,0,0,0,0,0,0,0,0,0,0,0,0,0,0,0.0,0.0,0.0,-15.59,206.835
1866,12,19,20,23,9,8,2,33,4,14,36,15,49,8,0,29,16,10,9,15,8,2,3,2,22,3,3,13,10,8,6,0,15,2,11.667,43.631,5.511,0.953,109.012
1867,7,8,13,11,9,12,2,39,3,7,37,5,26,6,0,30,2,7,6,10,5,2,6,2,31,3,2,16,5,8,5,0,21,1,21.333,93.315,6.226,6.558,86.041
1868,8,16,15,10,4,5,1,24,9,2,15,0,20,1,0,7,2,6,9,12,3,2,3,1,17,5,2,9,0,7,1,0,7,1,19.167,76.384,5.143,5.532,89.539
1869,0,0,0,0,0,0,0,0,0,0,0,0,0,0,0,0,0,0,0,0,0,0,0,0,0,0,0,0,0,0,0,0,0,0,0.0,0.0,0.0,-15.59,206.835
1870,0,0,0,0,0,0,0,1,0,0,0,0,0,0,0,0,0,0,0,0,0,0,0,0,1,0,0,0,0,0,0,0,0,0,1.0,0.0,0.707,279.8,-1909.18
1871,0,0,0,0,0,0,0,0,0,0,0,0,0,0,0,0,0,0,0,0,0,0,0,0,0,0,0,0,0,0,0,0,0,0,0.0,0.0,0.0,-15.59,206.835
1872,12,15,10,17,13,11,1,29,1,11,38,0,25,5,0,33,1,10,11,8,5,3,2,1,26,1,2,9,0,5,4,0,20,1,17.909,69.177,5.139,4.752,92.892
1873,0,0,0,0,0,0,0,0,0,0,0,0,0,0,0,0,0,0,0,0,0,0,0,0,0,0,0,0,0,0,0,0,0,0,0.0,0.0,0.0,-15.59,206.835
1874,15,14,20,14,8,13,0,20,1,8,27,2,12,5,0,24,1,13,10,15,5,2,5,0,17,1,2,7,2,4,4,0,19,1,17.2,69.549,5.446,4.221,95.432
1875,1,5,2,4,2,5,0,9,0,3,6,0,3,0,0,5,0,1,4,2,1,2,3,0,8,0,2,4,0,3,0,0,3,0,21.0,92.167,3.382,8.052,74.734
1876,0,0,0,0,0,0,0,0,0,0,0,0,0,0,0,0,0,0,0,0,0,0,0,0,0,0,0,0,0,0,0,0,0,0,0.0,0.0,0.0,-15.59,206.835
1877,0,0,0,0,0,0,0,0,0,0,0,0,0,0,0,0,0,0,0,0,0,0,0,0,0,0,0,0,0,0,0,0,0,0,0.0,0.0,0.0,-15.59,206.835
1878,0,0,0,0,0,0,0,0,0,0,0,0,0,0,0,0,0,0,0,0,0,0,0,0,0,0,0,0,0,0,0,0,0,0,0.0,0.0,0.0,-15.59,206.835
1879,0,0,0,0,0,0,0,0,0,0,0,0,0,0,0,0,0,0,0,0,0,0,0,0,0,0,0,0,0,0,0,0,0,0,0.0,0.0,0.0,-15.59,206.835
1880,0,0,0,0,0,0,0,0,0,0,0,0,0,0,0,0,0,0,0,0,0,0,0,0,0,0,0,0,0,0,0,0,0,0,0.0,0.0,0.0,-15.59,206.835
1881,0,0,0,0,0,0,0,0,0,0,0,1,0,0,0,0,0,0,0,0,0,0,0,0,0,0,0,0,1,0,0,0,0,0,1.0,0.0,0.707,-3.4,121.22
1882,0,0,0,0,0,0,0,0,0,0,0,0,0,0,0,0,0,0,0,0,0,0,0,0,0,0,0,0,0,0,0,0,0,0,0.0,0.0,0.0,-15.59,206.835
1883,0,1,0,0,0,0,0,1,0,0,0,1,0,0,0,1,1,0,1,0,0,0,0,0,1,0,0,0,1,0,0,0,1,1,5.0,12.714,1.581,-1.84,117.16
1884,0,0,0,1,0,0,0,0,1,0,1,0,1,0,0,1,0,0,0,0,1,0,0,0,0,1,0,1,0,1,0,0,1,0,4.0,15.0,1.768,-8.13,160.475
1885,0,0,0,0,0,0,0,0,0,0,0,0,0,0,0,0,0,0,0,0,0,0,0,0,0,0,0,0,0,0,0,0,0,0,0.0,0.0,0.0,-15.59,206.835
1886,0,0,0,0,0,0,0,0,0,0,0,0,0,0,0,0,0,0,0,0,0,0,0,0,0,0,0,0,0,0,0,0,0,0,0.0,0.0,0.0,-15.59,206.835
1887,0,0,0,0,0,0,0,0,0,0,0,0,0,0,0,0,0,0,0,0,0,0,0,0,0,0,0,0,0,0,0,0,0,0,0.0,0.0,0.0,-15.59,206.835
1888,0,7,1,0,2,7,0,13,1,0,3,1,4,0,0,6,0,0,4,1,0,1,2,0,12,1,0,3,1,2,0,0,5,0,13.667,54.261,3.534,4.13,89.793
1889,17,33,29,31,15,10,2,36,4,10,56,0,37,3,2,42,0,13,12,22,5,3,6,2,26,2,2,12,0,2,2,1,32,0,14.4,57.82,5.458,3.096,98.513
1890,0,2,3,2,1,1,0,2,0,1,4,0,2,0,0,3,0,0,2,3,1,1,1,0,2,0,1,2,0,2,0,0,3,0,19.0,68.298,2.92,7.346,76.234
1891,4,6,4,7,3,2,0,5,1,2,11,0,3,1,0,7,0,4,6,3,3,1,2,0,5,1,2,5,0,1,1,0,7,0,17.667,71.62,3.691,4.881,91.534
1892,0,0,0,0,0,0,0,0,0,0,0,0,0,0,0,0,0,0,0,0,0,0,0,0,0,0,0,0,0,0,0,0,0,0,0.0,0.0,0.0,-15.59,206.835
1893,6,8,6,6,2,5,0,19,0,3,11,2,13,2,0,9,0,6,5,5,2,1,3,0,13,0,2,6,2,5,2,0,8,0,13.167,53.835,4.694,4.93,83.17
1894,0,0,0,0,0,0,0,0,0,0,0,0,0,0,0,0,0,0,0,0,0,0,0,0,0,0,0,0,0,0,0,0,0,0,0.0,0.0,0.0,-15.59,206.835
1895,0,0,0,0,0,0,0,0,0,0,0,0,0,0,0,0,0,0,0,0,0,0,0,0,0,0,0,0,0,0,0,0,0,0,0.0,0.0,0.0,-15.59,206.835
1896,15,17,21,23,7,8,1,24,4,11,54,3,22,5,0,30,0,9,12,12,5,2,3,1,19,4,2,11,3,5,5,0,17,0,14.867,55.318,4.972,2.061,106.766
1897,6,13,10,6,2,9,0,12,2,4,19,1,12,3,0,12,1,6,7,9,1,2,5,0,11,2,2,5,1,6,3,0,11,1,12.5,41.039,4.95,3.681,90.936
1898,0,3,2,3,1,2,0,4,0,0,6,0,1,0,0,2,0,0,3,2,1,1,2,0,4,0,0,6,0,1,0,0,2,0,23.0,87.119,3.244,10.31,62.107
1899,6,2,2,9,5,3,1,8,2,2,11,0,12,2,0,9,2,4,2,2,4,4,2,1,5,2,1,7,0,5,2,0,9,1,12.8,42.86,4.331,2.861,97.346
1900,6,13,10,6,2,9,0,12,2,4,19,1,12,3,0,12,1,6,7,9,1,2,5,0,11,2,2,5,1,6,3,0,11,1,12.5,41.039,4.95,3.681,90.936
1901,5,7,2,4,6,13,1,18,3,4,11,0,4,1,0,12,12,5,6,2,3,2,3,1,16,2,2,7,0,2,1,0,11,2,33.0,102.943,4.477,9.318,87.031
1902,2,7,8,12,4,8,0,10,0,6,20,1,13,3,0,20,1,2,4,6,5,2,3,0,7,0,2,7,1,6,3,0,13,1,14.571,53.186,4.131,2.471,103.298
1903,0,0,0,0,0,0,0,0,0,0,0,0,0,0,0,0,0,0,0,0,0,0,0,0,0,0,0,0,0,0,0,0,0,0,0.0,0.0,0.0,-15.59,206.835
1904,8,4,5,2,1,2,0,7,0,0,12,2,13,1,0,9,1,8,3,5,2,1,1,0,6,0,0,10,2,5,1,0,8,1,7.571,30.129,5.051,5.397,69.856
1905,2,8,4,7,5,10,3,17,1,3,16,0,14,3,0,15,0,2,8,4,4,2,4,2,14,1,2,7,0,6,2,0,12,0,13.429,49.382,4.814,2.326,102.305
1906,0,0,0,0,0,0,0,0,0,0,0,0,0,0,0,0,0,0,0,0,0,0,0,0,0,0,0,0,0,0,0,0,0,0,0.0,0.0,0.0,-15.59,206.835
1907,0,2,1,3,1,0,0,0,0,0,5,0,5,3,0,3,0,0,2,1,1,1,0,0,0,0,0,4,0,4,2,0,3,0,9.0,41.893,2.833,-0.936,117.8
1908,3,1,3,3,2,2,0,6,0,1,7,0,11,1,0,4,3,3,1,3,2,2,1,0,6,0,1,4,0,7,1,0,4,2,9.0,34.878,4.243,1.031,103.7
1909,0,3,1,1,3,4,0,5,0,2,4,0,1,0,0,4,1,0,3,1,1,3,3,0,5,0,1,3,0,1,0,0,4,1,9.333,31.917,3.341,2.379,94.633
1910,1,4,3,5,3,5,0,6,0,1,6,0,6,0,0,7,0,1,3,3,2,2,3,0,6,0,1,4,0,6,0,0,7,0,13.667,47.346,4.086,4.994,83.602
1911,4,6,5,3,3,4,1,18,0,4,12,0,11,2,1,11,1,4,4,5,2,2,2,1,15,0,2,4,0,6,2,1,5,1,14.8,57.086,4.274,2.779,101.497
1912,2,0,3,2,1,2,0,3,0,0,4,0,2,2,0,4,0,2,0,3,2,1,1,0,3,0,0,3,0,2,1,0,4,0,11.5,51.096,3.096,2.747,95.849
1913,2,3,0,2,3,5,0,8,0,0,5,2,9,2,2,7,0,2,3,0,2,2,3,0,8,0,0,5,2,6,2,1,7,0,13.333,54.609,4.808,3.475,93.897
1914,3,9,11,13,9,6,1,13,4,6,29,2,11,6,0,18,1,2,6,11,4,4,3,1,11,1,2,11,2,3,6,0,11,1,14.556,55.717,4.572,2.968,99.711
1915,0,0,0,0,0,0,0,0,0,0,0,0,0,0,0,0,0,0,0,0,0,0,0,0,0,0,0,0,0,0,0,0,0,0,0.0,0.0,0.0,-15.59,206.835
1916,2,2,3,3,0,6,1,9,0,3,8,1,8,1,0,9,2,2,1,2,3,0,2,1,9,0,1,4,1,2,1,0,7,1,12.75,46.051,3.664,3.265,94.364
1917,0,0,0,0,0,0,0,0,0,0,0,0,0,0,0,0,0,0,0,0,0,0,0,0,0,0,0,0,0,0,0,0,0,0,0.0,0.0,0.0,-15.59,206.835
1918,0,0,0,0,0,0,0,0,0,0,0,0,0,0,0,0,0,0,0,0,0,0,0,0,0,0,0,0,0,0,0,0,0,0,0.0,0.0,0.0,-15.59,206.835
1919,2,6,0,3,1,3,0,16,2,1,8,0,8,0,1,6,0,2,5,0,3,1,2,0,14,2,1,7,0,3,0,1,5,0,12.0,47.319,4.593,2.857,95.955
1920,0,0,0,0,0,0,0,0,0,0,0,0,0,0,0,0,0,0,0,0,0,0,0,0,0,0,0,0,0,0,0,0,0,0,0.0,0.0,0.0,-15.59,206.835
1921,1,4,2,3,3,3,0,6,0,3,7,1,10,1,1,10,0,1,4,2,3,1,1,0,6,0,2,2,1,4,1,1,10,0,9.0,37.793,3.9,0.244,109.34
1922,1,3,6,7,2,3,0,9,0,2,10,0,9,2,0,7,1,1,2,5,3,1,2,0,6,0,1,6,0,7,2,0,7,1,13.25,45.769,4.177,4.272,88.035
1923,0,0,0,0,0,0,0,0,0,0,0,0,0,0,0,0,0,0,0,0,0,0,0,0,0,0,0,0,0,0,0,0,0,0,0.0,0.0,0.0,-15.59,206.835
1924,28,29,22,44,21,19,5,47,3,33,77,27,67,9,1,74,18,23,12,12,7,2,6,4,33,3,3,13,14,5,5,1,31,3,10.133,34.383,5.364,0.602,108.796
1925,0,0,0,0,0,0,0,0,0,0,0,0,0,0,0,0,0,0,0,0,0,0,0,0,0,0,0,0,0,0,0,0,0,0,0.0,0.0,0.0,-15.59,206.835
1926,0,0,0,0,0,0,0,0,0,0,0,0,0,0,0,0,0,0,0,0,0,0,0,0,0,0,0,0,0,0,0,0,0,0,0.0,0.0,0.0,-15.59,206.835
1927,0,0,0,0,0,0,0,0,0,0,0,0,0,0,0,0,0,0,0,0,0,0,0,0,0,0,0,0,0,0,0,0,0,0,0.0,0.0,0.0,-15.59,206.835
1928,61,78,48,60,29,54,4,120,2,33,99,1,112,15,0,108,11,53,22,35,7,3,8,4,91,1,2,20,1,9,5,0,76,1,15.674,71.719,8.216,5.645,82.507
1929,0,0,0,0,0,0,0,0,0,0,0,0,0,0,0,0,0,0,0,0,0,0,0,0,0,0,0,0,0,0,0,0,0,0,0.0,0.0,0.0,-15.59,206.835
1930,0,1,0,0,1,0,0,1,0,0,3,0,1,0,0,2,0,0,1,0,0,1,0,0,1,0,0,3,0,1,0,0,2,0,8.0,24.5,2.25,0.805,103.54
1931,16,20,22,24,13,22,2,48,7,7,40,23,42,11,0,32,9,14,11,18,6,4,6,2,26,5,2,11,23,7,6,0,19,2,22.692,76.504,6.217,7.1,84.577
1932,6,3,2,5,2,3,0,6,0,0,7,0,2,0,0,5,0,6,3,2,3,1,2,0,6,0,0,3,0,1,0,0,5,0,19.5,73.211,3.623,6.841,80.75
1933,0,0,0,0,0,0,0,0,0,0,0,0,0,0,0,0,0,0,0,0,0,0,0,0,0,0,0,0,0,0,0,0,0,0,0.0,0.0,0.0,-15.59,206.835
1934,15,26,17,18,15,20,5,41,7,15,54,1,33,9,0,44,5,13,12,15,5,4,5,4,29,6,2,14,1,10,6,0,24,2,13.318,49.486,5.742,1.646,106.985
1935,1,11,6,8,3,6,2,19,3,6,15,6,19,3,0,18,2,1,5,6,3,2,3,2,16,3,2,6,5,7,2,0,11,1,11.889,43.598,5.059,4.927,80.914
1936,0,0,0,0,0,0,0,0,0,0,0,0,0,0,0,0,0,0,0,0,0,0,0,0,0,0,0,0,0,0,0,0,0,0,0.0,0.0,0.0,-15.59,206.835
1937,1,5,1,3,0,2,0,7,2,2,4,3,8,0,2,4,0,1,4,1,3,0,2,0,7,2,1,2,3,4,0,1,3,0,16.5,51.986,4.185,9.797,54.215
1938,0,0,0,0,0,0,0,0,0,0,0,0,0,0,0,0,0,0,0,0,0,0,0,0,0,0,0,0,0,0,0,0,0,0,0.0,0.0,0.0,-15.59,206.835
1939,4,3,12,7,3,1,0,4,3,1,13,2,12,7,0,13,0,4,3,11,4,2,1,0,3,3,1,5,2,4,5,0,12,0,12.167,55.146,4.883,7.259,64.689
1940,3,7,8,12,2,7,0,10,1,5,14,2,13,3,0,15,1,3,5,8,4,1,4,0,9,1,2,6,2,6,2,0,12,1,9.0,39.134,4.696,2.342,94.3
1941,0,1,1,1,0,0,0,0,0,1,2,0,1,0,0,2,0,0,1,1,1,0,0,0,0,0,1,2,0,1,0,0,2,0,8.0,39.733,2.0,0.805,103.54
1942,0,0,0,0,0,0,0,0,0,0,0,0,0,0,0,0,0,0,0,0,0,0,0,0,0,0,0,0,0,0,0,0,0,0,0.0,0.0,0.0,-15.59,206.835
1943,4,4,5,11,8,8,1,13,1,7,23,0,11,3,0,20,0,4,4,5,4,3,4,1,11,1,2,8,0,4,2,0,11,0,11.889,47.842,4.238,2.28,99.889
1944,0,0,0,0,0,0,0,0,0,0,0,0,0,0,0,0,0,0,0,0,0,0,0,0,0,0,0,0,0,0,0,0,0,0,0.0,0.0,0.0,-15.59,206.835
1945,1,3,3,4,1,3,1,5,2,3,5,1,7,0,0,4,0,1,3,3,4,1,3,1,4,2,2,3,1,4,0,0,3,0,7.2,25.816,4.007,-0.654,112.577
1946,1,2,2,3,2,1,0,1,1,3,4,0,3,1,0,5,0,1,2,2,2,2,1,0,1,1,2,4,0,2,1,0,5,0,26.0,113.964,3.606,7.258,89.337
1947,0,0,0,0,0,0,0,0,0,0,0,0,0,0,0,0,0,0,0,0,0,0,0,0,0,0,0,0,0,0,0,0,0,0,0.0,0.0,0.0,-15.59,206.835
1948,24,34,26,32,21,23,5,43,5,11,90,10,65,10,2,59,12,18,14,22,6,2,4,5,29,5,2,13,7,9,5,1,34,3,12.273,41.82,5.973,1.463,106.436
1949,2,0,0,2,0,1,0,1,0,0,4,0,1,0,0,2,0,2,0,0,2,0,1,0,1,0,0,3,0,1,0,0,2,0,12.0,43.782,2.449,-0.093,117.105
1950,0,0,0,0,0,0,0,0,0,0,0,0,0,0,0,0,0,0,0,0,0,0,0,0,0,0,0,0,0,0,0,0,0,0,0.0,0.0,0.0,-15.59,206.835
1951,0,1,0,0,0,1,0,2,0,0,1,0,1,0,0,1,0,0,1,0,0,0,1,0,2,0,0,1,0,1,0,0,1,0,6.0,23.3,2.021,0.517,102.045
1952,0,0,0,0,0,0,0,0,0,0,0,0,0,0,0,0,0,0,0,0,0,0,0,0,0,0,0,0,0,0,0,0,0,0,0.0,0.0,0.0,-15.59,206.835
1953,5,8,7,11,5,3,0,11,0,5,15,0,11,2,1,13,0,5,5,7,3,2,3,0,11,0,2,8,0,6,2,1,11,0,17.2,70.224,4.651,4.153,95.924
1954,0,0,0,0,0,0,0,0,0,0,0,0,0,0,0,0,0,0,0,0,0,0,0,0,0,0,0,0,0,0,0,0,0,0,0.0,0.0,0.0,-15.59,206.835
1955,0,0,0,0,0,0,0,0,0,0,0,0,0,0,0,0,0,0,0,0,0,0,0,0,0,0,0,0,0,0,0,0,0,0,0.0,0.0,0.0,-15.59,206.835
1956,11,28,26,23,21,11,2,36,1,25,70,14,58,8,0,56,10,10,14,16,9,3,5,2,28,1,3,15,12,7,4,0,32,2,15.545,60.2,5.927,3.998,94.088
1957,1,1,1,6,1,2,0,3,0,1,8,0,3,1,0,6,0,1,1,1,3,1,1,0,3,0,1,3,0,1,1,0,4,0,10.333,45.167,2.54,2.524,95.372
1958,0,0,0,0,0,0,0,0,0,0,0,0,0,0,0,0,0,0,0,0,0,0,0,0,0,0,0,0,0,0,0,0,0,0,0.0,0.0,0.0,-15.59,206.835
1959,0,10,2,5,2,6,0,13,0,2,9,10,7,2,0,6,1,0,6,2,4,1,3,0,11,0,2,3,9,5,2,0,6,1,17.0,58.599,4.545,7.699,70.145
1960,3,4,4,8,2,3,0,8,2,3,8,2,7,1,0,8,0,3,4,4,3,2,1,0,7,1,2,3,2,5,1,0,7,0,11.2,37.743,4.063,2.053,100.292
1961,3,5,3,7,3,5,0,11,2,5,9,1,11,4,0,7,0,3,4,3,4,1,3,0,9,2,3,6,1,5,3,0,6,0,16.25,61.53,4.473,2.184,108.344
1962,2,5,0,3,1,2,0,8,0,3,11,0,4,1,0,7,0,2,5,0,3,1,1,0,8,0,1,7,0,3,1,0,7,0,10.75,44.141,4.098,2.323,97.552
1963,0,0,0,0,0,0,0,0,0,0,0,0,0,0,0,0,0,0,0,0,0,0,0,0,0,0,0,0,0,0,0,0,0,0,0.0,0.0,0.0,-15.59,206.835
1964,2,3,7,4,0,1,1,6,0,0,9,1,8,1,0,6,1,1,3,7,2,0,1,1,6,0,0,6,1,5,1,0,6,1,7.0,25.147,4.364,4.278,76.859
1965,6,10,5,17,9,5,0,21,1,7,28,2,16,4,0,27,3,5,7,4,5,3,3,0,16,1,2,12,2,6,3,0,19,2,13.182,49.884,5.168,2.978,97.186
1966,1,2,1,0,0,3,0,2,0,0,2,1,1,0,0,0,0,1,2,1,0,0,3,0,2,0,0,2,1,1,0,0,0,0,6.0,17.774,2.654,1.5,94.995
1967,0,0,0,0,0,0,0,0,0,0,0,0,0,0,0,0,0,0,0,0,0,0,0,0,0,0,0,0,0,0,0,0,0,0,0.0,0.0,0.0,-15.59,206.835
1968,0,0,0,0,0,0,0,0,0,0,0,0,0,0,0,0,0,0,0,0,0,0,0,0,0,0,0,0,0,0,0,0,0,0,0.0,0.0,0.0,-15.59,206.835
1969,1,1,1,2,0,1,2,2,1,2,2,1,3,0,0,3,0,1,1,1,2,0,1,2,2,1,2,1,1,2,0,0,3,0,6.333,21.044,3.244,-1.32,115.807
1970,0,3,5,3,1,5,0,9,0,1,10,1,6,0,0,6,1,0,3,4,2,1,4,0,9,0,1,4,1,3,0,0,6,1,11.25,42.191,4.006,0.598,110.816
1971,3,7,6,5,3,10,0,15,0,6,15,5,11,1,0,16,1,3,5,4,2,2,3,0,14,0,2,7,4,6,1,0,12,1,15.667,59.783,4.814,4.831,88.333
1972,0,0,0,0,0,0,0,0,0,0,0,0,0,0,0,0,0,0,0,0,0,0,0,0,0,0,0,0,0,0,0,0,0,0,0.0,0.0,0.0,-15.59,206.835
1973,0,0,0,0,0,0,0,0,0,0,0,0,0,0,0,0,0,0,0,0,0,0,0,0,0,0,0,0,0,0,0,0,0,0,0.0,0.0,0.0,-15.59,206.835
1974,5,8,3,5,1,3,0,7,3,1,6,1,11,0,2,2,0,3,4,3,2,1,3,0,7,2,1,4,1,3,0,1,2,0,11.75,45.254,4.126,3.303,92.309
1975,0,0,0,0,0,0,0,0,0,0,0,0,0,0,0,0,0,0,0,0,0,0,0,0,0,0,0,0,0,0,0,0,0,0,0.0,0.0,0.0,-15.59,206.835
1976,0,0,0,0,0,0,0,0,0,0,0,0,0,0,0,0,0,0,0,0,0,0,0,0,0,0,0,0,0,0,0,0,0,0,0.0,0.0,0.0,-15.59,206.835
1977,2,0,0,2,0,1,0,2,0,0,3,0,1,0,0,1,0,2,0,0,2,0,1,0,2,0,0,2,0,1,0,0,1,0,11.0,48.017,2.345,-0.573,118.761
1978,2,2,4,2,1,0,0,3,1,0,1,2,9,0,2,0,0,2,2,3,1,1,0,0,3,1,0,1,1,3,0,1,0,0,20.0,69.886,3.479,8.14,72.325
1979,0,0,0,0,0,0,0,0,0,0,0,0,0,0,0,0,0,0,0,0,0,0,0,0,0,0,0,0,0,0,0,0,0,0,0.0,0.0,0.0,-15.59,206.835
1980,0,0,0,0,0,0,0,0,0,0,0,0,0,0,0,0,0,0,0,0,0,0,0,0,0,0,0,0,0,0,0,0,0,0,0.0,0.0,0.0,-15.59,206.835
1981,23,39,32,30,12,33,1,53,3,17,93,9,60,10,0,66,7,20,15,20,5,3,8,1,34,3,2,18,4,5,6,0,33,1,10.19,38.214,5.708,1.976,99.044
1982,0,0,0,0,0,0,0,0,0,0,0,0,0,0,0,0,0,0,0,0,0,0,0,0,0,0,0,0,0,0,0,0,0,0,0.0,0.0,0.0,-15.59,206.835
1983,1,1,5,3,3,2,0,6,0,2,9,0,8,3,0,11,2,1,1,5,2,3,2,0,6,0,2,5,0,3,2,0,9,2,9.6,38.294,4.287,0.692,107.204
1984,14,25,8,10,7,11,1,37,0,5,30,1,21,7,1,23,3,9,13,8,3,2,2,1,30,0,2,9,1,4,4,1,16,2,18.2,80.272,5.451,5.837,85.633
1985,0,0,0,0,0,0,0,0,0,0,0,0,0,0,0,0,0,0,0,0,0,0,0,0,0,0,0,0,0,0,0,0,0,0,0.0,0.0,0.0,-15.59,206.835
1986,0,0,0,0,0,0,0,0,0,0,0,0,0,0,0,0,0,0,0,0,0,0,0,0,0,0,0,0,0,0,0,0,0,0,0.0,0.0,0.0,-15.59,206.835
1987,2,5,2,8,2,1,0,8,2,1,7,0,5,1,0,6,0,2,4,2,4,2,1,0,8,2,1,4,0,5,1,0,6,0,22.5,87.495,4.322,6.296,89.998
1988,1,6,6,2,1,3,0,3,3,0,6,2,4,1,0,5,1,1,4,6,2,1,3,0,3,3,0,4,2,3,1,0,4,1,20.0,83.815,4.249,6.37,85.015
1989,0,0,0,0,0,0,0,0,0,0,0,0,0,0,0,0,0,0,0,0,0,0,0,0,0,0,0,0,0,0,0,0,0,0,0.0,0.0,0.0,-15.59,206.835
1990,0,0,0,0,0,0,0,0,0,0,0,0,0,0,0,0,0,0,0,0,0,0,0,0,0,0,0,0,0,0,0,0,0,0,0.0,0.0,0.0,-15.59,206.835
1991,0,0,0,0,0,0,0,0,0,0,0,0,0,0,0,0,0,0,0,0,0,0,0,0,0,0,0,0,0,0,0,0,0,0,0.0,0.0,0.0,-15.59,206.835
1992,6,5,5,12,5,6,0,11,0,3,16,0,9,3,0,11,1,5,4,5,4,3,3,0,11,0,2,9,0,3,2,0,8,1,16.8,71.123,4.552,5.572,85.04
1993,0,0,0,0,0,0,0,0,0,0,0,0,0,0,0,0,0,0,0,0,0,0,0,0,0,0,0,0,0,0,0,0,0,0,0.0,0.0,0.0,-15.59,206.835
1994,10,11,12,6,4,7,0,23,0,4,20,1,17,2,1,15,1,10,7,11,3,3,4,0,20,0,2,9,1,5,2,1,12,1,16.571,68.869,5.646,5.521,84.994
1995,0,0,0,0,0,0,0,0,0,0,0,0,0,0,0,0,0,0,0,0,0,0,0,0,0,0,0,0,0,0,0,0,0,0,0.0,0.0,0.0,-15.59,206.835
1996,0,0,0,0,0,0,0,0,0,0,0,0,0,0,0,0,0,0,0,0,0,0,0,0,0,0,0,0,0,0,0,0,0,0,0.0,0.0,0.0,-15.59,206.835
1997,4,3,1,1,1,2,0,8,0,0,3,0,5,0,1,2,0,4,3,1,1,1,2,0,6,0,0,3,0,3,0,1,2,0,26.0,111.923,3.744,11.796,56.799
1998,8,21,6,5,9,14,0,31,4,7,22,12,27,0,1,23,0,8,11,6,2,3,6,0,27,4,2,10,9,4,0,1,19,0,20.375,79.5,5.982,7.703,76.122
1999,50,80,100,68,37,61,6,109,16,32,157,7,136,24,10,115,20,41,20,55,9,4,12,4,66,7,2,26,7,9,13,1,56,3,14.683,58.651,7.504,3.771,94.176
2000,8,10,7,10,5,8,1,17,3,8,21,0,18,3,1,21,1,6,6,7,3,3,4,1,17,3,2,10,0,5,3,1,18,1,8.786,32.863,5.674,2.514,92.683
