,n_adj,n_adp,n_adv,n_aux,n_cconj,n_det,n_intj,n_noun,n_num,n_part,n_pron,n_propn,n_punct,n_sconj,n_sym,n_verb,n_space,n_uadj,n_uadp,n_uadv,n_uaux,n_ucconj,n_udet,n_uintj,n_unoun,n_unum,n_upart,n_upron,n_upropn,n_upunct,n_usconj,n_usym,n_uverb,n_uspace,a_word_ps,a_bry_ps,corr_ttr,fkgl,fkre
0,5,7,4,4,7,5,0,8,0,0,7,21,14,0,1,7,8,4,5,4,3,2,3,0,7,0,0,5,16,7,0,1,6,4,19.4,37.38,4.739,10.102,57.191
1,0,0,0,0,0,0,0,0,0,0,0,0,2,0,0,1,0,0,0,0,0,0,0,0,0,0,0,0,0,1,0,0,1,0,1.0,12.0,2.121,20.2,-47.98
2,5,10,3,9,7,9,0,21,0,2,16,5,7,1,0,15,3,5,4,3,3,3,2,0,19,0,2,8,5,3,1,0,13,1,17.667,66.285,4.739,6.996,76.369
3,31,43,26,32,37,36,0,70,2,30,110,1,33,14,0,97,4,24,19,18,7,3,7,0,49,2,3,14,1,5,7,0,59,1,15.676,59.839,6.371,4.25,92.514
4,2,6,6,8,3,4,0,8,0,3,10,0,8,3,2,12,2,2,4,6,4,3,3,0,8,0,1,5,0,4,3,1,9,1,16.75,68.692,4.492,7.498,71.141
5,7,12,6,8,3,6,2,19,0,3,15,0,20,4,1,14,3,7,9,5,5,2,3,2,18,0,2,7,0,9,4,1,13,1,25.5,105.65,5.951,10.667,64.005
6,3,5,3,6,4,8,2,14,0,4,12,0,10,2,0,8,1,3,4,3,2,2,4,2,14,0,2,7,0,5,2,0,8,1,18.25,74.997,4.8,5.914,85.169
7,16,30,9,26,9,29,1,47,2,5,41,7,34,7,0,34,5,12,9,9,4,2,8,1,32,2,2,10,7,4,2,0,19,2,20.615,77.665,5.097,7.2,80.16
8,3,6,4,3,2,2,0,10,0,1,6,1,7,0,0,5,0,2,5,4,3,2,2,0,9,0,1,4,1,4,0,0,5,0,14.667,59.828,4.371,6.757,72.739
9,7,13,4,8,3,7,0,29,0,4,16,15,16,1,0,18,6,6,5,4,5,2,5,0,23,0,2,6,14,4,1,0,16,2,13.0,47.125,5.768,7.362,65.438
10,6,9,9,16,3,5,0,16,2,7,15,3,7,5,1,16,4,5,6,9,5,3,3,0,11,2,2,5,3,2,3,1,11,3,19.333,73.488,4.793,6.497,82.92
11,2,6,4,4,3,6,0,6,0,2,6,0,5,0,0,4,0,2,5,4,3,2,2,0,5,0,1,4,0,4,0,0,4,0,14.667,64.681,3.838,2.466,103.503
12,4,12,2,4,5,8,0,15,1,3,7,7,9,1,0,14,0,4,7,2,2,3,2,0,13,1,2,6,7,3,1,0,13,0,27.667,105.543,4.967,12.26,56.44
13,5,9,7,9,4,6,1,18,1,2,12,9,14,0,0,8,1,5,7,7,4,2,5,1,15,1,1,6,9,3,0,0,6,1,11.5,45.089,5.234,6.082,71.941
14,13,20,8,20,6,15,0,38,0,11,23,9,29,8,1,23,7,12,10,8,5,2,5,0,33,0,2,5,7,7,4,1,19,1,20.1,78.407,5.786,7.689,75.738
15,0,0,0,0,0,0,0,0,0,0,0,0,2,0,0,1,0,0,0,0,0,0,0,0,0,0,0,0,0,1,0,0,1,0,1.0,12.0,2.121,20.2,-47.98
16,6,13,4,10,2,11,1,23,1,3,19,2,12,3,0,18,3,6,6,4,6,2,5,1,19,1,2,10,2,4,2,0,17,2,14.875,61.936,5.38,5.878,79.411
17,5,5,3,8,1,4,0,21,5,5,7,0,9,4,1,8,1,5,4,3,5,1,3,0,15,4,2,4,0,3,3,1,7,1,12.833,53.244,4.674,6.579,70.755
18,0,0,0,0,0,0,0,0,0,0,0,0,2,0,0,1,0,0,0,0,0,0,0,0,0,0,0,0,0,1,0,0,1,0,1.0,12.0,2.121,20.2,-47.98
19,7,4,2,7,6,5,0,11,0,6,7,0,7,2,0,12,2,7,4,1,3,3,4,0,11,0,2,3,0,4,2,0,10,1,17.75,72.599,4.364,7.62,72.047
20,7,5,3,9,3,8,1,13,0,2,16,0,7,4,0,14,2,7,4,3,6,3,4,1,13,0,1,7,0,3,3,0,8,1,12.429,45.955,4.624,3.499,92.117
21,0,7,1,5,1,2,0,6,1,1,7,1,7,2,0,7,1,0,7,1,1,1,2,0,6,1,1,5,1,6,2,0,6,1,21.0,77.918,4.473,7.21,80.777
22,7,9,4,9,4,6,1,20,0,6,17,0,12,2,0,13,2,7,8,4,4,4,3,1,18,0,2,8,0,3,2,0,10,1,25.0,110.911,5.162,9.618,70.634
23,22,20,12,12,12,11,1,48,6,3,10,6,25,1,0,16,7,20,8,12,5,3,7,1,31,4,1,4,5,6,1,0,13,4,14.385,61.638,6.36,7.436,67.37
24,33,36,27,33,18,35,1,83,6,17,43,6,43,7,1,55,4,29,14,22,8,4,8,1,61,5,2,15,6,7,5,1,45,2,22.389,97.353,7.855,9.802,64.663
25,4,4,2,3,1,6,0,9,1,0,6,4,4,0,0,6,3,4,4,2,3,1,4,0,9,1,0,4,4,2,0,0,6,2,12.75,37.899,4.753,7.661,62.847
26,0,0,0,0,0,0,0,0,0,0,0,0,2,0,0,1,0,0,0,0,0,0,0,0,0,0,0,0,0,1,0,0,1,0,1.0,12.0,2.121,20.2,-47.98
27,0,0,0,0,0,0,0,0,0,0,0,0,0,0,0,0,0,0,0,0,0,0,0,0,0,0,0,0,0,0,0,0,0,0,0.0,0.0,0.0,-15.59,206.835
28,0,0,0,0,0,0,0,0,0,0,0,0,2,0,0,1,0,0,0,0,0,0,0,0,0,0,0,0,0,1,0,0,1,0,1.0,12.0,2.121,20.2,-47.98
29,2,6,0,6,2,8,0,12,0,6,10,4,7,2,0,11,1,2,4,0,4,1,3,0,11,0,3,5,4,5,1,0,11,1,14.0,49.083,4.564,6.053,76.602
30,11,23,11,18,7,19,1,33,1,7,40,0,29,4,0,28,3,11,15,9,5,3,8,1,31,1,2,13,0,6,3,0,23,1,20.6,79.111,6.06,5.962,89.006
31,0,0,0,0,0,0,0,0,0,0,0,0,0,0,0,0,0,0,0,0,0,0,0,0,0,0,0,0,0,0,0,0,0,0,0.0,0.0,0.0,-15.59,206.835
32,0,0,0,0,0,0,0,0,0,0,0,0,2,0,0,1,0,0,0,0,0,0,0,0,0,0,0,0,0,1,0,0,1,0,1.0,12.0,2.121,20.2,-47.98
33,11,12,12,14,6,16,0,28,0,3,17,4,18,3,1,22,4,11,8,9,4,2,5,0,26,0,2,7,4,8,2,1,17,2,18.75,76.982,5.774,6.826,79.516
34,31,10,3,2,42,3,0,141,32,0,5,49,101,0,2,19,60,29,6,2,1,1,2,0,103,6,0,4,41,7,0,1,15,2,10.15,32.06,7.615,8.771,50.254
35,0,0,0,0,0,0,0,0,0,0,0,0,0,0,0,0,0,0,0,0,0,0,0,0,0,0,0,0,0,0,0,0,0,0,0.0,0.0,0.0,-15.59,206.835
36,0,0,0,0,0,0,0,0,0,0,0,0,2,0,0,1,0,0,0,0,0,0,0,0,0,0,0,0,0,1,0,0,1,0,1.0,12.0,2.121,20.2,-47.98
37,0,0,0,0,0,0,0,0,0,0,0,0,2,0,0,1,0,0,0,0,0,0,0,0,0,0,0,0,0,1,0,0,1,0,1.0,12.0,2.121,20.2,-47.98
38,0,0,0,0,0,0,0,0,0,0,0,0,0,0,0,0,0,0,0,0,0,0,0,0,0,0,0,0,0,0,0,0,0,0,0.0,0.0,0.0,-15.59,206.835
39,11,6,18,20,7,14,0,22,2,9,25,0,18,3,0,19,2,10,5,11,5,3,4,0,15,1,2,8,0,4,3,0,16,1,22.714,92.546,4.71,7.221,83.75
40,10,13,14,19,8,12,1,26,3,15,43,8,18,8,0,29,5,8,7,12,4,2,3,1,19,3,2,13,1,5,5,0,20,4,13.375,48.74,4.979,4.183,88.893
41,2,8,3,5,1,5,0,12,3,1,9,3,7,0,2,5,4,2,6,3,2,1,2,0,10,3,1,7,3,4,0,1,5,2,15.75,50.119,4.543,4.038,94.163
42,0,0,0,0,0,0,0,0,0,0,0,0,2,0,0,1,0,0,0,0,0,0,0,0,0,0,0,0,0,1,0,0,1,0,1.0,12.0,2.121,20.2,-47.98
43,0,0,0,0,0,0,0,0,0,0,0,0,0,0,0,0,0,0,0,0,0,0,0,0,0,0,0,0,0,0,0,0,0,0,0.0,0.0,0.0,-15.59,206.835
44,6,15,9,8,7,9,0,30,6,10,13,2,15,2,2,20,6,6,10,8,4,3,4,0,19,4,3,5,2,5,2,1,15,3,17.875,68.823,5.322,6.895,77.469
45,2,1,2,5,1,2,1,9,0,0,8,0,5,2,0,6,1,2,1,2,4,1,1,1,7,0,0,6,0,4,2,0,6,1,13.333,46.526,4.249,7.015,68.517
46,18,21,24,14,8,21,1,33,2,9,33,0,22,7,0,28,0,17,11,19,4,2,7,1,30,1,2,9,0,6,2,0,23,0,21.9,90.276,6.068,8.846,70.648
47,0,0,0,0,0,1,0,5,0,0,3,0,5,0,0,2,3,0,0,0,0,0,1,0,5,0,0,3,0,3,0,0,2,2,4.667,18.259,3.213,0.559,99.37
48,1,0,0,0,0,1,0,3,0,1,0,0,2,1,0,2,0,1,0,0,0,0,1,0,3,0,1,0,0,2,1,0,2,0,9.0,39.202,2.593,2.342,94.3
49,5,6,1,2,1,4,0,8,0,1,8,0,7,1,2,8,1,5,4,1,2,1,2,0,8,0,1,6,0,4,1,1,8,1,15.333,69.326,4.379,6.551,75.406
50,0,0,0,0,0,0,0,0,0,0,0,0,0,0,0,0,0,0,0,0,0,0,0,0,0,0,0,0,0,0,0,0,0,0,0.0,0.0,0.0,-15.59,206.835
51,0,0,0,0,0,0,0,0,0,0,0,0,2,0,0,1,0,0,0,0,0,0,0,0,0,0,0,0,0,1,0,0,1,0,1.0,12.0,2.121,20.2,-47.98
52,0,4,2,5,1,4,0,8,0,1,9,1,4,1,1,7,0,0,4,2,3,1,3,0,5,0,1,4,1,4,1,1,4,0,22.5,94.635,3.373,7.345,82.478
53,22,20,8,6,5,9,0,41,2,3,7,2,20,2,3,10,1,20,11,7,2,4,5,0,35,2,2,4,2,4,2,1,10,1,34.25,138.114,6.645,18.095,26.337
54,20,17,13,19,12,18,1,36,0,6,36,3,33,6,0,28,6,18,10,11,6,4,5,1,30,0,2,19,3,10,4,0,26,4,15.714,64.785,6.913,6.576,75.906
55,8,19,9,14,4,14,0,21,0,4,27,0,16,6,0,24,0,6,10,9,7,2,5,0,16,0,2,8,0,6,3,0,16,0,18.75,79.574,4.792,5.961,85.72
56,12,31,19,35,12,18,0,48,3,12,49,0,41,9,1,36,3,12,14,12,7,3,4,0,39,3,2,12,0,6,3,1,32,1,19.133,76.998,5.927,6.18,84.833
57,5,3,2,3,2,4,1,11,0,0,2,1,11,0,1,5,3,5,3,2,2,2,4,1,8,0,0,2,1,5,0,1,4,2,41.0,144.009,4.638,21.41,14.591
58,9,19,4,8,5,14,1,26,1,4,10,0,13,1,0,16,3,9,9,3,4,2,5,1,22,1,2,7,0,4,1,0,14,2,17.286,76.249,5.335,9.875,55.049
59,0,0,0,0,0,0,0,0,0,0,0,0,0,0,0,0,0,0,0,0,0,0,0,0,0,0,0,0,0,0,0,0,0,0,0.0,0.0,0.0,-15.59,206.835
60,0,0,0,0,0,0,0,0,0,0,0,0,0,0,0,0,0,0,0,0,0,0,0,0,0,0,0,0,0,0,0,0,0,0,0.0,0.0,0.0,-15.59,206.835
61,5,6,2,5,4,5,0,7,0,3,7,4,9,0,0,8,0,5,5,2,4,3,3,0,7,0,2,5,4,3,0,0,7,0,19.0,75.817,4.683,5.897,86.624
62,0,0,0,0,0,0,0,0,0,0,0,0,0,0,0,0,0,0,0,0,0,0,0,0,0,0,0,0,0,0,0,0,0,0,0.0,0.0,0.0,-15.59,206.835
63,0,0,0,0,0,0,0,0,0,0,0,0,0,0,0,0,0,0,0,0,0,0,0,0,0,0,0,0,0,0,0,0,0,0,0.0,0.0,0.0,-15.59,206.835
64,2,1,2,5,2,1,0,5,0,0,4,2,7,1,2,6,0,2,1,2,3,2,1,0,4,0,0,3,2,4,1,1,6,0,15.5,59.927,3.937,6.442,76.483
65,1,5,1,3,1,1,0,3,0,3,9,0,3,3,0,9,0,1,4,1,2,1,1,0,2,0,2,4,0,3,2,0,7,0,19.5,86.795,3.284,5.933,87.258
66,1,2,2,3,1,1,0,2,0,0,8,0,4,2,0,4,0,1,2,2,2,1,1,0,2,0,0,4,0,2,2,0,3,0,13.0,58.815,2.774,6.726,69.994
67,0,0,0,0,0,0,0,0,0,0,0,0,0,0,0,0,0,0,0,0,0,0,0,0,0,0,0,0,0,0,0,0,0,0,0.0,0.0,0.0,-15.59,206.835
68,4,11,9,10,4,7,0,20,0,4,20,3,13,1,0,20,0,4,8,9,4,3,3,0,16,0,2,8,2,3,1,0,16,0,22.6,90.323,4.856,11.498,52.878
69,0,0,0,0,0,0,0,0,0,0,0,0,2,0,0,1,0,0,0,0,0,0,0,0,0,0,0,0,0,1,0,0,1,0,1.0,6.0,2.121,20.2,-47.98
70,0,0,0,0,0,0,0,0,0,0,0,0,0,0,0,0,0,0,0,0,0,0,0,0,0,0,0,0,0,0,0,0,0,0,0.0,0.0,0.0,-15.59,206.835
71,0,0,0,0,0,0,0,0,0,0,0,0,0,0,0,0,0,0,0,0,0,0,0,0,0,0,0,0,0,0,0,0,0,0,0.0,0.0,0.0,-15.59,206.835
72,0,0,0,0,0,0,0,0,0,0,0,0,0,0,0,0,0,0,0,0,0,0,0,0,0,0,0,0,0,0,0,0,0,0,0.0,0.0,0.0,-15.59,206.835
73,5,14,4,7,2,11,0,23,2,7,13,5,14,2,0,13,0,5,9,4,3,2,4,0,17,2,2,7,5,8,2,0,9,0,26.75,106.632,5.127,10.392,68.202
74,23,47,17,17,5,25,0,69,3,9,39,5,37,4,0,33,10,20,13,15,5,3,6,0,53,2,2,10,4,8,4,0,28,1,18.0,75.043,6.629,7.048,76.594
75,0,0,0,0,0,0,0,0,0,0,0,0,0,0,0,0,0,0,0,0,0,0,0,0,0,0,0,0,0,0,0,0,0,0,0.0,0.0,0.0,-15.59,206.835
76,0,0,0,0,0,0,0,0,0,0,0,0,2,0,0,1,0,0,0,0,0,0,0,0,0,0,0,0,0,1,0,0,1,0,1.0,12.0,2.121,20.2,-47.98
77,0,0,0,0,0,0,0,0,0,0,0,0,0,0,0,0,0,0,0,0,0,0,0,0,0,0,0,0,0,0,0,0,0,0,0.0,0.0,0.0,-15.59,206.835
78,7,15,6,11,4,11,0,22,2,4,28,1,15,3,0,22,1,6,11,5,4,2,3,0,17,1,1,8,1,7,3,0,16,1,13.7,55.821,5.014,4.309,88.569
79,3,15,6,6,6,3,0,14,3,1,20,0,5,5,0,10,0,3,6,5,3,3,3,0,8,2,1,9,0,4,3,0,8,0,46.0,198.881,4.128,17.485,51.636
80,47,61,62,63,33,33,1,102,2,30,133,4,66,26,0,106,10,38,18,35,8,3,10,1,76,1,2,23,4,11,10,0,57,2,17.0,67.509,7.515,6.311,80.098
81,11,21,18,14,6,13,2,33,2,13,29,3,31,4,1,30,4,9,10,14,5,3,5,2,25,1,3,9,3,7,2,1,19,1,18.364,71.386,5.771,7.87,71.347
82,0,0,0,0,0,0,0,0,0,0,0,0,2,0,0,1,0,0,0,0,0,0,0,0,0,0,0,0,0,1,0,0,1,0,1.0,12.0,2.121,20.2,-47.98
83,11,14,6,10,6,9,1,22,0,4,21,3,14,4,2,17,0,11,8,6,3,3,5,1,22,0,2,9,3,5,3,1,14,0,25.6,100.569,5.812,9.328,73.779
84,28,40,32,29,15,19,3,46,0,13,57,2,43,16,1,51,3,24,19,28,5,3,7,2,28,0,2,14,2,9,7,1,38,1,22.062,90.444,6.774,9.294,67.727
85,17,17,10,15,11,11,1,37,0,10,20,13,24,6,1,23,1,15,6,7,5,4,5,1,29,0,2,5,9,6,4,1,15,1,12.733,51.506,5.73,4.759,83.621
86,3,5,1,4,3,3,0,11,0,4,8,0,7,2,1,12,0,3,4,1,3,3,1,0,8,0,2,4,0,3,2,1,9,0,14.0,58.971,3.969,5.041,83.854
87,8,11,13,7,4,3,1,13,1,2,13,1,14,2,0,10,0,7,7,12,3,1,1,1,13,1,2,4,1,5,2,0,10,0,11.125,42.302,5.097,4.394,83.377
88,0,0,0,0,0,0,0,0,0,0,0,0,0,0,0,0,0,0,0,0,0,0,0,0,0,0,0,0,0,0,0,0,0,0,0.0,0.0,0.0,-15.59,206.835
89,2,2,0,0,0,2,0,7,0,2,2,1,1,2,0,6,1,2,1,0,0,0,2,0,5,0,1,1,1,1,1,0,5,1,28.0,108.083,2.94,10.501,69.644
90,3,3,3,3,1,4,1,5,1,1,3,1,5,0,0,5,0,3,3,3,2,1,3,1,5,1,1,3,1,2,0,0,5,0,6.8,25.223,4.002,2.68,87.962
91,0,0,0,0,0,0,0,0,0,0,0,0,0,0,0,0,0,0,0,0,0,0,0,0,0,0,0,0,0,0,0,0,0,0,0.0,0.0,0.0,-15.59,206.835
92,14,27,16,19,10,15,0,63,4,4,22,7,52,4,3,24,7,13,8,13,4,3,4,0,51,4,1,9,6,11,3,2,18,1,17.0,71.696,6.738,7.401,72.277
93,2,1,2,0,1,2,0,6,0,1,1,2,2,0,0,4,1,2,1,2,0,1,2,0,6,0,1,1,2,2,0,0,3,1,23.0,75.694,3.539,11.337,54.751
94,0,0,0,0,0,0,0,0,0,0,0,0,0,0,0,0,0,0,0,0,0,0,0,0,0,0,0,0,0,0,0,0,0,0,0.0,0.0,0.0,-15.59,206.835
95,0,0,0,0,0,0,0,0,0,0,0,0,2,0,0,1,0,0,0,0,0,0,0,0,0,0,0,0,0,1,0,0,1,0,1.0,12.0,2.121,20.2,-47.98
96,6,14,4,8,3,7,0,26,3,5,9,3,9,0,1,13,0,6,9,4,2,1,3,0,17,2,1,3,3,3,0,1,12,0,16.833,65.719,4.503,8.617,63.268
97,2,5,2,4,4,7,0,9,0,2,5,0,8,0,0,7,0,1,3,2,4,3,4,0,9,0,2,4,0,4,0,0,6,0,15.667,64.833,4.332,7.09,72.133
98,11,19,15,23,12,16,3,32,0,11,39,5,39,5,0,30,9,11,10,13,6,4,5,2,22,0,2,10,5,9,4,0,22,4,20.909,79.561,5.688,7.802,76.368
99,0,0,0,0,0,0,0,0,0,0,0,0,2,0,0,1,0,0,0,0,0,0,0,0,0,0,0,0,0,1,0,0,1,0,1.0,12.0,2.121,20.2,-47.98
100,2,8,4,13,2,6,1,12,1,2,17,1,8,6,0,15,8,2,6,4,3,1,3,1,12,1,1,7,1,3,3,0,11,3,24.5,95.732,4.429,6.487,92.188
101,0,0,0,0,0,0,0,0,0,0,0,0,0,0,0,0,0,0,0,0,0,0,0,0,0,0,0,0,0,0,0,0,0,0,0.0,0.0,0.0,-15.59,206.835
102,6,13,7,15,11,13,0,24,0,4,14,4,14,3,1,17,4,6,9,7,5,4,7,0,22,0,2,5,4,5,3,1,16,2,33.75,142.116,5.66,12.694,64.165
103,3,2,2,4,1,1,0,4,1,0,5,0,9,1,1,3,1,3,1,2,3,1,1,0,4,1,0,4,0,4,1,1,3,1,7.0,23.732,4.009,4.84,72.83
104,1,2,1,1,3,1,0,4,0,0,2,0,1,0,0,3,0,1,1,1,1,2,1,0,4,0,0,1,0,1,0,0,3,0,18.0,64.171,2.667,7.163,75.765
105,1,7,1,2,3,1,1,9,2,2,4,8,6,1,0,4,0,1,5,1,1,1,1,1,8,1,1,2,8,5,1,0,4,0,11.5,36.471,4.275,4.543,82.976
106,0,0,0,0,0,0,0,0,0,0,0,0,2,0,0,1,0,0,0,0,0,0,0,0,0,0,0,0,0,1,0,0,1,0,1.0,12.0,2.121,20.2,-47.98
107,0,0,0,0,0,0,0,0,0,0,0,0,0,0,0,0,0,0,0,0,0,0,0,0,0,0,0,0,0,0,0,0,0,0,0.0,0.0,0.0,-15.59,206.835
108,15,15,3,13,8,7,0,17,0,6,22,8,19,4,0,21,3,14,7,3,5,2,2,0,16,0,1,6,7,6,4,0,12,2,20.143,83.027,5.062,8.25,71.79
109,0,0,0,0,0,0,0,0,0,0,0,0,0,0,0,0,0,0,0,0,0,0,0,0,0,0,0,0,0,0,0,0,0,0,0.0,0.0,0.0,-15.59,206.835
110,9,23,6,20,3,12,0,35,5,6,23,2,23,4,2,20,6,9,11,6,5,2,5,0,32,5,2,5,2,6,3,2,14,2,17.2,61.69,5.769,7.72,70.347
111,4,5,2,7,4,5,0,12,0,2,11,0,5,2,0,11,3,2,3,2,5,2,3,0,8,0,1,7,0,3,1,0,8,2,17.0,73.328,3.859,6.137,81.342
112,9,12,3,9,4,11,1,19,0,4,15,5,13,3,2,11,1,7,9,3,5,2,2,1,15,0,3,8,5,6,2,1,9,1,18.0,62.826,5.035,5.743,85.948
113,4,4,3,7,1,0,0,9,3,1,7,0,8,3,1,9,2,3,3,3,2,1,0,0,8,3,1,3,0,4,2,1,8,1,13.25,49.693,3.982,3.827,91.228
114,18,27,12,17,13,20,0,48,0,12,38,7,37,1,0,30,2,16,8,11,5,4,9,0,35,0,3,17,6,6,1,0,19,1,18.692,78.064,5.988,7.725,72.973
115,11,18,5,12,9,3,0,28,4,5,14,35,26,4,0,17,5,11,9,4,4,3,3,0,21,4,2,3,28,5,3,0,13,3,14.25,39.021,6.218,6.253,75.613
116,9,13,7,11,4,10,1,20,7,4,14,9,22,4,1,17,5,8,9,6,4,3,4,1,16,6,3,8,9,9,3,1,15,4,19.0,63.844,6.561,6.015,85.776
117,15,19,11,24,10,15,0,36,1,11,41,3,21,5,0,32,11,14,10,10,7,3,5,0,29,1,3,12,3,6,5,0,24,3,29.375,109.744,5.904,10.629,71.179
118,0,0,0,0,0,0,0,0,0,0,0,0,0,0,0,0,0,0,0,0,0,0,0,0,0,0,0,0,0,0,0,0,0,0,0.0,0.0,0.0,-15.59,206.835
119,0,0,0,0,0,0,0,0,0,0,0,0,2,0,0,1,0,0,0,0,0,0,0,0,0,0,0,0,0,1,0,0,1,0,1.0,12.0,2.121,20.2,-47.98
120,3,0,1,1,0,2,0,1,0,1,1,1,2,0,0,2,0,3,0,1,1,0,2,0,1,0,1,1,1,1,0,0,2,0,6.5,23.345,2.746,7.822,50.561
121,1,6,3,3,1,0,0,2,2,1,4,2,5,0,0,4,0,1,5,3,2,1,0,0,2,2,1,4,2,3,0,0,4,0,9.667,38.26,3.939,2.014,97.837
122,9,10,13,9,5,12,0,21,0,3,25,1,13,4,0,18,0,9,5,10,3,3,5,0,18,0,2,8,1,3,4,0,17,0,14.444,55.401,5.271,6.563,73.734
123,6,12,9,10,1,13,0,29,2,4,10,2,13,4,0,14,5,6,11,8,6,1,3,0,20,2,1,5,2,5,3,0,11,1,17.286,71.65,5.464,6.95,76.024
124,15,12,9,16,11,12,1,26,0,8,38,4,14,7,0,31,0,15,7,7,5,2,5,1,18,0,2,8,4,3,4,0,27,0,17.273,63.401,5.335,5.927,83.331
125,30,60,64,70,32,52,10,110,6,39,146,10,64,21,1,127,8,27,15,30,9,3,15,4,77,6,3,20,9,10,8,1,60,1,15.7,59.72,6.991,3.505,97.893
126,22,48,40,30,11,27,0,84,15,16,64,4,52,8,0,56,2,17,13,27,9,2,7,0,48,10,2,11,4,7,7,0,32,1,21.35,82.5,6.331,7.659,78.176
127,9,9,9,12,6,10,0,16,0,2,12,3,16,6,0,16,2,9,6,9,5,4,4,0,14,0,1,4,3,7,4,0,12,1,18.667,74.488,5.479,8.126,70.053
128,0,0,0,0,0,0,0,0,0,0,0,0,2,0,0,1,0,0,0,0,0,0,0,0,0,0,0,0,0,1,0,0,1,0,1.0,12.0,2.121,20.2,-47.98
129,0,0,0,0,0,0,0,0,0,0,0,0,2,0,0,1,0,0,0,0,0,0,0,0,0,0,0,0,0,1,0,0,1,0,1.0,12.0,2.121,20.2,-47.98
130,16,30,28,28,11,18,0,37,2,8,51,3,32,9,0,45,4,15,14,20,6,4,5,0,34,1,2,11,3,4,5,0,30,1,18.188,69.412,6.218,6.304,82.261
131,0,0,0,0,0,0,0,0,0,0,0,0,2,0,0,1,0,0,0,0,0,0,0,0,0,0,0,0,0,1,0,0,1,0,1.0,12.0,2.121,20.2,-47.98
132,0,0,0,0,0,0,0,0,0,0,0,0,0,0,0,0,0,0,0,0,0,0,0,0,0,0,0,0,0,0,0,0,0,0,0.0,0.0,0.0,-15.59,206.835
133,7,18,11,12,5,7,1,20,2,6,31,1,16,6,0,20,1,7,11,9,4,2,4,1,15,1,3,11,1,6,5,0,16,1,16.444,66.275,5.289,5.892,82.107
134,17,24,10,18,12,14,0,58,1,11,29,10,18,7,2,34,3,16,12,9,5,2,3,0,35,1,3,9,6,3,6,1,29,1,22.545,95.376,6.017,8.429,74.79
135,3,8,2,6,1,5,0,10,0,7,13,0,6,2,0,14,0,3,4,2,3,1,3,0,9,0,2,6,0,4,2,0,10,0,17.75,76.627,3.944,4.794,92.303
136,0,0,0,0,0,0,0,0,0,0,0,0,2,0,0,1,0,0,0,0,0,0,0,0,0,0,0,0,0,1,0,0,1,0,1.0,12.0,2.121,20.2,-47.98
137,0,0,0,0,0,0,0,0,0,0,0,0,0,0,0,0,0,0,0,0,0,0,0,0,0,0,0,0,0,0,0,0,0,0,0.0,0.0,0.0,-15.59,206.835
138,0,0,0,0,0,0,0,0,0,0,0,0,2,0,0,1,0,0,0,0,0,0,0,0,0,0,0,0,0,1,0,0,1,0,1.0,12.0,2.121,20.2,-47.98
139,0,0,0,0,0,0,0,0,0,0,0,0,0,0,0,0,0,0,0,0,0,0,0,0,0,0,0,0,0,0,0,0,0,0,0.0,0.0,0.0,-15.59,206.835
140,0,0,0,0,0,0,0,0,0,0,0,0,2,0,0,1,0,0,0,0,0,0,0,0,0,0,0,0,0,1,0,0,1,0,1.0,6.0,2.121,20.2,-47.98
141,0,0,0,0,0,0,0,0,0,0,0,0,0,0,0,0,0,0,0,0,0,0,0,0,0,0,0,0,0,0,0,0,0,0,0.0,0.0,0.0,-15.59,206.835
142,5,8,3,5,1,3,1,8,2,1,5,4,5,1,0,5,1,5,6,3,3,1,2,1,8,2,1,1,4,2,1,0,4,1,13.25,43.366,4.371,7.611,64.092
143,0,0,0,0,0,0,0,0,0,0,0,0,2,0,0,1,0,0,0,0,0,0,0,0,0,0,0,0,0,1,0,0,1,0,1.0,12.0,2.121,20.2,-47.98
144,10,12,21,13,9,8,1,21,1,5,25,0,12,3,0,24,0,10,8,18,5,3,4,1,19,1,2,9,0,4,3,0,17,0,13.909,59.971,5.774,4.565,87.106
145,19,18,13,19,9,14,0,37,1,6,40,2,25,4,1,31,0,16,8,10,4,3,6,0,29,1,2,10,2,8,3,1,20,0,15.214,56.753,5.523,4.027,93.288
146,0,0,0,0,0,0,0,0,0,0,0,0,2,0,0,1,0,0,0,0,0,0,0,0,0,0,0,0,0,1,0,0,1,0,1.0,12.0,2.121,20.2,-47.98
147,7,14,4,6,2,8,0,24,3,4,20,4,12,3,0,21,0,6,10,4,5,2,3,0,17,3,2,6,4,5,3,0,17,0,13.333,51.764,5.358,5.343,80.502
148,36,68,47,47,39,47,1,123,14,21,78,15,111,12,1,70,18,29,19,30,8,4,8,1,89,12,3,15,13,13,7,1,54,2,29.857,112.631,8.161,10.32,74.254
149,0,0,0,0,0,0,0,0,0,0,0,0,2,0,0,1,0,0,0,0,0,0,0,0,0,0,0,0,0,1,0,0,1,0,1.0,12.0,2.121,20.2,-47.98
150,0,0,0,0,0,0,0,0,0,0,0,0,2,0,0,1,0,0,0,0,0,0,0,0,0,0,0,0,0,1,0,0,1,0,1.0,12.0,2.121,20.2,-47.98
151,0,0,0,0,0,0,0,0,0,0,0,0,0,0,0,0,0,0,0,0,0,0,0,0,0,0,0,0,0,0,0,0,0,0,0.0,0.0,0.0,-15.59,206.835
152,20,23,8,6,6,17,1,29,6,3,23,5,21,3,0,21,2,17,10,8,3,3,4,1,22,6,2,8,2,5,3,0,18,2,19.222,71.437,6.021,9.914,58.224
153,0,0,0,0,0,0,0,0,0,0,0,0,0,0,0,0,0,0,0,0,0,0,0,0,0,0,0,0,0,0,0,0,0,0,0.0,0.0,0.0,-15.59,206.835
154,5,8,3,8,3,7,0,18,1,3,16,4,10,2,0,14,5,5,6,3,3,2,4,0,17,1,1,7,4,4,2,0,13,1,16.167,62.536,4.954,6.164,79.661
155,3,12,7,8,3,8,1,14,0,2,8,2,7,3,0,12,3,3,9,7,3,1,4,1,12,0,2,4,2,2,2,0,12,1,28.667,109.564,4.804,12.604,55.757
156,11,19,11,15,9,16,1,36,0,12,33,6,19,1,0,26,3,10,8,10,6,2,5,1,30,0,2,11,5,7,1,0,19,1,16.583,64.823,5.564,6.295,79.47
157,0,0,0,0,0,0,0,0,0,0,0,0,0,0,0,0,0,0,0,0,0,0,0,0,0,0,0,0,0,0,0,0,0,0,0.0,0.0,0.0,-15.59,206.835
158,2,3,2,3,2,3,0,6,3,1,6,2,5,1,0,8,0,2,3,2,3,2,2,0,6,2,1,3,2,3,1,0,7,0,10.5,36.642,4.037,4.238,83.378
159,1,9,1,3,0,8,1,10,0,0,5,5,6,1,0,5,1,1,8,1,3,0,3,1,9,0,0,4,4,5,1,0,5,1,12.5,49.287,4.5,3.917,89.244
160,5,16,8,11,2,12,0,26,3,5,12,4,8,5,0,18,3,5,9,7,2,2,5,0,21,3,1,3,4,2,5,0,14,1,18.429,74.134,5.043,8.337,68.116
161,3,4,1,7,5,4,0,18,2,0,9,2,8,2,0,8,4,3,4,1,2,2,3,0,13,2,0,7,2,3,1,0,6,3,17.25,70.172,4.341,6.187,81.431
162,0,0,0,0,0,0,0,0,0,0,0,0,0,0,0,0,0,0,0,0,0,0,0,0,0,0,0,0,0,0,0,0,0,0,0.0,0.0,0.0,-15.59,206.835
163,7,11,10,17,3,8,1,17,0,5,23,5,18,2,1,15,2,7,7,10,7,3,4,1,13,0,2,8,3,6,1,1,13,1,14.0,52.836,5.292,4.48,87.882
164,0,0,0,0,0,0,0,0,0,0,0,0,2,0,0,1,0,0,0,0,0,0,0,0,0,0,0,0,0,1,0,0,1,0,1.0,12.0,2.121,20.2,-47.98
165,8,7,2,4,4,3,0,11,0,4,11,2,6,0,0,9,2,7,4,2,2,2,3,0,10,0,2,5,2,4,0,0,9,1,22.0,73.042,4.613,6.935,84.523
166,0,0,0,0,0,0,0,0,0,0,0,0,0,0,0,0,0,0,0,0,0,0,0,0,0,0,0,0,0,0,0,0,0,0,0.0,0.0,0.0,-15.59,206.835
167,0,0,0,0,0,0,0,0,0,0,0,0,2,0,0,1,0,0,0,0,0,0,0,0,0,0,0,0,0,1,0,0,1,0,1.0,12.0,2.121,20.2,-47.98
168,15,19,20,10,8,11,0,37,0,2,30,8,28,4,3,25,12,12,10,15,4,2,4,0,27,0,2,7,5,6,3,1,18,3,16.833,62.349,5.721,8.032,67.456
169,7,9,2,5,1,1,0,15,1,1,6,0,9,3,1,9,2,6,8,2,4,1,1,0,15,1,1,4,0,5,3,1,9,1,15.5,69.492,5.478,10.629,46.464
170,0,0,0,0,0,0,0,0,0,0,0,0,0,0,0,0,0,0,0,0,0,0,0,0,0,0,0,0,0,0,0,0,0,0,0.0,0.0,0.0,-15.59,206.835
171,0,1,3,2,1,1,0,2,0,0,3,0,1,0,0,5,0,0,1,3,2,1,1,0,2,0,0,2,0,1,0,0,4,0,19.0,78.555,2.92,7.967,71.782
172,25,20,17,12,4,13,0,41,1,9,21,0,28,3,0,27,3,17,9,11,5,1,4,0,23,1,2,7,0,8,2,0,19,2,32.667,158.365,5.253,13.646,55.411
173,14,28,20,15,16,23,1,64,8,13,39,0,13,6,2,50,5,14,13,15,6,3,7,1,51,7,2,8,0,1,3,2,35,3,20.133,75.652,6.754,7.305,78.549
174,6,5,4,7,7,5,0,17,0,4,17,0,16,0,2,14,1,6,4,4,4,3,2,0,16,0,2,11,0,5,0,2,10,1,14.667,54.021,5.201,5.014,85.237
175,0,0,0,0,0,0,0,0,0,0,0,0,0,0,0,0,0,0,0,0,0,0,0,0,0,0,0,0,0,0,0,0,0,0,0.0,0.0,0.0,-15.59,206.835
176,29,21,16,35,11,19,1,58,3,15,45,4,45,9,2,44,5,20,8,13,9,3,5,1,38,3,2,10,4,8,6,1,32,1,17.611,73.105,6.037,7.657,71.534
177,6,8,6,9,2,7,0,13,2,7,13,0,12,5,1,15,1,6,6,5,4,2,3,0,10,2,2,6,0,6,5,1,11,1,23.75,97.08,4.861,7.087,86.552
178,6,7,4,8,4,6,1,17,0,1,12,0,7,2,0,11,0,6,4,4,3,2,3,1,13,0,1,6,0,5,2,0,8,0,19.75,72.07,4.535,6.153,86.125
179,3,1,0,3,0,2,0,2,0,1,6,0,4,1,1,5,0,3,1,0,2,0,2,0,2,0,1,3,0,2,1,1,4,0,24.0,101.571,3.031,8.028,80.25
180,6,19,8,13,5,17,0,25,4,3,16,7,13,2,0,14,1,5,8,8,5,2,5,0,22,3,2,5,6,4,2,0,12,1,12.727,45.918,5.02,3.618,91.793
181,3,4,0,3,1,3,0,8,0,1,1,1,5,0,0,2,1,3,4,0,2,1,2,0,8,0,1,1,1,4,0,0,2,1,14.0,55.327,3.742,8.413,59.682
182,11,18,22,24,4,13,1,30,2,13,41,2,29,5,0,35,4,11,10,18,5,2,5,1,26,2,2,14,2,3,4,0,26,1,11.2,42.829,5.906,2.949,93.871
183,58,107,81,108,35,83,0,160,8,47,198,2,121,39,6,174,13,47,18,50,11,6,14,0,95,7,2,28,1,9,12,2,89,3,23.66,98.59,7.634,8.737,74.56
184,18,21,21,14,11,18,0,40,0,13,29,0,22,5,0,41,0,17,12,17,5,4,6,0,30,0,2,11,0,6,4,0,27,0,25.667,109.518,6.327,10.307,66.885
185,13,20,19,15,8,15,0,39,7,5,30,2,20,6,0,32,0,11,11,16,7,2,4,0,28,4,2,6,2,6,3,0,20,0,26.375,101.658,5.744,9.684,72.61
186,0,0,0,0,0,0,0,0,0,0,0,0,2,0,0,1,0,0,0,0,0,0,0,0,0,0,0,0,0,1,0,0,1,0,1.0,12.0,2.121,20.2,-47.98
187,0,0,0,0,0,0,0,0,0,0,0,0,2,0,0,1,0,0,0,0,0,0,0,0,0,0,0,0,0,1,0,0,1,0,1.0,12.0,2.121,20.2,-47.98
188,27,37,23,30,13,25,0,58,4,13,63,2,29,12,0,48,6,24,12,18,5,3,7,0,37,4,2,12,2,6,5,0,35,2,24.2,91.383,6.124,8.769,75.298
189,6,13,11,12,7,7,1,18,3,9,19,3,14,0,2,20,6,6,6,10,4,3,3,1,16,3,2,4,3,4,0,2,12,2,13.5,47.828,4.747,3.048,97.253
190,5,10,3,14,4,10,0,26,0,2,12,3,15,4,0,9,5,4,7,3,4,2,5,0,22,0,2,4,3,5,2,0,7,3,21.4,88.162,4.853,11.283,52.284
191,8,5,3,2,3,2,0,14,1,2,7,0,10,1,0,5,1,6,4,3,1,3,1,0,14,1,1,6,0,5,1,0,5,1,13.5,60.631,5.004,5.408,80.333
192,16,26,6,22,11,18,0,42,8,5,20,1,17,3,1,22,0,15,10,6,5,2,6,0,37,7,2,5,1,5,3,1,17,0,33.333,135.511,5.9,13.517,57.523
193,2,4,1,6,1,4,0,10,0,2,9,2,3,3,0,8,1,2,4,1,3,1,2,0,7,0,2,5,2,2,2,0,8,1,17.667,70.69,3.885,5.326,88.341
194,0,0,0,0,0,0,0,4,4,0,0,0,4,0,0,0,1,0,0,0,0,0,0,0,4,3,0,0,0,1,0,0,0,1,4.5,6.5,2.121,-4.657,136.468
195,3,20,15,14,8,23,0,32,0,8,28,0,13,5,0,32,2,3,11,10,5,3,8,0,25,0,2,7,0,3,5,0,22,1,21.111,84.553,5.232,6.865,83.442
196,12,19,10,15,9,18,0,30,3,7,25,1,18,6,0,22,4,10,12,10,4,2,5,0,20,2,3,7,1,5,6,0,17,1,18.1,73.601,5.308,6.594,80.026
197,2,12,4,7,4,4,0,17,3,2,10,0,7,2,0,13,3,2,10,4,3,1,3,0,16,3,1,5,0,6,2,0,12,1,27.667,106.02,5.2,8.706,81.922
198,0,0,0,0,0,0,0,0,0,0,0,0,2,0,0,1,0,0,0,0,0,0,0,0,0,0,0,0,0,1,0,0,1,0,1.0,12.0,2.121,20.2,-47.98
199,9,29,10,14,7,16,0,34,1,7,36,4,16,3,0,30,8,9,10,9,7,4,4,0,26,1,2,11,4,6,2,0,19,3,18.909,76.058,5.491,6.705,80.672
200,0,0,0,0,0,0,0,0,0,0,0,0,2,0,0,1,0,0,0,0,0,0,0,0,0,0,0,0,0,1,0,0,1,0,1.0,12.0,2.121,20.2,-47.98
201,6,14,8,5,0,10,1,28,2,5,15,2,14,2,0,17,3,6,9,7,3,0,4,1,20,1,2,5,2,3,2,0,13,1,16.857,68.426,4.947,6.984,75.013
202,0,0,0,0,0,0,0,0,0,0,0,0,0,0,0,0,0,0,0,0,0,0,0,0,0,0,0,0,0,0,0,0,0,0,0.0,0.0,0.0,-15.59,206.835
203,0,0,0,0,0,0,0,0,0,0,0,0,0,0,0,0,0,0,0,0,0,0,0,0,0,0,0,0,0,0,0,0,0,0,0.0,0.0,0.0,-15.59,206.835
204,0,3,0,0,1,1,0,3,0,0,4,2,3,0,0,3,0,0,3,0,0,1,1,0,3,0,0,3,2,2,0,0,3,0,17.0,58.673,3.087,9.781,55.215
205,10,14,19,20,6,14,1,23,0,8,33,0,23,11,0,25,2,9,8,16,4,3,6,1,23,0,2,11,0,3,5,0,20,1,26.429,108.685,5.511,9.515,73.917
206,4,9,3,5,1,5,0,13,2,4,12,5,18,0,0,11,4,4,5,3,3,1,2,0,10,2,3,6,5,6,0,0,11,3,13.0,45.226,4.964,5.667,77.586
207,15,10,8,14,7,6,1,19,0,7,27,1,12,8,1,18,1,14,9,6,4,3,3,1,17,0,2,10,1,5,6,1,14,1,28.4,109.444,5.697,11.441,63.62
208,2,0,1,1,2,0,0,5,0,2,3,0,1,1,0,3,0,2,0,1,1,2,0,0,5,0,1,2,0,1,1,0,3,0,20.0,85.882,3.004,8.14,72.325
209,0,0,0,0,0,0,0,0,0,0,0,0,0,0,0,0,0,0,0,0,0,0,0,0,0,0,0,0,0,0,0,0,0,0,0.0,0.0,0.0,-15.59,206.835
210,4,11,9,12,4,7,1,13,2,4,18,9,15,3,0,19,4,4,7,8,6,2,3,1,10,1,2,6,5,5,3,0,17,2,14.875,55.779,4.862,4.589,88.653
211,17,23,18,21,13,27,0,43,1,8,50,1,37,8,0,41,8,15,9,17,5,3,6,0,32,1,2,10,1,8,6,0,24,2,23.25,95.13,5.461,8.28,77.107
212,7,0,5,5,3,2,0,7,0,3,11,1,9,4,0,14,2,6,0,5,3,2,2,0,6,0,2,4,1,5,4,0,12,2,16.0,66.62,4.596,6.691,75.592
213,5,7,3,6,2,2,0,12,0,1,10,1,10,0,0,4,0,5,5,3,3,1,1,0,11,0,1,6,1,5,0,0,4,0,18.0,70.14,4.523,6.289,82.032
214,2,6,4,9,3,12,1,16,0,4,15,0,11,2,0,18,4,2,4,4,3,2,5,1,12,0,2,6,0,4,2,0,14,2,13.714,49.304,4.402,3.894,91.571
215,0,0,0,0,0,0,0,0,0,0,0,0,0,0,0,0,0,0,0,0,0,0,0,0,0,0,0,0,0,0,0,0,0,0,0.0,0.0,0.0,-15.59,206.835
216,0,0,0,0,0,0,0,0,0,0,0,0,0,0,0,0,0,0,0,0,0,0,0,0,0,0,0,0,0,0,0,0,0,0,0.0,0.0,0.0,-15.59,206.835
217,0,0,0,0,0,0,0,0,0,0,0,0,0,0,0,0,0,0,0,0,0,0,0,0,0,0,0,0,0,0,0,0,0,0,0.0,0.0,0.0,-15.59,206.835
218,10,11,7,11,6,12,0,20,2,8,16,0,11,0,1,13,1,8,8,7,4,3,3,0,14,2,2,8,0,5,0,1,12,1,23.4,88.202,4.903,8.261,77.515
219,0,0,0,0,0,0,0,0,0,0,0,0,0,0,0,0,0,0,0,0,0,0,0,0,0,0,0,0,0,0,0,0,0,0,0.0,0.0,0.0,-15.59,206.835
220,5,7,7,5,2,5,1,13,0,5,10,5,13,1,0,16,6,5,6,6,2,1,2,1,11,0,1,8,4,5,1,0,14,2,12.714,44.35,5.247,4.218,87.467
221,2,6,2,8,4,4,1,13,0,7,14,2,6,3,0,12,4,2,5,2,4,2,2,1,12,0,3,5,2,3,3,0,11,2,20.5,73.754,4.607,4.637,98.332
222,6,19,8,8,6,10,0,25,0,2,20,1,17,1,0,15,1,6,9,6,4,3,6,0,16,0,2,9,1,5,1,0,13,1,17.429,70.351,4.865,6.102,82.355
223,3,11,5,10,2,7,0,13,0,1,11,3,12,0,0,7,0,3,9,5,2,2,3,0,12,0,1,6,3,6,0,0,7,0,18.25,70.156,4.883,7.692,72.421
224,0,0,0,0,0,0,0,0,0,0,0,0,0,0,0,0,0,0,0,0,0,0,0,0,0,0,0,0,0,0,0,0,0,0,0.0,0.0,0.0,-15.59,206.835
225,0,0,0,0,0,0,0,0,0,0,0,0,0,0,0,0,0,0,0,0,0,0,0,0,0,0,0,0,0,0,0,0,0,0,0.0,0.0,0.0,-15.59,206.835
226,0,0,0,0,0,0,0,0,0,0,0,0,0,0,0,0,0,0,0,0,0,0,0,0,0,0,0,0,0,0,0,0,0,0,0.0,0.0,0.0,-15.59,206.835
227,0,0,0,0,0,0,0,0,0,0,0,0,0,0,0,0,0,0,0,0,0,0,0,0,0,0,0,0,0,0,0,0,0,0,0.0,0.0,0.0,-15.59,206.835
228,0,0,0,0,0,0,0,0,0,0,0,0,0,0,0,0,0,0,0,0,0,0,0,0,0,0,0,0,0,0,0,0,0,0,0.0,0.0,0.0,-15.59,206.835
229,0,1,0,0,0,1,0,3,0,0,0,3,4,0,2,0,0,0,1,0,0,0,1,0,3,0,0,0,3,1,0,1,0,0,8.0,24.333,2.75,27.355,-86.81
230,12,12,10,15,3,7,0,20,1,4,20,4,19,2,0,16,0,10,7,10,5,2,4,0,17,1,2,10,4,7,1,0,15,0,12.5,54.696,5.755,6.277,72.324
231,4,7,0,3,1,4,0,7,0,1,7,6,3,0,1,4,0,4,6,0,2,1,3,0,7,0,1,3,5,2,0,1,3,0,44.0,174.199,4.051,15.515,62.193
232,0,0,0,0,0,0,0,0,0,0,0,0,0,0,0,0,0,0,0,0,0,0,0,0,0,0,0,0,0,0,0,0,0,0,0.0,0.0,0.0,-15.59,206.835
233,0,0,0,0,0,0,0,0,0,0,0,0,0,0,0,0,0,0,0,0,0,0,0,0,0,0,0,0,0,0,0,0,0,0,0.0,0.0,0.0,-15.59,206.835
234,0,0,0,0,0,0,0,0,0,0,0,0,0,0,0,0,0,0,0,0,0,0,0,0,0,0,0,0,0,0,0,0,0,0,0.0,0.0,0.0,-15.59,206.835
235,0,0,0,0,0,0,0,0,0,0,0,0,0,0,0,0,0,0,0,0,0,0,0,0,0,0,0,0,0,0,0,0,0,0,0.0,0.0,0.0,-15.59,206.835
236,0,0,0,0,0,0,0,0,0,0,0,0,0,0,0,0,0,0,0,0,0,0,0,0,0,0,0,0,0,0,0,0,0,0,0.0,0.0,0.0,-15.59,206.835
237,0,0,0,0,0,0,0,0,0,0,0,0,0,0,0,0,0,0,0,0,0,0,0,0,0,0,0,0,0,0,0,0,0,0,0.0,0.0,0.0,-15.59,206.835
238,0,0,0,0,0,0,0,0,0,0,0,0,0,0,0,0,0,0,0,0,0,0,0,0,0,0,0,0,0,0,0,0,0,0,0.0,0.0,0.0,-15.59,206.835
239,0,0,0,0,0,0,0,0,0,0,0,0,0,0,0,0,0,0,0,0,0,0,0,0,0,0,0,0,0,0,0,0,0,0,0.0,0.0,0.0,-15.59,206.835
240,0,0,0,0,0,0,0,0,0,0,0,0,0,0,0,0,0,0,0,0,0,0,0,0,0,0,0,0,0,0,0,0,0,0,0.0,0.0,0.0,-15.59,206.835
241,0,0,0,0,0,0,0,0,0,0,0,0,0,0,0,0,0,0,0,0,0,0,0,0,0,0,0,0,0,0,0,0,0,0,0.0,0.0,0.0,-15.59,206.835
242,0,0,0,0,0,0,0,0,0,0,0,0,0,0,0,0,0,0,0,0,0,0,0,0,0,0,0,0,0,0,0,0,0,0,0.0,0.0,0.0,-15.59,206.835
243,0,0,0,0,0,0,0,0,0,0,0,0,0,0,0,0,0,0,0,0,0,0,0,0,0,0,0,0,0,0,0,0,0,0,0.0,0.0,0.0,-15.59,206.835
244,2,5,3,4,3,5,0,8,0,0,8,4,7,0,0,7,1,2,3,3,4,1,4,0,8,0,0,4,4,4,0,0,6,1,10.0,32.335,4.3,1.998,98.549
245,0,0,0,0,0,0,0,0,0,0,0,0,0,0,0,0,0,0,0,0,0,0,0,0,0,0,0,0,0,0,0,0,0,0,0.0,0.0,0.0,-15.59,206.835
246,0,0,0,0,0,0,0,0,0,0,0,0,0,0,0,0,0,0,0,0,0,0,0,0,0,0,0,0,0,0,0,0,0,0,0.0,0.0,0.0,-15.59,206.835
247,0,0,0,0,0,0,0,0,0,0,0,0,0,0,0,0,0,0,0,0,0,0,0,0,0,0,0,0,0,0,0,0,0,0,0.0,0.0,0.0,-15.59,206.835
248,1,2,0,2,1,2,0,5,0,0,3,2,3,0,1,4,0,1,2,0,1,1,2,0,5,0,0,2,2,2,0,1,4,0,23.0,73.579,3.539,7.745,80.499
249,0,0,0,0,0,0,0,0,0,0,0,0,0,0,0,0,0,0,0,0,0,0,0,0,0,0,0,0,0,0,0,0,0,0,0.0,0.0,0.0,-15.59,206.835
250,0,0,0,0,0,0,0,0,0,0,0,0,0,0,0,0,0,0,0,0,0,0,0,0,0,0,0,0,0,0,0,0,0,0,0.0,0.0,0.0,-15.59,206.835
251,5,3,1,8,2,1,0,10,0,1,5,0,4,2,0,4,1,5,3,1,3,1,1,0,10,0,1,3,0,2,1,0,4,1,8.8,40.37,3.944,4.469,78.694
252,0,0,0,0,0,0,0,0,0,0,0,0,0,0,0,0,0,0,0,0,0,0,0,0,0,0,0,0,0,0,0,0,0,0,0.0,0.0,0.0,-15.59,206.835
253,8,7,7,14,5,12,3,28,0,3,14,6,29,3,0,16,5,8,5,7,4,3,6,3,25,0,1,8,6,7,2,0,13,1,13.1,55.477,5.931,5.463,79.232
254,0,0,0,0,0,0,0,0,0,0,0,0,0,0,0,0,0,0,0,0,0,0,0,0,0,0,0,0,0,0,0,0,0,0,0.0,0.0,0.0,-15.59,206.835
255,0,0,0,0,0,0,0,0,0,0,0,0,0,0,0,0,0,0,0,0,0,0,0,0,0,0,0,0,0,0,0,0,0,0,0.0,0.0,0.0,-15.59,206.835
256,0,0,0,0,0,0,0,0,0,0,0,0,0,0,0,0,0,0,0,0,0,0,0,0,0,0,0,0,0,0,0,0,0,0,0.0,0.0,0.0,-15.59,206.835
257,0,0,0,0,0,0,0,0,0,0,0,0,0,0,0,0,0,0,0,0,0,0,0,0,0,0,0,0,0,0,0,0,0,0,0.0,0.0,0.0,-15.59,206.835
258,0,0,0,0,0,0,0,0,0,0,0,0,0,0,0,0,0,0,0,0,0,0,0,0,0,0,0,0,0,0,0,0,0,0,0.0,0.0,0.0,-15.59,206.835
259,0,0,0,0,0,0,0,0,0,0,0,0,0,0,0,0,0,0,0,0,0,0,0,0,0,0,0,0,0,0,0,0,0,0,0.0,0.0,0.0,-15.59,206.835
260,0,0,0,0,0,0,0,0,0,0,0,1,0,0,0,0,0,0,0,0,0,0,0,0,0,0,0,0,1,0,0,0,0,0,1.0,0.0,0.707,645.6,-4531.78
261,0,0,0,0,0,0,0,0,0,0,0,0,0,0,0,0,0,0,0,0,0,0,0,0,0,0,0,0,0,0,0,0,0,0,0.0,0.0,0.0,-15.59,206.835
262,0,0,0,0,0,0,0,0,0,0,0,0,0,0,0,0,0,0,0,0,0,0,0,0,0,0,0,0,0,0,0,0,0,0,0.0,0.0,0.0,-15.59,206.835
263,20,45,8,23,18,34,1,85,0,16,34,10,28,11,0,39,71,15,15,8,5,4,6,1,52,0,3,9,5,7,7,0,28,7,29.643,110.951,5.797,11.069,68.5
264,0,0,0,0,0,0,0,0,0,0,0,0,0,0,0,0,0,0,0,0,0,0,0,0,0,0,0,0,0,0,0,0,0,0,0.0,0.0,0.0,-15.59,206.835
265,10,14,4,13,2,8,2,28,0,4,14,19,30,3,2,16,3,9,7,4,4,1,3,2,21,0,2,6,14,7,2,1,12,3,15.667,55.644,5.598,8.178,64.333
266,0,0,0,0,0,0,0,0,0,0,0,0,0,0,0,0,0,0,0,0,0,0,0,0,0,0,0,0,0,0,0,0,0,0,0.0,0.0,0.0,-15.59,206.835
267,2,1,0,2,1,1,0,5,1,1,6,0,3,1,0,5,1,2,1,0,2,1,1,0,5,1,1,5,0,2,1,0,5,1,9.0,34.265,3.81,2.779,91.167
268,0,0,0,0,0,0,0,0,0,0,0,0,0,0,0,0,0,0,0,0,0,0,0,0,0,0,0,0,0,0,0,0,0,0,0.0,0.0,0.0,-15.59,206.835
269,0,0,0,0,0,0,0,0,0,0,0,0,0,0,0,0,0,0,0,0,0,0,0,0,0,0,0,0,0,0,0,0,0,0,0.0,0.0,0.0,-15.59,206.835
270,0,0,0,0,0,0,0,0,0,0,0,0,0,0,0,0,0,0,0,0,0,0,0,0,0,0,0,0,0,0,0,0,0,0,0.0,0.0,0.0,-15.59,206.835
271,1,2,0,0,0,0,0,6,0,0,1,0,1,0,0,1,0,1,2,0,0,0,0,0,6,0,0,1,0,1,0,0,1,0,11.0,49.881,2.558,12.3,26.47
272,9,12,8,13,8,8,1,26,0,2,21,0,19,9,0,23,4,8,7,7,6,3,5,1,24,0,2,6,0,7,6,0,19,2,18.0,75.892,5.834,6.262,82.228
273,5,6,3,3,4,10,0,14,1,0,5,11,12,0,0,11,4,5,6,3,2,2,6,0,10,1,0,3,11,5,0,0,9,2,19.25,67.253,5.157,8.928,65.34
274,0,0,0,0,0,0,0,0,0,0,0,0,0,0,0,0,0,0,0,0,0,0,0,0,0,0,0,0,0,0,0,0,0,0,0.0,0.0,0.0,-15.59,206.835
275,0,0,0,0,0,0,0,0,0,0,0,0,2,0,0,1,0,0,0,0,0,0,0,0,0,0,0,0,0,1,0,0,1,0,1.0,12.0,2.121,20.2,-47.98
276,0,0,0,0,0,0,0,0,0,0,0,0,0,0,0,0,0,0,0,0,0,0,0,0,0,0,0,0,0,0,0,0,0,0,0.0,0.0,0.0,-15.59,206.835
277,0,0,0,0,0,0,0,0,0,0,0,0,0,0,0,0,0,0,0,0,0,0,0,0,0,0,0,0,0,0,0,0,0,0,0.0,0.0,0.0,-15.59,206.835
278,0,0,0,0,0,0,0,0,0,0,0,0,0,0,0,0,0,0,0,0,0,0,0,0,0,0,0,0,0,0,0,0,0,0,0.0,0.0,0.0,-15.59,206.835
279,0,0,0,0,0,0,0,0,0,0,0,0,0,0,0,0,0,0,0,0,0,0,0,0,0,0,0,0,0,0,0,0,0,0,0.0,0.0,0.0,-15.59,206.835
280,0,0,0,0,0,0,0,0,0,0,0,0,0,0,0,0,0,0,0,0,0,0,0,0,0,0,0,0,0,0,0,0,0,0,0.0,0.0,0.0,-15.59,206.835
281,13,14,33,41,12,18,1,42,9,23,63,2,92,13,1,57,11,13,9,19,8,3,8,1,34,9,2,12,2,13,6,1,30,2,11.9,45.458,6.138,2.041,101.625
282,0,0,0,0,0,0,0,0,0,0,0,0,0,0,0,0,0,0,0,0,0,0,0,0,0,0,0,0,0,0,0,0,0,0,0.0,0.0,0.0,-15.59,206.835
283,0,0,0,0,0,0,0,0,0,0,0,0,0,0,0,0,0,0,0,0,0,0,0,0,0,0,0,0,0,0,0,0,0,0,0.0,0.0,0.0,-15.59,206.835
284,0,0,0,0,0,0,0,0,0,0,0,0,0,0,0,0,0,0,0,0,0,0,0,0,0,0,0,0,0,0,0,0,0,0,0.0,0.0,0.0,-15.59,206.835
285,2,2,1,2,2,2,0,5,0,2,3,4,2,0,0,4,1,2,1,1,2,2,1,0,5,0,2,1,4,2,0,0,3,1,10.0,32.117,3.357,5.617,72.605
286,2,2,1,2,1,1,0,5,0,2,3,0,2,2,0,3,0,2,2,1,1,1,1,0,4,0,1,2,0,2,1,0,3,0,24.0,115.981,3.031,10.487,62.625
287,7,13,4,9,3,6,0,10,0,3,10,9,9,2,0,10,2,7,8,4,4,2,2,0,9,0,2,2,9,4,2,0,10,2,17.6,62.206,4.9,7.499,72.646
288,9,8,5,9,7,6,0,27,1,5,10,7,20,2,3,9,7,9,5,4,2,3,3,0,24,1,3,3,6,5,2,1,7,2,18.333,74.256,5.259,8.831,64.403
289,0,0,0,0,0,0,0,0,0,0,0,0,2,0,0,1,0,0,0,0,0,0,0,0,0,0,0,0,0,1,0,0,1,0,1.0,12.0,2.121,20.2,-47.98
290,6,19,10,14,5,14,1,28,0,12,20,11,20,2,0,24,13,6,9,10,6,2,3,1,24,0,3,5,10,3,2,0,17,3,13.769,49.545,5.338,5.272,81.792
291,14,28,19,23,11,19,0,39,3,9,43,2,38,7,0,42,4,13,12,19,7,3,6,0,26,2,2,12,2,3,5,0,30,1,13.842,59.34,6.104,5.288,81.808
292,18,20,19,18,15,19,1,35,7,6,30,6,33,1,1,22,1,13,8,18,3,4,5,1,28,6,3,12,5,7,1,1,17,1,21.7,81.826,6.0,7.99,76.428
293,0,0,0,0,0,0,0,0,0,0,0,0,0,0,0,0,0,0,0,0,0,0,0,0,0,0,0,0,0,0,0,0,0,0,0.0,0.0,0.0,-15.59,206.835
294,23,29,8,17,13,17,1,43,11,4,27,61,42,8,0,24,31,16,9,8,3,2,7,1,32,9,1,7,34,7,6,0,22,5,21.4,63.963,6.473,10.18,60.191
295,11,16,4,14,5,12,0,25,0,8,20,0,15,7,0,17,0,11,8,2,3,3,6,0,21,0,2,8,0,7,3,0,11,0,23.167,99.399,5.038,7.282,84.114
296,8,25,10,18,7,10,1,39,8,3,28,14,26,2,0,27,5,8,8,9,6,3,4,1,27,8,1,6,10,6,2,0,21,1,12.812,46.713,5.729,6.042,74.565
297,4,8,8,7,5,7,2,17,0,6,22,0,7,3,0,19,4,3,6,7,3,3,4,2,12,0,1,9,0,2,2,0,16,1,28.0,113.318,4.677,8.394,84.751
298,11,27,16,20,8,16,1,45,4,6,31,5,32,2,1,26,0,11,10,14,7,3,5,1,36,3,3,8,4,6,2,1,24,0,16.769,64.421,6.465,6.052,81.542
299,0,0,0,0,0,0,0,0,0,0,0,0,2,0,0,1,0,0,0,0,0,0,0,0,0,0,0,0,0,1,0,0,1,0,1.0,12.0,2.121,20.2,-47.98
300,0,0,0,0,0,0,0,0,0,0,0,0,0,0,0,0,0,0,0,0,0,0,0,0,0,0,0,0,0,0,0,0,0,0,0.0,0.0,0.0,-15.59,206.835
301,0,0,0,0,0,0,0,0,0,0,0,0,0,0,0,0,0,0,0,0,0,0,0,0,0,0,0,0,0,0,0,0,0,0,0.0,0.0,0.0,-15.59,206.835
302,2,4,0,4,3,1,0,5,0,5,6,2,4,0,0,7,2,2,4,0,2,2,1,0,4,0,2,4,2,3,0,0,5,1,20.5,82.574,3.534,7.659,76.667
303,1,3,0,2,0,2,1,16,0,1,5,2,11,0,0,6,1,1,3,0,1,0,2,1,13,0,1,2,2,2,0,0,5,1,8.0,34.633,3.801,5.23,71.815
304,3,5,4,4,0,5,0,11,0,4,5,3,6,1,0,5,0,3,4,3,3,0,3,0,10,0,2,5,3,2,1,0,5,0,8.333,31.905,4.3,2.292,93.473
305,10,14,7,11,5,9,0,22,1,1,17,7,14,5,0,17,1,10,7,7,3,3,3,0,17,1,1,8,6,5,5,0,16,1,25.4,95.022,5.71,9.74,70.474
306,64,100,40,56,37,57,1,190,9,24,118,10,108,23,3,105,11,53,22,34,11,3,8,1,123,7,2,16,9,10,11,1,61,6,25.606,103.858,8.417,10.567,64.908
307,5,12,17,16,9,12,1,26,3,5,32,0,25,4,0,29,3,5,7,14,6,2,8,1,19,2,2,10,0,4,4,0,24,2,15.818,60.976,5.789,5.227,85.759
308,0,0,0,0,0,0,0,0,0,0,0,0,0,0,0,0,0,0,0,0,0,0,0,0,0,0,0,0,0,0,0,0,0,0,0.0,0.0,0.0,-15.59,206.835
309,0,0,0,0,0,0,0,0,0,0,0,0,0,0,0,0,0,0,0,0,0,0,0,0,0,0,0,0,0,0,0,0,0,0,0.0,0.0,0.0,-15.59,206.835
310,0,0,0,0,0,0,0,0,0,0,0,0,0,0,0,0,0,0,0,0,0,0,0,0,0,0,0,0,0,0,0,0,0,0,0.0,0.0,0.0,-15.59,206.835
311,0,0,0,0,0,0,0,0,0,0,0,0,0,0,0,0,0,0,0,0,0,0,0,0,0,0,0,0,0,0,0,0,0,0,0.0,0.0,0.0,-15.59,206.835
312,0,0,0,0,0,0,0,0,0,0,0,0,0,0,0,0,0,0,0,0,0,0,0,0,0,0,0,0,0,0,0,0,0,0,0.0,0.0,0.0,-15.59,206.835
313,0,0,0,0,0,0,0,0,0,0,0,0,0,0,0,0,0,0,0,0,0,0,0,0,0,0,0,0,0,0,0,0,0,0,0.0,0.0,0.0,-15.59,206.835
314,0,0,0,0,0,0,0,0,0,0,0,0,0,0,0,0,0,0,0,0,0,0,0,0,0,0,0,0,0,0,0,0,0,0,0.0,0.0,0.0,-15.59,206.835
315,22,25,30,36,20,28,2,70,4,18,70,3,48,16,0,70,8,21,12,17,7,3,7,1,60,3,2,15,2,6,9,0,41,1,14.552,54.277,6.815,4.094,91.628
316,3,8,5,5,2,6,0,20,0,2,9,1,3,1,0,8,1,3,4,5,2,2,5,0,14,0,1,4,1,2,1,0,8,1,23.667,99.678,4.364,12.753,45.785
317,9,19,22,23,9,12,0,22,0,11,41,2,18,7,0,26,2,9,9,19,6,3,4,0,20,0,2,12,2,5,5,0,18,2,29.286,119.827,5.334,10.509,71.876
318,26,47,20,56,10,52,1,92,6,29,81,4,62,16,1,87,22,22,14,15,8,2,8,1,61,6,2,17,3,7,7,1,62,2,24.955,97.113,6.79,8.178,80.88
319,3,8,1,4,4,7,0,19,1,4,8,2,10,1,2,13,3,3,7,1,2,2,3,0,17,1,2,3,2,3,1,1,12,1,19.5,73.263,4.724,6.841,80.75
320,37,56,29,51,21,44,0,108,13,11,89,10,41,18,3,68,12,26,15,22,6,2,7,0,61,10,2,13,5,4,8,2,41,2,27.0,106.827,6.295,10.694,66.481
321,0,0,0,0,0,0,0,0,0,0,0,0,0,0,0,0,0,0,0,0,0,0,0,0,0,0,0,0,0,0,0,0,0,0,0.0,0.0,0.0,-15.59,206.835
322,0,0,0,0,0,0,0,0,0,0,0,0,0,0,0,0,0,0,0,0,0,0,0,0,0,0,0,0,0,0,0,0,0,0,0.0,0.0,0.0,-15.59,206.835
323,15,26,27,31,18,20,0,47,2,16,57,1,32,13,0,51,3,13,11,21,5,3,5,0,38,1,3,12,1,7,6,0,34,1,17.211,69.032,5.826,6.495,79.153
324,2,6,4,4,1,9,0,15,0,0,8,1,9,2,0,9,0,2,5,4,2,1,6,0,14,0,0,5,1,3,2,0,8,0,12.4,50.666,4.76,6.946,67.349
325,0,0,0,0,0,0,0,0,0,0,0,0,0,0,0,0,0,0,0,0,0,0,0,0,0,0,0,0,0,0,0,0,0,0,0.0,0.0,0.0,-15.59,206.835
326,3,5,4,4,3,7,0,9,0,0,9,5,8,1,0,7,0,3,4,4,1,2,2,0,7,0,0,5,4,4,1,0,7,0,8.143,27.917,4.027,4.768,75.381
327,0,0,0,0,0,0,0,0,0,0,0,0,0,0,0,0,0,0,0,0,0,0,0,0,0,0,0,0,0,0,0,0,0,0,0.0,0.0,0.0,-15.59,206.835
328,0,0,0,0,0,0,0,0,0,0,0,0,2,0,0,1,0,0,0,0,0,0,0,0,0,0,0,0,0,1,0,0,1,0,1.0,12.0,2.121,20.2,-47.98
329,31,61,49,53,27,43,1,86,2,28,95,3,79,14,0,89,0,26,24,35,9,4,8,1,56,2,3,17,3,10,9,0,56,0,22.385,91.133,7.093,8.306,75.385
330,6,8,4,4,3,10,1,15,0,1,8,0,13,1,0,14,0,6,5,4,4,2,7,1,15,0,1,6,0,7,1,0,14,0,8.333,40.09,5.797,4.023,81.065
331,5,15,11,13,7,8,0,26,3,9,28,2,22,6,0,20,3,5,11,10,6,3,4,0,23,3,3,11,2,5,3,0,16,2,15.6,56.282,5.718,5.849,80.913
332,1,3,2,3,3,5,0,10,0,0,10,0,4,2,0,8,1,1,3,2,2,2,2,0,9,0,0,4,0,3,2,0,7,1,12.25,48.785,3.839,4.359,85.63
333,0,0,0,0,0,0,0,0,0,0,0,0,2,0,0,1,0,0,0,0,0,0,0,0,0,0,0,0,0,1,0,0,1,0,1.0,12.0,2.121,20.2,-47.98
334,8,3,1,6,1,3,0,9,0,1,8,0,9,2,0,7,2,7,3,1,3,1,2,0,9,0,1,5,0,2,2,0,6,1,17.0,74.58,4.06,6.773,76.78
335,0,0,0,0,0,0,0,0,0,0,0,0,0,0,0,0,0,0,0,0,0,0,0,0,0,0,0,0,0,0,0,0,0,0,0.0,0.0,0.0,-15.59,206.835
336,0,0,0,0,0,0,0,0,0,0,0,0,0,0,0,0,0,0,0,0,0,0,0,0,0,0,0,0,0,0,0,0,0,0,0.0,0.0,0.0,-15.59,206.835
337,0,0,0,0,0,0,0,0,0,0,0,0,0,0,0,0,0,0,0,0,0,0,0,0,0,0,0,0,0,0,0,0,0,0,0.0,0.0,0.0,-15.59,206.835
338,5,8,5,7,4,9,1,22,2,4,19,6,15,2,0,17,9,5,6,5,5,3,5,1,19,2,2,6,5,8,2,0,14,3,17.0,64.972,5.834,5.914,82.941
339,4,5,1,6,2,4,1,13,0,1,8,8,7,1,3,4,2,4,3,1,2,1,2,1,11,0,1,4,8,3,1,1,4,1,20.0,64.275,4.382,8.533,69.505
340,12,21,4,10,3,20,1,38,10,8,14,13,18,2,4,21,11,10,11,4,2,2,4,1,29,8,1,5,13,6,1,2,18,2,23.625,90.128,6.018,11.542,54.389
341,0,0,0,0,0,0,0,0,0,0,0,0,2,0,0,1,0,0,0,0,0,0,0,0,0,0,0,0,0,1,0,0,1,0,1.0,12.0,2.121,20.2,-47.98
342,5,10,10,4,5,5,1,20,2,4,15,1,12,3,0,19,3,5,7,8,4,2,2,1,16,2,2,4,1,3,3,0,14,1,15.286,63.97,4.922,6.031,79.047
343,7,7,5,13,6,8,0,19,2,4,21,0,14,6,2,16,2,7,3,5,4,3,3,0,17,2,2,8,0,5,6,1,13,1,14.5,56.038,5.121,5.222,83.45
344,17,31,23,26,9,22,0,65,1,4,31,14,38,5,0,31,9,14,13,17,6,3,8,0,41,1,2,8,9,7,5,0,25,2,14.526,54.275,6.214,6.407,74.999
345,0,0,0,0,0,0,0,0,0,0,0,0,2,0,0,1,0,0,0,0,0,0,0,0,0,0,0,0,0,1,0,0,1,0,1.0,12.0,2.121,20.2,-47.98
346,23,35,18,18,10,26,0,52,1,8,39,2,29,6,0,37,7,20,11,15,7,3,7,0,38,1,2,9,2,5,5,0,32,2,18.8,74.591,6.4,7.726,73.153
347,4,11,5,6,4,11,0,18,2,4,13,6,9,3,0,17,3,4,7,4,4,2,4,0,17,2,2,3,6,3,3,0,14,1,13.375,53.233,5.059,5.837,77.033
348,6,16,9,11,4,10,0,21,0,3,19,4,18,5,0,14,8,6,9,7,3,2,5,0,21,0,2,6,4,7,5,0,13,2,18.714,70.31,5.56,7.112,77.408
349,0,0,0,0,0,0,0,0,0,0,0,0,2,0,0,1,0,0,0,0,0,0,0,0,0,0,0,0,0,1,0,0,1,0,1.0,12.0,2.121,20.2,-47.98
350,6,7,4,7,2,9,0,15,1,3,15,1,11,2,0,14,2,6,7,4,3,2,3,0,13,1,2,4,1,5,2,0,11,1,14.667,56.546,4.749,3.673,94.851
351,22,40,21,24,11,18,0,47,2,14,42,2,22,8,1,34,1,18,15,16,5,3,8,0,37,2,3,10,2,4,4,1,26,1,22.0,94.568,6.188,10.195,61.155
352,0,0,0,0,0,0,0,0,0,0,0,0,2,0,0,1,0,0,0,0,0,0,0,0,0,0,0,0,0,1,0,0,1,0,1.0,12.0,2.121,20.2,-47.98
353,0,0,0,0,0,0,0,0,0,0,0,0,2,0,0,1,0,0,0,0,0,0,0,0,0,0,0,0,0,1,0,0,1,0,1.0,12.0,2.121,20.2,-47.98
354,2,1,0,1,2,2,0,5,0,2,2,0,4,1,0,6,0,2,1,0,1,1,2,0,5,0,1,2,0,2,1,0,5,0,6.0,28.497,3.32,1.5,94.995
355,0,0,0,0,0,0,0,0,0,0,0,0,0,0,0,0,0,0,0,0,0,0,0,0,0,0,0,0,0,0,0,0,0,0,0.0,0.0,0.0,-15.59,206.835
356,0,0,0,0,0,0,0,0,0,0,0,0,2,0,0,1,0,0,0,0,0,0,0,0,0,0,0,0,0,1,0,0,1,0,1.0,12.0,2.121,20.2,-47.98
357,0,0,0,0,0,0,0,0,0,0,0,0,0,0,0,0,0,0,0,0,0,0,0,0,0,0,0,0,0,0,0,0,0,0,0.0,0.0,0.0,-15.59,206.835
358,0,0,0,0,0,0,0,0,0,0,0,0,0,0,0,0,0,0,0,0,0,0,0,0,0,0,0,0,0,0,0,0,0,0,0.0,0.0,0.0,-15.59,206.835
359,45,54,25,49,21,40,1,95,2,20,63,1,63,6,0,70,7,34,16,19,9,3,9,1,58,2,2,15,1,8,2,0,52,1,35.643,154.2,6.932,15.881,44.69
360,8,5,4,8,2,8,1,15,0,3,7,5,9,1,0,7,7,8,3,4,3,1,5,1,15,0,2,2,5,4,1,0,5,1,10.125,37.877,4.714,4.238,82.714
361,0,0,0,0,0,0,0,0,0,0,0,0,0,0,0,0,0,0,0,0,0,0,0,0,0,0,0,0,0,0,0,0,0,0,0.0,0.0,0.0,-15.59,206.835
362,4,7,0,9,2,6,0,17,0,2,13,1,9,2,0,9,0,4,4,0,4,2,2,0,15,0,2,6,1,6,2,0,8,0,14.6,62.125,4.552,5.137,84.238
363,14,26,12,17,12,14,0,33,0,9,44,0,19,6,0,36,1,13,15,11,7,2,4,0,29,0,2,12,0,6,4,0,29,1,18.667,77.662,6.047,6.387,82.516
364,6,11,5,4,3,11,0,17,0,1,8,11,19,2,0,6,3,6,6,5,3,2,2,0,13,0,1,4,11,5,2,0,6,1,14.0,53.114,4.938,5.603,79.825
365,0,0,0,0,0,0,0,0,0,0,0,0,0,0,0,0,0,0,0,0,0,0,0,0,0,0,0,0,0,0,0,0,0,0,0.0,0.0,0.0,-15.59,206.835
366,0,0,0,0,0,0,0,0,0,0,0,0,0,0,0,0,0,0,0,0,0,0,0,0,0,0,0,0,0,0,0,0,0,0,0.0,0.0,0.0,-15.59,206.835
367,0,0,0,0,0,0,0,0,0,0,0,0,0,0,0,0,0,0,0,0,0,0,0,0,0,0,0,0,0,0,0,0,0,0,0.0,0.0,0.0,-15.59,206.835
368,16,26,15,14,2,22,1,49,3,9,28,6,29,3,2,28,8,13,12,13,7,1,7,1,35,3,2,9,6,8,2,2,23,1,16.643,69.806,6.671,8.322,65.039
369,0,0,0,0,0,0,0,0,0,0,0,0,0,0,0,0,0,0,0,0,0,0,0,0,0,0,0,0,0,0,0,0,0,0,0.0,0.0,0.0,-15.59,206.835
370,0,0,0,0,0,0,0,0,0,0,0,0,0,0,0,0,0,0,0,0,0,0,0,0,0,0,0,0,0,0,0,0,0,0,0.0,0.0,0.0,-15.59,206.835
371,0,0,0,0,0,0,0,0,0,0,0,0,0,0,0,0,0,0,0,0,0,0,0,0,0,0,0,0,0,0,0,0,0,0,0.0,0.0,0.0,-15.59,206.835
372,7,14,4,12,6,9,0,13,1,1,10,15,14,0,0,12,1,7,7,3,3,2,7,0,12,1,1,4,12,4,0,0,12,1,15.143,54.733,5.22,8.238,62.969
373,0,2,0,1,0,1,1,5,0,0,5,0,3,1,0,4,0,0,1,0,1,0,1,1,5,0,0,4,0,1,1,0,4,0,6.667,31.094,3.004,5.3,68.938
374,7,2,2,6,3,3,0,3,1,2,5,2,5,0,0,4,0,7,2,1,2,1,2,0,3,1,2,4,2,1,0,0,4,0,9.75,29.629,3.51,3.038,90.646
375,0,0,0,0,0,0,0,0,0,0,0,0,0,0,0,0,0,0,0,0,0,0,0,0,0,0,0,0,0,0,0,0,0,0,0.0,0.0,0.0,-15.59,206.835
376,0,0,0,0,0,0,0,0,0,0,0,0,0,0,0,0,0,0,0,0,0,0,0,0,0,0,0,0,0,0,0,0,0,0,0.0,0.0,0.0,-15.59,206.835
377,0,0,0,0,0,0,0,0,0,0,0,0,0,0,0,0,0,0,0,0,0,0,0,0,0,0,0,0,0,0,0,0,0,0,0.0,0.0,0.0,-15.59,206.835
378,0,0,0,0,0,0,0,0,0,0,0,0,0,0,0,0,0,0,0,0,0,0,0,0,0,0,0,0,0,0,0,0,0,0,0.0,0.0,0.0,-15.59,206.835
379,0,0,0,0,0,0,0,0,0,0,0,0,0,0,0,0,0,0,0,0,0,0,0,0,0,0,0,0,0,0,0,0,0,0,0.0,0.0,0.0,-15.59,206.835
380,0,0,0,0,0,0,0,0,0,0,0,0,0,0,0,0,0,0,0,0,0,0,0,0,0,0,0,0,0,0,0,0,0,0,0.0,0.0,0.0,-15.59,206.835
381,0,0,0,0,0,0,0,0,0,0,0,0,0,0,0,0,0,0,0,0,0,0,0,0,0,0,0,0,0,0,0,0,0,0,0.0,0.0,0.0,-15.59,206.835
382,0,0,0,0,0,0,0,0,0,0,0,0,0,0,0,0,0,0,0,0,0,0,0,0,0,0,0,0,0,0,0,0,0,0,0.0,0.0,0.0,-15.59,206.835
383,0,0,0,0,0,0,0,0,0,0,0,0,0,0,0,0,0,0,0,0,0,0,0,0,0,0,0,0,0,0,0,0,0,0,0.0,0.0,0.0,-15.59,206.835
384,0,0,0,0,0,0,0,0,0,0,0,0,0,0,0,0,0,0,0,0,0,0,0,0,0,0,0,0,0,0,0,0,0,0,0.0,0.0,0.0,-15.59,206.835
385,0,0,0,0,0,0,0,0,0,0,0,0,0,0,0,0,0,0,0,0,0,0,0,0,0,0,0,0,0,0,0,0,0,0,0.0,0.0,0.0,-15.59,206.835
386,0,0,0,0,0,0,0,0,0,0,0,0,0,0,0,0,0,0,0,0,0,0,0,0,0,0,0,0,0,0,0,0,0,0,0.0,0.0,0.0,-15.59,206.835
387,0,0,0,0,0,0,0,0,0,0,0,0,0,0,0,0,0,0,0,0,0,0,0,0,0,0,0,0,0,0,0,0,0,0,0.0,0.0,0.0,-15.59,206.835
388,0,0,0,0,0,0,0,0,0,0,0,0,0,0,0,0,0,0,0,0,0,0,0,0,0,0,0,0,0,0,0,0,0,0,0.0,0.0,0.0,-15.59,206.835
389,0,0,0,0,0,0,0,0,0,0,0,0,2,0,0,1,0,0,0,0,0,0,0,0,0,0,0,0,0,1,0,0,1,0,1.0,12.0,2.121,20.2,-47.98
390,10,14,7,15,4,14,0,29,0,6,13,0,10,7,0,20,2,9,8,7,5,3,2,0,19,0,3,5,0,3,4,0,17,1,20.143,85.047,5.121,7.581,76.59
391,0,0,1,0,1,0,0,1,1,0,0,0,1,0,0,1,0,0,0,1,0,1,0,0,1,1,0,0,0,0,0,0,1,0,4.0,16.714,1.768,-2.23,118.175
392,11,16,9,12,7,15,0,34,3,6,18,13,18,2,1,17,7,10,6,9,3,3,7,0,27,2,2,10,13,7,2,1,13,3,18.778,72.968,6.31,8.7,66.132
393,9,6,6,7,3,6,0,19,0,2,8,1,12,1,0,8,0,8,4,5,4,2,4,0,17,0,2,4,1,5,1,0,6,0,18.5,80.22,4.85,11.079,48.582
394,9,6,1,4,0,2,0,10,0,3,6,2,6,1,1,9,0,6,5,1,4,0,2,0,9,0,2,3,2,2,1,1,9,0,12.75,52.871,4.654,8.586,56.211
395,4,6,5,8,3,3,0,8,3,4,13,2,7,0,1,14,1,4,5,4,5,2,1,0,7,3,2,6,2,3,0,1,12,1,15.0,61.273,4.572,5.364,83.322
396,5,7,1,9,2,5,0,9,0,2,2,4,6,2,0,6,1,5,5,1,5,2,4,0,9,0,2,2,3,4,1,0,6,1,18.0,74.596,4.715,8.037,69.498
397,12,5,4,4,4,3,0,14,0,2,11,0,13,3,1,15,7,11,4,4,2,2,2,0,11,0,1,5,0,7,2,1,10,2,17.6,82.178,5.126,10.449,51.496
398,3,4,3,6,2,3,1,8,0,0,11,3,8,2,0,6,4,3,3,3,2,2,2,1,7,0,0,8,3,3,2,0,5,2,9.333,38.581,4.347,4.696,78.015
399,10,9,16,11,5,9,0,26,0,9,15,0,9,3,1,19,3,9,4,14,5,2,4,0,23,0,3,7,0,3,3,1,12,1,19.286,88.383,5.416,9.326,62.553
400,5,4,2,2,2,4,1,13,0,1,3,4,20,0,4,6,2,4,3,2,2,1,3,1,12,0,1,3,4,7,0,1,6,1,9.8,30.843,5.051,7.497,58.766
401,67,90,52,62,34,72,1,176,6,39,100,14,118,23,6,115,11,52,22,35,11,4,8,1,97,4,3,20,7,10,6,2,81,4,22.128,87.228,8.352,8.545,73.209
402,30,43,22,29,21,36,1,67,0,12,49,3,36,7,0,48,8,24,16,18,8,3,8,1,38,0,2,9,2,7,5,0,30,3,20.889,81.599,5.98,6.522,85.508
403,0,0,0,0,0,0,0,0,0,0,0,0,0,0,0,0,0,0,0,0,0,0,0,0,0,0,0,0,0,0,0,0,0,0,0.0,0.0,0.0,-15.59,206.835
404,0,0,0,0,0,0,0,0,0,0,0,0,0,0,0,0,0,0,0,0,0,0,0,0,0,0,0,0,0,0,0,0,0,0,0.0,0.0,0.0,-15.59,206.835
405,0,0,0,0,0,0,0,0,0,0,0,0,2,0,0,1,0,0,0,0,0,0,0,0,0,0,0,0,0,1,0,0,1,0,1.0,6.0,2.121,20.2,-47.98
406,3,8,3,5,1,4,1,14,0,2,9,0,7,3,1,8,2,2,7,3,2,1,2,1,10,0,1,6,0,3,3,1,8,2,16.0,67.751,4.331,7.428,70.304
407,0,0,0,0,0,0,0,0,0,0,0,0,2,0,0,1,0,0,0,0,0,0,0,0,0,0,0,0,0,1,0,0,1,0,1.0,12.0,2.121,20.2,-47.98
408,0,0,0,0,0,0,0,0,0,0,0,0,0,0,0,0,0,0,0,0,0,0,0,0,0,0,0,0,0,0,0,0,0,0,0.0,0.0,0.0,-15.59,206.835
409,12,18,12,16,6,19,0,46,7,5,27,1,26,7,3,24,2,11,13,10,4,2,4,0,33,3,2,9,1,7,5,2,21,1,18.364,74.899,6.02,7.695,72.604
410,0,0,0,0,0,0,0,0,0,0,0,0,2,0,0,1,0,0,0,0,0,0,0,0,0,0,0,0,0,1,0,0,1,0,1.0,6.0,2.121,20.2,-47.98
411,0,0,0,0,0,0,0,0,0,0,0,0,2,0,0,1,0,0,0,0,0,0,0,0,0,0,0,0,0,1,0,0,1,0,1.0,6.0,2.121,20.2,-47.98
412,0,0,0,0,0,0,0,0,0,0,0,0,2,0,0,1,0,0,0,0,0,0,0,0,0,0,0,0,0,1,0,0,1,0,1.0,6.0,2.121,20.2,-47.98
413,0,0,0,0,0,0,0,0,0,0,0,0,2,0,0,1,0,0,0,0,0,0,0,0,0,0,0,0,0,1,0,0,1,0,1.0,6.0,2.121,20.2,-47.98
414,0,0,0,0,0,0,0,0,0,0,0,0,2,0,0,1,0,0,0,0,0,0,0,0,0,0,0,0,0,1,0,0,1,0,1.0,6.0,2.121,20.2,-47.98
415,0,0,0,0,0,0,0,0,0,0,0,0,2,0,0,1,0,0,0,0,0,0,0,0,0,0,0,0,0,1,0,0,1,0,1.0,12.0,2.121,20.2,-47.98
416,1,1,3,5,2,1,0,7,1,2,8,1,10,0,0,3,2,1,1,3,3,1,1,0,6,1,2,5,1,4,0,0,2,1,7.4,26.181,3.604,0.691,103.292
417,0,0,0,0,0,0,0,0,0,0,0,0,2,0,0,1,0,0,0,0,0,0,0,0,0,0,0,0,0,1,0,0,1,0,1.0,12.0,2.121,20.2,-47.98
418,0,0,0,0,0,0,0,0,0,0,0,0,2,0,0,1,0,0,0,0,0,0,0,0,0,0,0,0,0,1,0,0,1,0,1.0,6.0,2.121,20.2,-47.98
419,0,0,0,0,0,0,0,0,0,0,0,0,2,0,0,1,0,0,0,0,0,0,0,0,0,0,0,0,0,1,0,0,1,0,1.0,6.0,2.121,20.2,-47.98
420,0,0,0,0,0,0,0,0,0,0,0,0,2,0,0,1,0,0,0,0,0,0,0,0,0,0,0,0,0,1,0,0,1,0,1.0,6.0,2.121,20.2,-47.98
421,0,0,0,0,0,0,0,0,0,0,0,0,2,0,0,1,0,0,0,0,0,0,0,0,0,0,0,0,0,1,0,0,1,0,1.0,6.0,2.121,20.2,-47.98
422,0,0,0,0,0,0,0,0,0,0,0,0,2,0,0,1,0,0,0,0,0,0,0,0,0,0,0,0,0,1,0,0,1,0,1.0,6.0,2.121,20.2,-47.98
423,0,0,0,0,0,0,0,0,0,0,0,0,2,0,0,1,0,0,0,0,0,0,0,0,0,0,0,0,0,1,0,0,1,0,1.0,6.0,2.121,20.2,-47.98
424,0,0,0,0,0,0,0,0,0,0,0,0,0,0,0,0,0,0,0,0,0,0,0,0,0,0,0,0,0,0,0,0,0,0,0.0,0.0,0.0,-15.59,206.835
425,0,0,0,0,0,0,0,0,0,0,0,0,2,0,0,1,0,0,0,0,0,0,0,0,0,0,0,0,0,1,0,0,1,0,1.0,6.0,2.121,20.2,-47.98
426,0,0,0,0,0,0,0,0,0,0,0,0,2,0,0,1,0,0,0,0,0,0,0,0,0,0,0,0,0,1,0,0,1,0,1.0,6.0,2.121,20.2,-47.98
427,7,9,8,18,5,9,0,25,1,12,23,0,19,7,0,21,1,5,5,5,5,2,5,0,19,1,2,5,0,5,3,0,16,1,18.25,75.57,4.448,4.782,93.281
428,4,9,6,6,4,1,0,13,0,2,10,5,13,2,1,7,2,4,7,5,3,2,1,0,13,0,1,7,5,7,2,1,7,1,17.75,60.806,5.455,7.952,69.664
429,0,0,0,0,0,0,0,0,0,0,0,0,2,0,0,1,0,0,0,0,0,0,0,0,0,0,0,0,0,1,0,0,1,0,1.0,6.0,2.121,20.2,-47.98
430,0,0,0,0,0,0,0,0,0,0,0,0,0,0,0,0,0,0,0,0,0,0,0,0,0,0,0,0,0,0,0,0,0,0,0.0,0.0,0.0,-15.59,206.835
431,0,0,0,0,0,0,0,0,0,0,0,0,2,0,0,1,0,0,0,0,0,0,0,0,0,0,0,0,0,1,0,0,1,0,1.0,6.0,2.121,20.2,-47.98
432,0,0,0,0,0,0,0,0,0,0,0,0,2,0,0,1,0,0,0,0,0,0,0,0,0,0,0,0,0,1,0,0,1,0,1.0,6.0,2.121,20.2,-47.98
433,0,0,0,0,0,0,0,0,0,0,0,0,0,0,0,0,0,0,0,0,0,0,0,0,0,0,0,0,0,0,0,0,0,0,0.0,0.0,0.0,-15.59,206.835
434,0,0,0,0,0,0,0,0,0,0,0,0,2,0,0,1,0,0,0,0,0,0,0,0,0,0,0,0,0,1,0,0,1,0,1.0,6.0,2.121,20.2,-47.98
435,0,0,0,0,0,0,0,0,0,0,0,0,0,0,0,0,0,0,0,0,0,0,0,0,0,0,0,0,0,0,0,0,0,0,0.0,0.0,0.0,-15.59,206.835
436,0,0,0,0,0,0,0,0,0,0,0,0,2,0,0,1,0,0,0,0,0,0,0,0,0,0,0,0,0,1,0,0,1,0,1.0,6.0,2.121,20.2,-47.98
437,0,0,0,0,0,0,0,0,0,0,0,0,0,0,0,0,0,0,0,0,0,0,0,0,0,0,0,0,0,0,0,0,0,0,0.0,0.0,0.0,-15.59,206.835
438,10,9,10,14,6,11,1,18,2,4,20,4,18,5,0,16,2,8,6,7,4,2,2,1,16,2,1,6,4,5,4,0,13,1,18.857,68.628,5.047,4.011,99.89
439,23,26,18,25,13,24,0,51,3,11,29,1,19,8,0,34,6,19,9,15,4,3,6,0,41,3,2,6,1,3,6,0,28,4,19.429,79.653,6.303,7.301,77.322
440,0,0,0,0,0,0,0,0,0,0,0,0,2,0,0,1,0,0,0,0,0,0,0,0,0,0,0,0,0,1,0,0,1,0,1.0,6.0,2.121,20.2,-47.98
441,22,35,23,23,14,11,1,54,1,8,57,3,33,8,0,38,5,17,13,14,6,3,4,1,41,1,2,10,3,6,5,0,31,3,15.947,63.354,6.296,6.051,80.082
442,0,0,0,0,0,0,0,0,0,0,0,0,2,0,0,1,0,0,0,0,0,0,0,0,0,0,0,0,0,1,0,0,1,0,1.0,6.0,2.121,20.2,-47.98
443,0,0,0,0,0,0,0,0,0,0,0,0,2,0,0,1,0,0,0,0,0,0,0,0,0,0,0,0,0,1,0,0,1,0,1.0,6.0,2.121,20.2,-47.98
444,12,12,13,19,8,12,1,18,4,9,30,9,22,8,0,26,5,10,8,9,6,3,4,1,16,4,2,9,9,6,4,0,16,1,15.5,57.289,5.288,5.681,81.941
445,0,0,0,0,0,0,0,0,0,0,0,0,2,0,0,1,0,0,0,0,0,0,0,0,0,0,0,0,0,1,0,0,1,0,1.0,6.0,2.121,20.2,-47.98
446,0,0,0,0,0,0,0,0,0,0,0,0,2,0,0,1,0,0,0,0,0,0,0,0,0,0,0,0,0,1,0,0,1,0,1.0,6.0,2.121,20.2,-47.98
447,0,0,0,0,0,0,0,0,0,0,0,0,2,0,0,1,0,0,0,0,0,0,0,0,0,0,0,0,0,1,0,0,1,0,1.0,6.0,2.121,20.2,-47.98
448,13,16,14,21,5,14,0,31,1,12,39,0,14,5,0,32,2,12,8,14,6,2,4,0,22,1,2,9,0,4,5,0,24,1,18.636,74.318,5.334,6.241,83.51
449,0,0,0,0,0,0,0,0,0,0,0,0,2,0,0,1,0,0,0,0,0,0,0,0,0,0,0,0,0,1,0,0,1,0,1.0,6.0,2.121,20.2,-47.98
450,0,0,0,0,0,0,0,0,0,0,0,0,2,0,0,1,0,0,0,0,0,0,0,0,0,0,0,0,0,1,0,0,1,0,1.0,6.0,2.121,20.2,-47.98
451,5,5,1,3,1,3,0,8,0,2,9,0,4,1,0,7,1,5,4,1,1,1,3,0,6,0,1,7,0,2,1,0,7,1,9.2,39.569,4.066,4.928,76.114
452,0,0,0,0,0,0,0,0,0,0,0,0,0,0,0,0,0,0,0,0,0,0,0,0,0,0,0,0,0,0,0,0,0,0,0.0,0.0,0.0,-15.59,206.835
453,6,4,7,5,2,2,0,6,0,2,12,0,5,3,0,10,0,6,3,7,2,2,2,0,5,0,1,7,0,2,2,0,9,0,29.5,113.424,4.327,14.115,46.408
454,0,0,0,0,0,0,0,0,0,0,0,0,2,0,0,1,0,0,0,0,0,0,0,0,0,0,0,0,0,1,0,0,1,0,1.0,6.0,2.121,20.2,-47.98
455,17,37,20,22,9,18,1,40,0,7,43,12,37,6,0,31,4,15,15,16,6,2,7,1,29,0,2,6,4,8,6,0,23,1,19.143,68.553,5.874,6.626,81.655
456,0,0,0,0,0,0,0,0,0,0,0,0,2,0,0,1,0,0,0,0,0,0,0,0,0,0,0,0,0,1,0,0,1,0,1.0,12.0,2.121,20.2,-47.98
457,0,0,0,0,0,0,0,0,0,0,0,0,2,0,0,1,0,0,0,0,0,0,0,0,0,0,0,0,0,1,0,0,1,0,1.0,12.0,2.121,20.2,-47.98
458,0,0,0,0,0,0,0,0,0,0,0,0,2,0,0,1,0,0,0,0,0,0,0,0,0,0,0,0,0,1,0,0,1,0,1.0,12.0,2.121,20.2,-47.98
459,8,16,5,11,7,18,1,34,4,5,18,6,13,3,0,19,3,6,7,3,4,3,4,1,27,4,2,6,6,6,3,0,18,2,17.556,63.966,5.569,5.222,88.888
460,0,0,0,0,0,0,0,0,0,0,0,0,2,0,0,1,0,0,0,0,0,0,0,0,0,0,0,0,0,1,0,0,1,0,1.0,12.0,2.121,20.2,-47.98
461,0,0,0,0,0,0,0,0,0,0,0,0,0,0,0,0,0,0,0,0,0,0,0,0,0,0,0,0,0,0,0,0,0,0,0.0,0.0,0.0,-15.59,206.835
462,5,10,1,3,2,3,0,18,1,2,5,2,10,0,2,4,1,5,4,1,2,1,3,0,18,1,1,4,2,6,0,1,4,1,14.25,65.284,5.058,9.22,54.34
463,18,34,15,19,12,19,1,57,6,6,30,8,39,2,0,26,5,18,13,11,6,4,6,1,41,5,3,11,8,7,2,0,24,1,17.2,68.729,6.603,6.806,76.905
464,11,15,7,11,7,12,1,35,3,7,26,10,46,7,10,23,5,11,10,7,4,3,3,1,31,3,2,10,9,8,5,1,19,2,20.0,76.331,6.377,8.074,72.795
465,11,10,8,9,7,7,0,19,0,3,23,0,10,4,0,16,1,11,7,8,4,2,3,0,14,0,2,11,0,4,4,0,14,1,19.667,77.302,5.208,6.58,82.916
466,4,6,11,8,2,7,0,15,0,5,14,2,8,4,0,14,0,4,4,10,3,2,3,0,15,0,2,6,2,5,4,0,10,0,13.143,52.689,5.013,6.851,69.354
467,7,5,0,8,4,4,0,12,0,3,11,0,6,2,0,11,0,7,4,0,3,2,3,0,11,0,2,5,0,3,2,0,11,0,16.75,78.891,4.492,5.56,85.031
468,7,10,5,5,3,10,1,21,0,2,9,0,13,0,0,12,3,5,5,5,4,1,4,1,15,0,2,7,0,6,0,0,11,2,12.571,49.86,4.975,3.795,90.248
469,6,8,5,11,4,8,0,14,0,4,27,3,14,4,2,19,1,6,6,4,5,2,3,0,14,0,2,13,2,5,3,1,13,1,12.667,50.025,4.967,3.324,93.794
470,15,24,7,18,11,22,0,59,3,7,24,6,19,6,2,29,13,15,9,7,6,3,4,0,48,2,2,9,4,6,6,1,21,2,61.0,239.121,6.292,22.37,43.331
471,0,1,0,1,0,2,0,2,0,0,1,0,1,0,0,1,0,0,1,0,1,0,2,0,2,0,0,1,0,1,0,0,1,0,8.0,44.333,2.25,0.805,103.54
472,0,0,0,0,0,0,0,0,0,0,0,0,2,0,0,1,0,0,0,0,0,0,0,0,0,0,0,0,0,1,0,0,1,0,1.0,12.0,2.121,20.2,-47.98
473,2,8,0,3,1,5,1,11,0,0,6,2,7,1,0,6,3,1,4,0,2,1,4,1,10,0,0,3,2,4,1,0,6,2,12.25,44.515,4.041,8.453,56.279
474,0,0,0,0,0,0,0,0,0,0,0,0,0,0,0,0,0,0,0,0,0,0,0,0,0,0,0,0,0,0,0,0,0,0,0.0,0.0,0.0,-15.59,206.835
475,2,4,5,6,0,7,2,16,2,1,5,0,10,1,1,7,5,2,4,5,2,0,4,2,13,2,1,3,0,4,1,1,7,2,10.5,37.507,4.633,5.362,75.32
476,4,7,2,6,4,4,1,10,0,3,18,0,7,6,0,16,2,4,6,2,3,3,2,1,10,0,1,10,0,3,3,0,14,2,20.75,81.697,4.89,8.994,67.538
477,0,0,0,0,0,0,0,0,0,0,0,0,0,0,0,0,0,0,0,0,0,0,0,0,0,0,0,0,0,0,0,0,0,0,0.0,0.0,0.0,-15.59,206.835
478,9,8,6,20,7,6,1,27,1,9,28,1,18,3,0,26,2,9,7,6,6,2,4,1,22,1,2,10,1,5,3,0,21,1,17.111,70.184,5.584,6.868,76.301
479,23,31,20,28,9,20,1,46,1,14,46,7,30,8,2,34,8,21,9,15,5,2,7,1,36,1,3,13,5,7,5,1,27,1,16.444,59.418,6.165,6.131,80.393
480,4,5,2,7,0,6,0,8,0,2,5,0,4,4,0,4,1,4,3,2,4,0,3,0,8,0,2,5,0,3,4,0,4,1,24.0,94.704,4.287,9.995,66.15
481,14,18,8,12,8,7,0,35,3,7,18,1,23,6,4,24,2,12,13,8,4,3,3,0,31,3,2,10,1,6,4,2,18,1,20.25,87.998,6.389,8.041,73.481
482,22,32,16,43,14,24,0,58,7,14,47,7,40,6,4,41,6,20,13,15,8,4,7,0,44,6,2,13,7,8,5,2,27,3,18.833,72.436,6.836,7.419,75.418
483,23,22,12,23,9,13,1,39,6,10,33,14,34,6,3,28,6,17,12,11,5,4,5,1,29,5,2,11,11,6,5,2,23,2,27.222,101.364,6.641,9.909,72.505
484,0,0,0,0,0,0,0,0,0,0,0,0,0,0,0,0,0,0,0,0,0,0,0,0,0,0,0,0,0,0,0,0,0,0,0.0,0.0,0.0,-15.59,206.835
485,0,0,0,0,0,0,0,0,0,0,0,0,0,0,0,0,0,0,0,0,0,0,0,0,0,0,0,0,0,0,0,0,0,0,0.0,0.0,0.0,-15.59,206.835
486,12,32,6,15,8,31,1,49,6,6,23,3,27,4,0,29,11,10,13,6,6,4,5,1,27,5,3,7,3,8,4,0,22,3,23.4,99.998,5.732,7.0,86.553
487,0,0,0,0,0,0,0,0,0,0,0,0,2,0,0,1,0,0,0,0,0,0,0,0,0,0,0,0,0,1,0,0,1,0,1.0,12.0,2.121,20.2,-47.98
488,8,10,3,3,5,7,0,39,0,2,5,1,21,0,0,7,0,8,5,3,2,1,4,0,28,0,1,4,1,5,0,0,7,0,29.333,113.666,5.276,14.891,40.548
489,0,0,0,0,0,0,0,0,0,0,0,0,0,0,0,0,0,0,0,0,0,0,0,0,0,0,0,0,0,0,0,0,0,0,0.0,0.0,0.0,-15.59,206.835
490,6,19,19,16,11,18,3,26,0,7,28,1,24,1,0,29,5,6,11,15,6,3,6,3,22,0,2,10,1,5,1,0,21,2,21.0,80.58,5.658,6.897,83.015
491,3,4,2,6,3,5,1,15,0,3,9,3,10,4,0,9,6,3,4,2,4,1,3,1,15,0,2,8,3,6,3,0,9,2,10.429,39.332,5.379,3.995,84.995
492,2,6,1,5,3,6,0,14,0,1,9,0,5,2,0,11,2,2,4,1,3,2,3,0,11,0,1,4,0,3,2,0,11,1,20.667,86.681,4.221,5.602,91.707
493,0,0,0,0,0,0,0,0,0,0,0,0,0,0,0,0,0,0,0,0,0,0,0,0,0,0,0,0,0,0,0,0,0,0,0.0,0.0,0.0,-15.59,206.835
494,0,0,0,0,0,0,0,0,0,0,0,0,0,0,0,0,0,0,0,0,0,0,0,0,0,0,0,0,0,0,0,0,0,0,0.0,0.0,0.0,-15.59,206.835
495,27,28,18,24,16,24,0,62,3,11,41,1,40,5,1,47,3,25,11,14,5,2,5,0,43,3,2,11,1,7,3,1,30,1,22.286,94.315,6.365,8.646,72.771
496,10,25,23,28,10,25,0,49,1,9,34,1,20,4,0,36,3,10,13,19,7,3,5,0,38,1,2,5,1,3,3,0,30,1,18.429,74.037,5.943,7.788,72.051
497,3,6,2,3,1,5,0,8,0,2,9,0,2,1,0,7,0,3,6,2,2,1,4,0,8,0,1,5,0,2,1,0,7,0,23.5,100.207,4.229,11.401,55.183
498,4,3,5,5,2,4,0,10,1,3,8,3,11,1,0,8,3,4,3,5,2,2,2,0,10,1,2,6,3,7,1,0,8,1,11.6,48.598,5.199,4.6,82.747
499,33,63,41,55,27,54,0,113,5,24,105,3,47,22,0,110,11,28,17,25,9,3,6,0,83,5,3,15,3,3,9,0,52,2,19.029,76.588,6.795,6.501,82.343
500,0,0,0,0,0,0,0,0,0,0,0,0,2,0,0,1,0,0,0,0,0,0,0,0,0,0,0,0,0,1,0,0,1,0,1.0,12.0,2.121,20.2,-47.98
501,3,8,3,8,6,10,0,17,0,2,16,0,7,3,0,11,1,2,4,3,2,2,4,0,15,0,2,6,0,3,2,0,8,1,44.0,166.05,3.92,17.125,50.657
502,0,0,0,0,0,0,0,0,0,0,0,0,0,0,0,0,0,0,0,0,0,0,0,0,0,0,0,0,0,0,0,0,0,0,0.0,0.0,0.0,-15.59,206.835
503,14,11,3,9,7,10,0,28,1,9,17,1,21,4,2,20,3,12,6,3,3,5,4,0,22,1,2,6,1,6,4,1,16,2,22.833,97.541,5.498,10.8,58.303
504,17,34,27,56,21,27,0,60,7,38,91,2,54,20,1,75,8,14,14,18,9,5,6,0,35,3,2,17,2,7,7,1,41,1,20.826,85.967,5.428,6.549,85.201
505,31,30,27,24,18,27,1,49,7,14,60,10,45,6,0,58,9,28,9,23,6,3,6,1,30,4,2,16,8,9,4,0,32,1,16.087,61.239,6.286,6.088,80.069
506,0,0,0,0,0,0,0,0,0,0,0,0,2,0,0,1,0,0,0,0,0,0,0,0,0,0,0,0,0,1,0,0,1,0,1.0,12.0,2.121,20.2,-47.98
507,0,0,0,0,0,0,0,0,0,0,0,0,2,0,0,1,0,0,0,0,0,0,0,0,0,0,0,0,0,1,0,0,1,0,1.0,12.0,2.121,20.2,-47.98
508,15,15,13,17,7,10,0,43,3,7,42,2,30,12,1,43,5,13,9,11,6,3,4,0,29,2,2,13,2,8,7,1,34,3,13.0,54.358,6.472,5.264,80.478
509,7,16,8,9,4,13,0,16,0,8,17,8,13,4,0,17,0,7,7,7,5,3,6,0,15,0,2,6,8,4,3,0,13,0,18.143,67.417,5.082,5.516,87.833
510,0,0,0,0,0,0,0,0,0,0,0,0,0,0,0,0,0,0,0,0,0,0,0,0,0,0,0,0,0,0,0,0,0,0,0.0,0.0,0.0,-15.59,206.835
511,4,4,0,1,3,2,1,5,3,0,2,2,12,0,0,3,2,4,3,0,1,1,1,1,5,3,0,1,2,3,0,0,3,1,8.0,24.21,3.625,3.386,85.034
512,0,0,0,0,0,0,0,0,0,0,0,0,0,0,0,0,0,0,0,0,0,0,0,0,0,0,0,0,0,0,0,0,0,0,0.0,0.0,0.0,-15.59,206.835
513,3,6,5,5,3,8,1,13,1,2,9,0,7,0,0,5,2,3,6,5,2,2,5,1,12,1,2,5,0,4,0,0,5,2,10.667,39.605,4.685,3.689,87.615
514,0,0,0,0,0,0,0,0,0,0,0,0,0,0,0,0,0,0,0,0,0,0,0,0,0,0,0,0,0,0,0,0,0,0,0.0,0.0,0.0,-15.59,206.835
515,4,5,5,2,0,5,1,17,1,0,5,9,10,0,0,8,6,4,4,5,1,0,3,1,15,1,0,3,9,6,0,0,7,1,13.6,43.275,5.145,9.67,49.957
516,2,3,0,5,2,1,0,5,0,1,4,5,3,0,0,6,1,2,3,0,5,2,1,0,5,0,1,1,5,2,0,0,6,1,17.5,63.411,3.944,9.104,60.964
517,0,0,0,0,0,0,0,0,0,0,0,0,0,0,0,0,0,0,0,0,0,0,0,0,0,0,0,0,0,0,0,0,0,0,0.0,0.0,0.0,-15.59,206.835
518,2,8,4,2,2,9,1,17,2,1,6,0,7,2,0,8,4,2,8,4,1,1,4,1,15,2,1,3,0,4,2,0,6,3,11.333,42.451,4.802,4.621,82.117
519,0,0,0,0,0,0,0,0,0,0,0,0,0,0,0,0,0,0,0,0,0,0,0,0,0,0,0,0,0,0,0,0,0,0,0.0,0.0,0.0,-15.59,206.835
520,4,6,1,8,1,5,0,14,0,0,5,2,7,3,0,5,1,4,5,1,4,1,3,0,13,0,0,5,1,5,2,0,5,1,18.333,68.761,4.672,7.865,71.325
521,6,15,9,20,3,18,1,42,1,10,24,0,21,7,0,26,7,6,7,9,7,2,5,1,29,1,3,9,0,4,5,0,23,1,17.182,72.842,5.349,5.783,84.205
522,0,0,0,0,0,0,0,0,0,0,0,0,0,0,0,0,0,0,0,0,0,0,0,0,0,0,0,0,0,0,0,0,0,0,0.0,0.0,0.0,-15.59,206.835
523,3,6,4,5,4,9,1,12,1,5,6,0,10,1,0,14,1,3,3,4,2,2,6,1,6,1,2,3,0,5,1,0,12,1,9.0,35.254,4.0,5.456,71.975
524,3,5,4,8,1,6,0,8,0,3,7,3,10,1,0,8,1,3,4,4,4,1,5,0,8,0,2,3,3,5,1,0,6,1,14.5,51.923,4.457,5.324,82.721
525,2,5,6,3,1,2,0,3,1,2,8,3,5,1,0,6,1,2,3,6,1,1,1,0,3,1,1,2,3,3,1,0,6,1,11.0,36.049,3.624,0.232,112.993
526,38,61,37,54,23,44,0,116,6,30,88,24,94,16,6,92,6,29,16,24,9,3,5,0,70,6,3,13,14,8,11,1,52,5,23.37,86.534,7.037,8.934,72.638
527,1,6,1,4,1,1,0,8,0,3,9,6,6,0,0,8,0,1,4,1,4,1,1,0,7,0,1,4,5,4,0,0,7,0,16.0,52.249,3.98,7.367,70.745
528,11,8,9,11,4,7,0,19,0,4,15,5,16,2,0,11,1,11,5,9,4,2,4,0,16,0,2,3,5,5,2,0,9,1,11.889,48.285,5.332,5.92,73.798
529,2,5,2,2,2,0,0,5,0,1,6,0,2,2,0,3,1,2,5,2,2,1,0,0,4,0,1,2,0,2,2,0,3,1,15.5,51.888,3.302,3.397,98.315
530,25,22,15,20,13,16,0,41,4,7,36,3,25,6,0,29,6,24,10,15,6,3,6,0,27,4,2,11,3,4,5,0,21,1,16.2,62.638,6.26,5.733,82.814
531,0,5,0,7,2,3,0,11,0,4,10,0,7,1,0,10,1,0,3,0,4,2,3,0,10,0,3,5,0,3,1,0,9,1,13.5,59.584,4.234,4.097,89.733
532,0,0,0,0,0,0,0,0,0,0,0,0,0,0,0,0,0,0,0,0,0,0,0,0,0,0,0,0,0,0,0,0,0,0,0.0,0.0,0.0,-15.59,206.835
533,19,49,23,31,11,24,0,67,3,11,58,1,39,12,0,48,3,18,18,22,6,2,7,0,42,3,2,15,1,6,6,0,32,1,22.312,90.96,6.362,9.01,70.203
534,0,0,0,0,0,0,0,0,0,0,0,0,2,0,0,1,0,0,0,0,0,0,0,0,0,0,0,0,0,1,0,0,1,0,1.0,12.0,2.121,20.2,-47.98
535,0,0,0,0,0,0,0,0,0,0,0,0,0,0,0,0,0,0,0,0,0,0,0,0,0,0,0,0,0,0,0,0,0,0,0.0,0.0,0.0,-15.59,206.835
536,0,0,0,0,0,0,0,0,0,0,0,0,2,0,0,1,0,0,0,0,0,0,0,0,0,0,0,0,0,1,0,0,1,0,1.0,12.0,2.121,20.2,-47.98
537,0,0,0,0,0,0,0,0,0,0,0,0,2,0,0,1,0,0,0,0,0,0,0,0,0,0,0,0,0,1,0,0,1,0,1.0,12.0,2.121,20.2,-47.98
538,43,37,20,21,29,27,0,73,1,13,38,52,55,10,0,46,17,35,10,16,6,4,5,0,49,1,3,10,35,7,6,0,33,2,38.0,146.228,7.401,17.212,39.341
539,20,26,16,23,8,18,0,46,5,12,42,2,38,8,0,41,6,17,15,16,7,3,5,0,34,5,3,10,2,7,5,0,32,2,14.263,56.404,6.744,6.736,72.17
540,2,3,5,1,1,1,1,5,0,1,7,1,3,0,0,5,0,2,3,3,1,1,1,1,5,0,1,3,1,3,0,0,4,0,6.8,21.674,3.517,0.597,102.892
541,0,0,0,0,0,0,0,0,0,0,0,0,2,0,0,1,0,0,0,0,0,0,0,0,0,0,0,0,0,1,0,0,1,0,1.0,12.0,2.121,20.2,-47.98
542,8,7,1,5,2,8,1,14,0,2,13,0,7,2,0,11,1,8,5,1,5,1,4,1,14,0,1,9,0,2,2,0,11,1,15.0,65.041,5.226,8.983,57.378
543,0,0,0,0,0,0,0,0,0,0,0,0,0,0,0,0,0,0,0,0,0,0,0,0,0,0,0,0,0,0,0,0,0,0,0.0,0.0,0.0,-15.59,206.835
544,22,41,14,43,24,37,0,79,10,22,45,5,47,7,7,62,6,18,16,13,6,3,8,0,57,5,2,10,5,8,4,3,39,2,26.0,104.32,6.552,9.924,70.221
545,4,3,4,2,4,3,0,7,0,1,5,4,10,1,1,8,2,3,3,3,1,2,2,0,6,0,1,5,4,6,1,1,6,1,16.0,63.135,4.491,6.629,76.032
546,0,0,0,0,0,0,0,0,0,0,0,0,0,0,0,0,0,0,0,0,0,0,0,0,0,0,0,0,0,0,0,0,0,0,0.0,0.0,0.0,-15.59,206.835
547,2,3,3,4,0,5,0,8,0,0,5,1,4,2,0,5,2,2,2,3,1,0,1,0,8,0,0,4,1,3,2,0,5,1,10.0,37.403,3.69,4.24,82.475
548,15,22,13,19,6,20,1,43,4,14,30,4,20,5,2,32,6,14,9,10,5,1,4,1,34,3,3,11,3,5,4,1,24,1,15.6,62.002,5.963,5.017,86.878
549,16,30,38,45,15,20,0,44,3,16,62,1,29,16,0,51,2,15,12,26,6,3,6,0,36,3,2,12,1,6,10,0,26,1,25.571,103.353,5.867,7.963,83.519
550,0,0,0,0,0,0,0,0,0,0,0,0,2,0,0,1,0,0,0,0,0,0,0,0,0,0,0,0,0,1,0,0,1,0,1.0,12.0,2.121,20.2,-47.98
551,47,60,42,44,24,48,1,99,3,26,81,1,63,19,0,89,8,39,17,25,8,3,8,1,72,3,3,16,1,8,9,0,52,1,21.107,89.488,7.301,8.076,74.758
552,14,17,12,17,6,10,0,26,3,5,28,0,25,8,0,26,1,12,10,9,5,1,4,0,23,2,2,8,0,7,5,0,18,1,14.417,55.846,5.537,5.789,79.239
553,8,14,10,15,10,10,0,21,0,6,27,0,12,5,0,29,2,8,8,10,4,2,5,0,18,0,2,8,0,3,4,0,26,1,15.6,54.956,5.265,5.849,80.913
554,11,8,3,6,4,14,0,24,0,4,12,0,10,1,0,15,3,9,5,3,6,2,2,0,18,0,2,8,0,7,1,0,14,1,26.0,113.912,5.2,12.023,55.172
555,80,131,68,86,41,113,6,217,6,46,193,24,147,38,0,181,26,52,19,45,11,3,10,6,133,4,3,18,20,8,10,0,84,5,20.274,81.251,8.038,7.412,78.033
556,16,10,12,22,11,8,1,22,0,12,29,1,16,6,0,26,2,11,6,10,2,3,4,1,18,0,2,10,1,4,4,0,23,1,19.778,74.565,5.088,6.111,86.476
557,0,0,0,0,0,0,0,0,0,0,0,0,0,0,0,0,0,0,0,0,0,0,0,0,0,0,0,0,0,0,0,0,0,0,0.0,0.0,0.0,-15.59,206.835
558,16,27,10,16,8,23,0,48,5,4,36,10,31,5,1,31,3,13,11,8,6,1,3,0,33,5,1,11,10,6,4,1,24,2,22.0,79.578,6.091,8.496,73.336
559,5,13,10,8,5,14,0,21,3,5,19,4,24,2,0,15,4,5,9,10,3,2,3,0,19,3,3,7,4,8,2,0,14,1,12.7,48.365,5.522,4.415,86.03
560,4,6,4,5,4,8,0,19,0,2,8,5,15,1,0,7,7,4,3,4,2,3,3,0,18,0,2,4,5,7,1,0,7,2,11.571,39.97,5.107,5.093,79.157
561,5,15,5,8,5,7,1,23,4,5,15,28,31,2,0,12,8,5,5,5,5,3,3,1,18,4,3,7,13,4,2,0,9,2,11.833,37.518,5.163,5.811,74.478
562,19,42,21,30,21,27,0,78,2,17,53,5,50,14,5,54,5,17,15,17,5,4,8,0,61,2,3,15,5,7,7,2,41,1,24.188,102.039,7.081,9.485,70.141
563,34,57,12,25,16,40,0,93,2,22,63,0,49,12,0,69,9,26,14,9,5,3,7,0,56,2,2,12,0,6,6,0,48,2,18.2,72.864,6.232,8.936,63.414
564,4,4,1,4,3,4,0,9,0,1,11,2,9,1,1,13,1,4,4,1,3,1,4,0,9,0,1,6,2,5,1,1,12,1,12.0,42.14,5.021,4.627,83.265
565,43,37,23,20,25,42,1,74,5,17,33,39,64,11,1,55,9,31,11,17,6,4,7,1,50,4,2,9,19,9,6,1,40,2,26.625,111.406,7.229,12.217,54.897
566,1,3,1,5,1,6,1,8,0,1,5,1,6,1,0,5,0,1,2,1,3,1,3,1,7,0,1,4,1,4,1,0,5,0,9.75,41.238,3.963,4.551,79.8
567,8,17,13,9,1,11,1,25,0,4,20,2,16,0,0,16,4,7,11,10,3,1,4,1,21,0,2,8,2,7,0,0,13,2,18.714,73.068,5.375,6.931,78.7
568,3,5,1,4,2,4,0,9,0,1,6,1,4,2,0,6,2,3,5,1,2,1,2,0,7,0,1,5,1,3,1,0,5,2,11.5,44.649,3.962,3.773,88.493
569,3,5,2,2,0,3,0,6,0,0,4,0,4,0,0,2,1,3,4,2,1,0,3,0,6,0,0,4,0,2,0,0,2,1,7.0,26.807,3.742,3.576,81.894
570,0,0,0,0,0,0,0,0,0,0,0,0,0,0,0,0,0,0,0,0,0,0,0,0,0,0,0,0,0,0,0,0,0,0,0.0,0.0,0.0,-15.59,206.835
571,18,24,21,27,13,23,1,38,3,18,37,6,21,8,0,39,9,18,12,16,5,3,7,1,32,3,3,9,5,4,7,0,34,2,19.0,72.214,6.534,5.525,89.295
572,60,74,51,59,37,59,3,110,4,31,121,5,76,23,1,119,27,40,17,32,13,4,8,3,62,4,3,15,5,9,7,1,69,3,28.0,102.968,6.92,9.824,74.499
573,0,0,0,0,0,0,0,0,0,0,0,0,0,0,0,0,0,0,0,0,0,0,0,0,0,0,0,0,0,0,0,0,0,0,0.0,0.0,0.0,-15.59,206.835
574,7,14,8,9,6,6,0,19,1,1,21,2,13,1,0,14,1,7,10,7,2,3,4,0,16,1,1,7,2,4,1,0,11,1,15.714,58.567,4.922,4.806,88.596
575,0,0,0,0,0,0,0,0,0,0,0,0,0,0,0,0,0,0,0,0,0,0,0,0,0,0,0,0,0,0,0,0,0,0,0.0,0.0,0.0,-15.59,206.835
576,14,12,10,12,8,17,0,24,5,4,20,3,23,4,0,31,2,12,7,9,6,3,6,0,16,3,2,10,3,4,2,0,24,1,16.6,76.397,5.763,7.376,71.75
577,1,5,2,5,1,2,0,6,0,1,6,0,6,0,0,6,0,1,5,2,5,1,2,0,6,0,1,4,0,3,0,0,6,0,35.0,145.514,4.064,12.22,69.79
578,0,3,3,2,0,1,0,5,0,0,5,1,4,0,0,4,0,0,3,3,2,0,1,0,3,0,0,4,1,3,0,0,4,0,12.0,52.283,3.608,13.182,21.93
579,10,12,2,7,6,4,1,14,0,3,17,1,10,0,1,17,2,10,11,2,4,2,2,1,14,0,1,8,1,4,0,1,14,1,19.0,76.193,5.369,7.595,74.453
580,0,0,0,0,0,0,0,0,0,0,0,0,0,0,0,0,0,0,0,0,0,0,0,0,0,0,0,0,0,0,0,0,0,0,0.0,0.0,0.0,-15.59,206.835
581,0,0,0,0,0,0,0,0,0,0,0,0,0,0,0,0,0,0,0,0,0,0,0,0,0,0,0,0,0,0,0,0,0,0,0.0,0.0,0.0,-15.59,206.835
582,0,0,0,0,0,0,0,0,0,0,0,0,0,0,0,0,0,0,0,0,0,0,0,0,0,0,0,0,0,0,0,0,0,0,0.0,0.0,0.0,-15.59,206.835
583,7,14,9,7,5,10,0,20,2,8,17,4,15,4,0,24,2,7,11,8,3,2,5,0,13,2,2,8,4,5,4,0,15,1,22.167,98.868,5.457,10.799,57.118
584,0,0,0,0,0,0,0,0,0,0,0,0,0,0,0,0,0,0,0,0,0,0,0,0,0,0,0,0,0,0,0,0,0,0,0.0,0.0,0.0,-15.59,206.835
585,0,0,0,0,0,0,0,0,0,0,0,0,0,0,0,0,0,0,0,0,0,0,0,0,0,0,0,0,0,0,0,0,0,0,0.0,0.0,0.0,-15.59,206.835
586,13,15,6,21,6,11,3,32,1,8,38,1,18,7,0,25,4,9,7,5,7,3,4,3,19,1,2,10,1,7,4,0,15,2,13.643,51.948,4.861,4.805,84.912
587,11,20,2,12,4,11,0,39,2,6,19,2,20,3,0,22,3,9,9,2,5,4,4,0,23,2,2,5,2,5,3,0,19,3,19.0,81.374,5.277,9.132,63.433
588,6,6,2,4,1,3,0,7,1,1,3,2,5,0,1,6,1,6,4,2,2,1,3,0,7,1,1,2,2,3,0,1,6,1,14.333,52.695,4.529,10.581,44.729
589,19,18,22,16,11,14,1,41,0,12,25,1,26,5,1,32,5,18,11,18,5,3,5,1,37,0,2,3,1,5,4,1,25,2,17.0,73.712,6.374,6.684,77.418
590,4,5,5,2,2,2,1,10,0,0,7,1,5,1,0,4,0,4,4,4,2,1,2,1,9,0,0,4,1,3,1,0,4,0,11.0,47.038,4.264,4.791,80.306
591,6,5,4,9,1,4,0,9,0,1,6,0,8,3,0,10,1,4,3,4,4,1,3,0,7,0,1,5,0,4,2,0,10,1,14.75,66.571,4.327,6.363,75.718
592,9,8,9,12,3,8,1,18,1,3,22,6,14,4,0,19,9,8,5,8,4,2,4,1,15,1,2,6,6,6,3,0,16,2,14.667,53.958,5.354,5.685,80.43
593,47,52,26,64,23,69,1,128,5,27,58,8,50,16,0,73,11,38,13,18,8,4,8,1,76,4,3,14,6,8,6,0,48,2,27.773,121.288,7.009,10.846,66.769
594,0,0,0,0,0,0,0,0,0,0,0,0,2,0,0,1,0,0,0,0,0,0,0,0,0,0,0,0,0,1,0,0,1,0,1.0,6.0,2.121,20.2,-47.98
595,0,0,0,0,0,0,0,0,0,0,0,0,2,0,0,1,0,0,0,0,0,0,0,0,0,0,0,0,0,1,0,0,1,0,1.0,12.0,2.121,20.2,-47.98
596,0,0,0,0,0,0,0,0,0,0,0,0,2,0,0,1,0,0,0,0,0,0,0,0,0,0,0,0,0,1,0,0,1,0,1.0,12.0,2.121,20.2,-47.98
597,0,0,0,0,0,0,0,0,0,0,0,0,0,0,0,0,0,0,0,0,0,0,0,0,0,0,0,0,0,0,0,0,0,0,0.0,0.0,0.0,-15.59,206.835
598,0,0,0,0,0,0,0,0,0,0,0,0,2,0,0,1,0,0,0,0,0,0,0,0,0,0,0,0,0,1,0,0,1,0,1.0,12.0,2.121,20.2,-47.98
599,10,16,9,17,4,12,1,33,3,9,19,2,17,4,0,21,5,9,8,9,4,2,5,1,27,3,2,4,2,4,4,0,18,2,16.5,65.17,5.45,5.22,87.029
600,13,28,16,21,11,14,0,55,5,4,25,4,48,4,0,32,6,13,10,15,7,3,4,0,43,3,2,7,4,8,3,0,29,1,17.214,69.405,6.65,7.82,69.659
601,7,8,8,7,7,8,0,22,1,2,9,8,15,4,0,12,4,6,5,8,4,2,3,0,17,1,1,4,7,5,3,0,10,1,17.667,70.196,5.082,7.887,69.984
602,0,0,0,0,0,0,0,0,0,0,0,0,0,0,0,0,0,0,0,0,0,0,0,0,0,0,0,0,0,0,0,0,0,0,0.0,0.0,0.0,-15.59,206.835
603,0,0,0,0,0,0,0,0,0,0,0,0,2,0,0,1,0,0,0,0,0,0,0,0,0,0,0,0,0,1,0,0,1,0,1.0,12.0,2.121,20.2,-47.98
604,0,0,0,0,0,0,0,0,0,0,0,0,0,0,0,0,0,0,0,0,0,0,0,0,0,0,0,0,0,0,0,0,0,0,0.0,0.0,0.0,-15.59,206.835
605,22,31,19,15,14,33,0,62,5,3,44,1,36,11,0,41,3,20,11,14,7,2,7,0,44,5,2,11,1,9,7,0,24,2,30.4,122.741,6.286,12.025,62.993
606,1,4,4,3,5,2,0,12,0,2,9,4,8,1,4,9,0,1,3,4,1,1,2,0,12,0,1,7,4,3,1,2,7,0,19.0,62.266,4.496,4.034,99.982
607,0,0,0,0,0,0,0,0,0,0,0,0,2,0,0,1,0,0,0,0,0,0,0,0,0,0,0,0,0,1,0,0,1,0,1.0,6.0,2.121,20.2,-47.98
608,0,0,0,0,0,0,0,0,0,0,0,0,2,0,0,1,0,0,0,0,0,0,0,0,0,0,0,0,0,1,0,0,1,0,1.0,6.0,2.121,20.2,-47.98
609,2,6,3,7,0,3,0,14,2,3,14,1,6,1,0,9,2,2,5,3,4,0,1,0,12,2,1,5,1,5,1,0,6,1,13.4,49.123,4.147,5.311,80.855
610,4,4,0,6,2,4,0,14,0,3,9,2,3,5,0,9,2,4,3,0,3,1,3,0,14,0,2,5,2,1,4,0,9,1,16.0,73.512,4.419,10.378,49.154
611,11,33,10,22,4,23,0,55,12,7,37,0,29,6,7,31,5,11,12,10,8,2,3,0,41,8,2,9,0,6,5,4,25,1,20.0,73.293,6.139,5.962,87.943
612,0,0,0,0,0,0,0,0,0,0,0,0,2,0,0,1,0,0,0,0,0,0,0,0,0,0,0,0,0,1,0,0,1,0,1.0,12.0,2.121,20.2,-47.98
613,0,0,0,0,0,0,0,0,0,0,0,0,2,0,0,1,0,0,0,0,0,0,0,0,0,0,0,0,0,1,0,0,1,0,1.0,6.0,2.121,20.2,-47.98
614,11,18,14,17,6,11,1,26,6,3,27,2,30,4,1,23,4,10,11,12,6,2,3,1,21,4,2,10,2,5,4,1,18,1,13.308,51.107,5.86,3.992,90.145
615,10,18,14,8,7,10,2,37,5,5,17,2,22,2,1,25,2,9,12,11,5,2,5,2,30,5,3,13,2,10,2,1,24,1,23.286,100.866,7.366,12.386,47.736
616,0,0,0,0,0,0,0,0,0,0,0,0,2,0,0,1,0,0,0,0,0,0,0,0,0,0,0,0,0,1,0,0,1,0,1.0,12.0,2.121,20.2,-47.98
617,6,13,6,9,2,9,0,15,0,4,14,6,6,5,0,13,0,4,7,5,3,2,4,0,13,0,2,5,4,3,2,0,10,0,17.0,59.45,4.341,8.856,61.851
618,0,0,0,0,0,0,0,0,0,0,0,0,2,0,0,1,0,0,0,0,0,0,0,0,0,0,0,0,0,1,0,0,1,0,1.0,12.0,2.121,20.2,-47.98
619,2,3,3,5,2,0,1,8,0,2,13,0,6,3,0,10,1,2,3,3,4,2,0,1,6,0,2,7,0,4,2,0,9,1,26.5,108.064,4.371,10.107,69.798
620,0,0,0,0,0,0,0,0,0,0,0,0,0,0,0,0,0,0,0,0,0,0,0,0,0,0,0,0,0,0,0,0,0,0,0.0,0.0,0.0,-15.59,206.835
621,4,4,6,9,1,2,1,14,1,2,3,2,10,0,0,7,5,4,4,6,4,1,2,1,12,1,1,3,2,6,0,0,7,3,8.714,35.197,5.07,5.025,74.557
622,0,0,0,0,0,0,0,0,0,0,0,0,2,0,0,1,0,0,0,0,0,0,0,0,0,0,0,0,0,1,0,0,1,0,1.0,12.0,2.121,20.2,-47.98
623,30,48,44,36,22,26,2,76,5,12,78,1,40,14,1,64,8,27,19,31,9,3,8,2,54,4,2,17,1,7,6,1,44,1,27.412,110.705,7.337,10.952,65.365
624,1,6,3,3,2,4,0,9,2,2,9,1,3,1,0,8,2,1,6,3,2,2,4,0,9,2,1,4,1,2,1,0,5,1,17.667,60.972,4.177,5.104,89.937
625,4,10,5,9,4,5,0,15,0,2,10,0,7,3,0,12,3,4,4,5,3,2,4,0,13,0,2,4,0,4,2,0,9,1,16.4,62.062,4.451,5.772,82.891
626,0,0,0,0,0,0,0,0,0,0,0,0,2,0,0,1,0,0,0,0,0,0,0,0,0,0,0,0,0,1,0,0,1,0,1.0,12.0,2.121,20.2,-47.98
627,10,16,13,15,4,13,1,19,0,8,21,0,13,2,0,21,1,8,11,12,6,2,5,1,19,0,2,5,0,2,2,0,18,1,16.0,65.688,5.244,5.482,84.258
628,13,16,12,11,4,7,0,28,0,9,25,5,16,3,1,27,12,13,11,12,5,2,5,0,27,0,1,11,4,7,3,1,22,2,24.571,91.192,6.524,10.252,65.324
629,0,2,3,5,0,4,1,9,0,1,10,3,16,1,2,9,3,0,2,3,4,0,3,1,8,0,1,7,3,7,1,1,8,1,10.4,37.009,4.609,4.124,84.021
630,1,1,0,1,0,0,0,1,0,2,3,0,1,1,0,3,0,1,1,0,1,0,0,0,1,0,2,2,0,1,1,0,3,0,13.0,54.583,2.55,6.726,69.994
631,4,4,0,3,1,2,0,6,0,1,8,4,8,1,4,4,1,4,3,0,2,1,1,0,6,0,1,8,4,3,1,1,4,1,14.0,60.289,4.583,8.132,61.696
632,10,14,10,13,10,12,1,23,1,6,20,3,13,4,0,17,5,8,9,7,5,2,7,1,18,1,2,7,3,4,3,0,16,2,30.0,109.064,5.312,10.978,69.789
633,10,10,5,11,6,4,0,18,3,5,22,0,12,3,0,18,0,9,6,4,3,3,3,0,12,3,2,9,0,3,3,0,17,0,19.167,76.242,4.879,6.25,84.39
634,0,0,0,0,0,0,0,0,0,0,0,0,2,0,0,1,0,0,0,0,0,0,0,0,0,0,0,0,0,1,0,0,1,0,1.0,12.0,2.121,20.2,-47.98
635,8,11,2,17,5,9,0,31,5,8,23,4,29,2,0,18,6,7,8,2,4,3,5,0,25,4,2,8,4,6,2,0,16,1,21.857,84.745,5.659,6.894,84.568
636,0,0,0,0,0,0,0,0,0,0,0,0,0,0,0,0,0,0,0,0,0,0,0,0,0,0,0,0,0,0,0,0,0,0,0.0,0.0,0.0,-15.59,206.835
637,0,0,0,0,0,0,0,0,0,0,0,0,2,0,0,1,0,0,0,0,0,0,0,0,0,0,0,0,0,1,0,0,1,0,1.0,12.0,2.121,20.2,-47.98
638,0,0,0,0,0,0,0,0,0,0,0,0,0,0,0,0,0,0,0,0,0,0,0,0,0,0,0,0,0,0,0,0,0,0,0.0,0.0,0.0,-15.59,206.835
639,2,9,1,5,2,2,1,13,1,0,5,3,5,1,0,4,2,2,5,1,3,2,2,1,13,1,0,3,2,3,1,0,4,1,12.75,50.718,4.357,4.653,84.411
640,0,0,0,0,0,0,0,0,0,0,0,0,0,0,0,0,0,0,0,0,0,0,0,0,0,0,0,0,0,0,0,0,0,0,0.0,0.0,0.0,-15.59,206.835
641,8,6,12,14,6,12,0,21,2,3,19,2,12,5,0,25,1,8,4,10,4,2,4,0,16,2,2,8,2,6,5,0,18,1,27.2,110.925,5.275,9.768,73.477
642,2,7,6,5,2,5,1,13,0,6,11,0,6,3,1,15,2,2,3,4,4,1,2,1,12,0,1,7,0,3,3,1,10,1,19.5,75.621,4.404,6.387,84.004
643,6,4,3,6,2,10,0,12,0,3,10,2,13,1,0,11,0,6,4,3,3,2,6,0,10,0,1,6,2,7,1,0,11,0,14.0,56.966,5.071,3.693,93.522
644,4,10,9,10,1,8,0,18,5,4,18,0,15,4,2,13,4,4,5,8,4,1,3,0,14,5,2,6,0,6,3,1,8,2,18.0,66.441,4.695,3.776,100.048
645,0,0,0,0,0,0,0,0,0,0,0,0,2,0,0,1,0,0,0,0,0,0,0,0,0,0,0,0,0,1,0,0,1,0,1.0,12.0,2.121,20.2,-47.98
646,0,0,0,0,0,0,0,0,0,0,0,0,0,0,0,0,0,0,0,0,0,0,0,0,0,0,0,0,0,0,0,0,0,0,0.0,0.0,0.0,-15.59,206.835
647,0,0,0,0,0,0,0,0,0,0,0,0,2,0,0,1,0,0,0,0,0,0,0,0,0,0,0,0,0,1,0,0,1,0,1.0,6.0,2.121,20.2,-47.98
648,20,37,14,25,10,26,1,75,4,17,38,7,35,9,1,43,0,17,12,13,6,2,7,1,50,4,3,13,6,3,6,1,35,0,21.867,89.543,6.755,9.019,69.347
649,13,17,23,18,6,9,1,31,2,9,36,1,15,10,0,27,4,12,8,14,5,3,3,1,25,2,2,11,1,6,4,0,20,3,29.571,113.083,5.75,11.334,66.472
650,0,0,0,0,0,0,0,0,0,0,0,0,0,0,0,0,0,0,0,0,0,0,0,0,0,0,0,0,0,0,0,0,0,0,0.0,0.0,0.0,-15.59,206.835
651,9,13,9,8,5,13,2,26,1,2,15,0,16,0,1,19,3,8,9,7,5,3,3,2,21,1,2,8,0,5,0,1,17,2,25.0,104.039,5.945,11.152,59.636
652,42,38,44,54,30,33,0,53,9,18,82,3,45,17,0,73,5,36,16,25,8,3,6,0,32,7,2,15,2,6,6,0,49,1,15.625,63.603,6.388,5.419,84.041
653,0,0,0,0,0,0,0,0,0,0,0,0,2,0,0,1,0,0,0,0,0,0,0,0,0,0,0,0,0,1,0,0,1,0,1.0,12.0,2.121,20.2,-47.98
654,3,4,3,4,1,2,0,7,0,1,5,0,2,0,0,5,0,3,4,3,3,1,2,0,6,0,1,5,0,2,0,0,5,0,35.0,154.28,4.064,12.22,69.79
655,0,0,0,0,0,0,0,0,0,0,0,0,0,0,0,0,0,0,0,0,0,0,0,0,0,0,0,0,0,0,0,0,0,0,0.0,0.0,0.0,-15.59,206.835
656,5,11,4,7,4,9,0,32,6,4,15,8,18,3,2,17,3,5,9,4,2,2,5,0,22,6,2,9,8,6,2,2,14,2,16.125,57.65,6.226,6.981,73.733
657,0,0,0,0,0,0,0,0,0,0,0,0,0,0,0,0,0,0,0,0,0,0,0,0,0,0,0,0,0,0,0,0,0,0,0.0,0.0,0.0,-15.59,206.835
658,0,1,2,0,1,0,0,2,0,0,3,1,3,2,1,4,0,0,1,2,0,1,0,0,2,0,0,3,1,2,2,1,3,0,16.0,54.714,3.182,7.613,68.983
659,22,23,22,23,9,18,2,32,1,15,45,4,37,6,0,38,5,20,9,18,4,4,5,2,26,1,3,9,4,7,5,0,26,1,18.929,72.016,6.038,8.134,70.459
660,0,0,0,0,0,0,0,0,0,0,0,0,0,0,0,0,0,0,0,0,0,0,0,0,0,0,0,0,0,0,0,0,0,0,0.0,0.0,0.0,-15.59,206.835
661,1,8,2,4,2,7,0,13,0,3,6,1,7,1,1,9,2,1,4,2,2,1,3,0,10,0,1,5,1,4,1,1,9,1,19.667,74.718,4.143,6.48,83.633
662,12,16,7,16,6,9,0,19,0,5,20,2,17,6,0,19,5,12,8,7,5,3,3,0,16,0,2,9,2,8,4,0,14,3,28.4,111.781,5.519,9.945,74.344
663,3,7,1,2,2,7,1,12,0,2,7,1,8,0,1,7,2,3,4,1,2,1,3,1,10,0,1,5,1,4,0,1,6,1,13.25,62.695,4.177,10.283,44.937
664,8,9,8,7,6,3,0,13,0,2,13,0,7,2,0,9,1,8,7,5,3,3,3,0,13,0,2,6,0,3,2,0,7,1,13.5,52.971,4.714,7.302,66.755
665,4,2,1,6,2,5,0,6,0,3,6,1,3,0,0,6,1,3,2,1,2,2,3,0,6,0,1,4,1,3,0,0,5,1,14.333,61.956,3.558,5.367,82.11
666,19,28,24,26,13,14,0,41,3,16,48,5,32,12,0,47,4,16,11,19,6,3,6,0,29,3,3,11,5,6,9,0,26,1,23.231,90.493,5.819,8.161,77.926
667,0,0,0,0,0,0,0,0,0,0,0,0,0,0,0,0,0,0,0,0,0,0,0,0,0,0,0,0,0,0,0,0,0,0,0.0,0.0,0.0,-15.59,206.835
668,20,15,13,16,9,11,1,24,3,4,31,7,23,3,0,23,2,19,7,11,5,3,5,1,22,3,2,11,6,7,2,0,19,1,14.0,53.931,6.08,5.755,78.74
669,0,0,0,0,0,0,0,0,0,0,0,0,0,0,0,0,0,0,0,0,0,0,0,0,0,0,0,0,0,0,0,0,0,0,0.0,0.0,0.0,-15.59,206.835
670,0,0,0,0,0,0,0,0,0,0,0,0,0,0,0,0,0,0,0,0,0,0,0,0,0,0,0,0,0,0,0,0,0,0,0.0,0.0,0.0,-15.59,206.835
671,0,0,0,0,0,0,0,0,0,0,0,0,0,0,0,0,0,0,0,0,0,0,0,0,0,0,0,0,0,0,0,0,0,0,0.0,0.0,0.0,-15.59,206.835
672,9,10,9,10,4,7,1,13,0,8,18,0,7,5,0,11,0,9,8,5,3,2,5,1,8,0,2,11,0,2,3,0,10,0,15.0,59.72,4.554,4.87,86.867
673,9,9,6,12,5,12,0,18,3,4,19,2,14,2,2,19,0,9,7,6,7,2,5,0,14,3,1,4,2,4,2,2,14,0,15.125,51.551,4.95,4.839,87.306
674,8,16,5,5,6,11,2,26,1,10,14,0,15,4,0,19,4,8,8,5,2,3,5,2,21,1,2,8,0,6,2,0,16,1,18.714,75.484,5.437,6.211,83.866
675,5,8,3,5,2,4,0,15,2,2,9,8,20,0,0,10,11,5,7,3,1,2,3,0,12,2,1,6,8,9,0,0,9,4,11.857,35.474,5.433,3.251,92.872
676,33,31,24,34,13,25,0,72,9,17,64,8,115,13,0,69,16,28,14,20,12,3,6,0,61,8,3,19,8,12,7,0,53,3,12.97,52.694,8.374,5.156,81.2
677,8,3,1,4,1,2,1,8,0,2,5,0,6,2,0,6,1,6,3,1,3,1,1,1,6,0,1,3,0,3,1,0,4,1,8.8,36.195,3.731,2.056,95.998
678,2,7,1,3,2,12,0,19,0,1,5,6,13,2,1,9,1,2,5,1,3,2,5,0,16,0,1,5,6,5,2,1,8,1,23.333,99.266,5.24,12.896,44.166
679,7,9,5,9,1,8,1,20,1,3,10,2,10,2,0,9,2,7,7,4,5,1,5,1,18,1,2,6,2,4,2,0,9,1,17.6,74.751,5.427,6.829,77.453
680,0,0,0,0,0,0,0,0,0,0,0,0,0,0,0,0,0,0,0,0,0,0,0,0,0,0,0,0,0,0,0,0,0,0,0.0,0.0,0.0,-15.59,206.835
681,8,12,17,11,5,6,3,21,0,3,13,4,10,4,0,13,2,8,7,13,6,2,3,3,21,0,2,7,4,4,2,0,13,2,17.429,65.48,6.082,7.36,73.34
682,0,0,0,0,0,0,0,0,0,0,0,0,0,0,0,0,0,0,0,0,0,0,0,0,0,0,0,0,0,0,0,0,0,0,0.0,0.0,0.0,-15.59,206.835
683,9,14,17,18,13,9,2,18,0,10,36,0,11,7,0,30,0,8,11,11,5,3,3,2,15,0,2,7,0,2,5,0,20,0,14.077,56.647,4.757,4.989,84.37
684,1,5,2,2,3,6,1,14,0,1,8,1,5,2,0,7,0,1,5,2,2,3,5,1,8,0,1,4,1,3,1,0,6,0,10.6,44.947,4.079,4.574,81.148
685,7,14,9,10,5,7,1,32,0,3,16,1,13,2,0,19,1,7,6,8,6,3,4,1,25,0,3,6,1,4,1,0,13,1,12.7,55.28,5.333,6.273,72.707
686,0,0,0,0,0,0,0,0,0,0,0,0,0,0,0,0,0,0,0,0,0,0,0,0,0,0,0,0,0,0,0,0,0,0,0.0,0.0,0.0,-15.59,206.835
687,0,0,0,0,0,0,0,0,0,0,0,0,0,0,0,0,0,0,0,0,0,0,0,0,0,0,0,0,0,0,0,0,0,0,0.0,0.0,0.0,-15.59,206.835
688,0,0,0,0,0,0,0,0,0,0,0,0,0,0,0,0,0,0,0,0,0,0,0,0,0,0,0,0,0,0,0,0,0,0,0.0,0.0,0.0,-15.59,206.835
689,0,0,0,0,0,0,0,0,0,0,0,0,0,0,0,0,0,0,0,0,0,0,0,0,0,0,0,0,0,0,0,0,0,0,0.0,0.0,0.0,-15.59,206.835
690,0,0,0,0,0,0,0,0,0,0,0,0,0,0,0,0,0,0,0,0,0,0,0,0,0,0,0,0,0,0,0,0,0,0,0.0,0.0,0.0,-15.59,206.835
691,0,0,0,0,0,0,0,0,0,0,0,0,0,0,0,0,0,0,0,0,0,0,0,0,0,0,0,0,0,0,0,0,0,0,0.0,0.0,0.0,-15.59,206.835
692,0,0,0,0,0,0,0,0,0,0,0,0,0,0,0,0,0,0,0,0,0,0,0,0,0,0,0,0,0,0,0,0,0,0,0.0,0.0,0.0,-15.59,206.835
693,0,0,0,0,0,0,0,0,0,0,0,0,0,0,0,0,0,0,0,0,0,0,0,0,0,0,0,0,0,0,0,0,0,0,0.0,0.0,0.0,-15.59,206.835
694,0,0,0,0,0,0,0,0,0,0,0,0,0,0,0,0,0,0,0,0,0,0,0,0,0,0,0,0,0,0,0,0,0,0,0.0,0.0,0.0,-15.59,206.835
695,0,0,0,0,0,0,0,0,0,0,0,0,0,0,0,0,0,0,0,0,0,0,0,0,0,0,0,0,0,0,0,0,0,0,0.0,0.0,0.0,-15.59,206.835
696,0,0,0,0,0,0,0,0,0,0,0,0,0,0,0,0,0,0,0,0,0,0,0,0,0,0,0,0,0,0,0,0,0,0,0.0,0.0,0.0,-15.59,206.835
697,0,0,0,0,0,0,0,0,0,0,0,0,0,0,0,0,0,0,0,0,0,0,0,0,0,0,0,0,0,0,0,0,0,0,0.0,0.0,0.0,-15.59,206.835
698,0,0,0,0,0,0,0,0,0,0,0,0,0,0,0,0,0,0,0,0,0,0,0,0,0,0,0,0,0,0,0,0,0,0,0.0,0.0,0.0,-15.59,206.835
699,0,0,0,0,0,0,0,0,0,0,0,0,0,0,0,0,0,0,0,0,0,0,0,0,0,0,0,0,0,0,0,0,0,0,0.0,0.0,0.0,-15.59,206.835
700,0,0,0,0,0,0,0,0,0,0,0,0,0,0,0,0,0,0,0,0,0,0,0,0,0,0,0,0,0,0,0,0,0,0,0.0,0.0,0.0,-15.59,206.835
701,0,0,0,0,0,0,0,0,0,0,0,0,0,0,0,0,0,0,0,0,0,0,0,0,0,0,0,0,0,0,0,0,0,0,0.0,0.0,0.0,-15.59,206.835
702,0,0,0,0,0,0,0,0,0,0,0,0,0,0,0,0,0,0,0,0,0,0,0,0,0,0,0,0,0,0,0,0,0,0,0.0,0.0,0.0,-15.59,206.835
703,0,0,0,0,0,0,0,0,0,0,0,0,0,0,0,0,0,0,0,0,0,0,0,0,0,0,0,0,0,0,0,0,0,0,0.0,0.0,0.0,-15.59,206.835
704,0,0,0,0,0,0,0,0,0,0,0,0,0,0,0,0,0,0,0,0,0,0,0,0,0,0,0,0,0,0,0,0,0,0,0.0,0.0,0.0,-15.59,206.835
705,3,4,0,1,1,2,0,10,0,1,1,2,3,0,0,6,2,3,2,0,1,1,2,0,9,0,1,1,2,1,0,0,6,2,8.25,37.907,3.816,7.294,57.461
706,4,3,3,4,2,2,2,15,0,5,9,1,9,2,0,11,3,3,2,3,2,2,2,2,13,0,2,2,1,3,2,0,7,1,13.4,50.231,4.06,9.361,51.813
707,0,0,0,0,0,0,0,0,0,0,0,0,0,0,0,0,0,0,0,0,0,0,0,0,0,0,0,0,0,0,0,0,0,0,0.0,0.0,0.0,-15.59,206.835
708,0,0,0,0,0,0,0,0,0,0,0,0,0,0,0,0,0,0,0,0,0,0,0,0,0,0,0,0,0,0,0,0,0,0,0.0,0.0,0.0,-15.59,206.835
709,0,0,0,0,0,0,0,0,0,0,0,0,0,0,0,0,0,0,0,0,0,0,0,0,0,0,0,0,0,0,0,0,0,0,0.0,0.0,0.0,-15.59,206.835
710,0,0,0,0,0,0,0,0,0,0,0,0,0,0,0,0,0,0,0,0,0,0,0,0,0,0,0,0,0,0,0,0,0,0,0.0,0.0,0.0,-15.59,206.835
711,0,0,0,0,0,0,0,0,0,0,0,0,0,0,0,0,0,0,0,0,0,0,0,0,0,0,0,0,0,0,0,0,0,0,0.0,0.0,0.0,-15.59,206.835
712,0,0,0,0,0,0,0,0,0,0,0,0,0,0,0,0,0,0,0,0,0,0,0,0,0,0,0,0,0,0,0,0,0,0,0.0,0.0,0.0,-15.59,206.835
713,0,0,0,0,0,0,0,0,0,0,0,0,0,0,0,0,0,0,0,0,0,0,0,0,0,0,0,0,0,0,0,0,0,0,0.0,0.0,0.0,-15.59,206.835
714,16,15,5,13,7,15,0,37,0,8,17,1,19,3,0,26,0,11,9,5,4,2,5,0,31,0,2,7,1,7,3,0,20,0,23.143,100.982,5.722,10.043,64.278
715,0,0,0,0,0,0,0,0,0,0,0,0,0,0,0,0,0,0,0,0,0,0,0,0,0,0,0,0,0,0,0,0,0,0,0.0,0.0,0.0,-15.59,206.835
716,3,5,2,5,2,2,0,5,0,0,6,0,4,1,0,2,1,3,5,2,2,2,2,0,5,0,0,5,0,3,1,0,2,1,17.0,72.243,4.002,5.269,87.562
717,0,0,0,0,0,0,0,0,0,0,0,0,0,0,0,0,0,0,0,0,0,0,0,0,0,0,0,0,0,0,0,0,0,0,0.0,0.0,0.0,-15.59,206.835
718,0,0,0,0,0,0,0,0,0,0,0,0,0,0,0,0,0,0,0,0,0,0,0,0,0,0,0,0,0,0,0,0,0,0,0.0,0.0,0.0,-15.59,206.835
719,0,0,0,0,0,0,0,0,0,0,0,0,0,0,0,0,0,0,0,0,0,0,0,0,0,0,0,0,0,0,0,0,0,0,0.0,0.0,0.0,-15.59,206.835
720,0,0,0,0,0,0,0,0,0,0,0,0,0,0,0,0,0,0,0,0,0,0,0,0,0,0,0,0,0,0,0,0,0,0,0.0,0.0,0.0,-15.59,206.835
721,17,29,20,28,10,27,0,44,3,13,41,21,39,5,0,32,19,16,12,17,6,3,8,0,40,3,3,12,15,5,4,0,24,3,15.45,55.271,6.517,5.252,84.924
722,0,0,0,0,0,0,0,0,0,0,0,0,0,0,0,0,0,0,0,0,0,0,0,0,0,0,0,0,0,0,0,0,0,0,0.0,0.0,0.0,-15.59,206.835
723,0,0,0,0,0,0,0,0,0,0,0,0,0,0,0,0,0,0,0,0,0,0,0,0,0,0,0,0,0,0,0,0,0,0,0.0,0.0,0.0,-15.59,206.835
724,0,0,0,0,0,0,0,0,0,0,0,0,0,0,0,0,0,0,0,0,0,0,0,0,0,0,0,0,0,0,0,0,0,0,0.0,0.0,0.0,-15.59,206.835
725,0,0,0,0,0,0,0,0,0,0,0,0,0,0,0,0,0,0,0,0,0,0,0,0,0,0,0,0,0,0,0,0,0,0,0.0,0.0,0.0,-15.59,206.835
726,0,0,0,0,0,0,0,0,0,0,0,0,0,0,0,0,0,0,0,0,0,0,0,0,0,0,0,0,0,0,0,0,0,0,0.0,0.0,0.0,-15.59,206.835
727,0,0,0,0,0,0,0,0,0,0,0,0,0,0,0,0,0,0,0,0,0,0,0,0,0,0,0,0,0,0,0,0,0,0,0.0,0.0,0.0,-15.59,206.835
728,0,0,0,0,0,0,0,0,0,0,0,0,0,0,0,0,0,0,0,0,0,0,0,0,0,0,0,0,0,0,0,0,0,0,0.0,0.0,0.0,-15.59,206.835
729,0,0,0,0,0,0,0,0,0,0,0,0,0,0,0,0,0,0,0,0,0,0,0,0,0,0,0,0,0,0,0,0,0,0,0.0,0.0,0.0,-15.59,206.835
730,1,3,1,2,1,3,0,3,0,1,3,0,1,0,0,3,0,1,3,1,2,1,1,0,3,0,1,3,0,1,0,0,3,0,21.0,90.117,3.086,5.524,92.863
731,0,0,0,0,0,0,0,0,0,0,0,0,0,0,0,0,0,0,0,0,0,0,0,0,0,0,0,0,0,0,0,0,0,0,0.0,0.0,0.0,-15.59,206.835
732,9,9,6,10,5,8,1,18,2,4,13,0,17,2,2,14,1,8,5,6,4,2,4,1,16,2,2,7,0,8,2,1,13,1,17.333,72.138,5.478,4.332,94.88
733,5,9,2,6,2,4,0,14,2,2,18,2,11,1,0,15,2,5,5,2,3,2,4,0,13,1,2,7,2,3,1,0,14,1,12.0,47.417,4.938,3.84,88.905
734,22,45,23,27,20,39,4,73,5,10,46,14,69,8,1,42,8,18,12,17,6,3,7,2,54,4,2,12,10,9,5,1,29,2,22.824,86.985,6.605,10.068,63.528
735,6,10,5,16,4,10,0,19,0,10,20,3,7,1,0,21,3,6,4,5,7,3,3,0,14,0,2,7,3,3,1,0,13,1,25.6,102.523,4.375,10.25,67.17
736,0,3,0,1,0,3,1,4,1,3,4,1,4,1,0,6,0,0,2,0,1,0,2,1,4,1,1,3,1,3,1,0,5,0,9.333,32.46,3.341,2.8,91.612
737,0,0,0,0,0,0,0,0,0,0,0,0,0,0,0,0,0,0,0,0,0,0,0,0,0,0,0,0,0,0,0,0,0,0,0.0,0.0,0.0,-15.59,206.835
738,21,17,20,24,11,13,0,31,3,12,41,3,17,5,0,39,4,21,10,17,5,3,5,0,29,3,2,16,3,3,5,0,32,2,18.769,75.123,6.7,7.157,77.18
739,1,3,1,3,1,3,0,5,0,0,3,0,2,0,0,1,0,1,3,1,2,1,2,0,5,0,0,3,0,1,0,0,1,0,10.5,45.409,3.086,1.991,99.492
740,3,2,1,4,1,2,0,6,0,2,4,0,2,0,0,4,1,3,2,1,2,1,1,0,6,0,1,3,0,1,0,0,4,1,15.0,58.058,3.357,7.567,67.53
741,0,0,0,0,0,0,0,0,0,0,0,0,0,0,0,0,0,0,0,0,0,0,0,0,0,0,0,0,0,0,0,0,0,0,0.0,0.0,0.0,-15.59,206.835
742,21,40,22,31,12,25,1,77,1,8,51,3,60,3,1,42,5,18,13,15,7,3,7,1,54,1,2,11,3,10,2,1,31,1,15.545,67.13,6.577,7.276,70.588
743,0,6,0,5,3,4,0,18,0,2,9,1,5,3,0,8,6,0,5,0,3,2,2,0,14,0,1,6,1,2,3,0,8,2,16.25,64.143,4.034,3.637,97.932
744,5,10,9,6,4,3,0,9,0,4,12,0,6,2,0,7,0,5,7,7,4,3,3,0,7,0,2,7,0,3,2,0,6,0,17.75,80.335,4.532,5.958,83.962
745,7,8,0,10,3,11,0,15,0,6,16,6,13,1,0,16,0,6,5,0,4,2,5,0,14,0,2,5,3,4,1,0,13,0,8.25,34.03,4.335,3.599,83.952
746,0,0,0,0,0,0,0,0,0,0,0,0,2,0,0,1,0,0,0,0,0,0,0,0,0,0,0,0,0,1,0,0,1,0,1.0,12.0,2.121,20.2,-47.98
747,0,0,0,0,0,0,0,0,0,0,0,0,0,0,0,0,0,0,0,0,0,0,0,0,0,0,0,0,0,0,0,0,0,0,0.0,0.0,0.0,-15.59,206.835
748,9,16,6,14,9,15,1,34,0,7,27,5,14,3,1,21,5,9,7,6,4,3,4,1,23,0,2,11,3,5,3,1,15,3,19.111,69.903,5.176,9.495,61.029
749,22,35,20,19,8,23,0,44,2,8,55,2,29,11,0,48,1,16,18,16,4,3,5,0,30,2,2,13,2,3,7,0,39,1,24.833,100.361,6.103,9.776,69.208
750,9,13,16,11,6,9,1,16,1,8,15,4,8,2,0,20,2,9,8,15,4,3,3,1,12,1,3,7,2,4,2,0,10,1,22.167,91.164,5.028,8.138,76.2
751,31,55,25,31,8,39,1,88,2,12,33,7,41,6,3,31,12,31,16,19,6,3,5,1,68,2,2,10,6,8,5,1,27,3,22.353,91.954,7.4,8.747,72.163
752,0,0,0,0,0,0,0,0,0,0,0,0,0,0,0,0,0,0,0,0,0,0,0,0,0,0,0,0,0,0,0,0,0,0,0.0,0.0,0.0,-15.59,206.835
753,2,2,1,2,1,4,0,4,0,1,3,0,1,0,0,3,0,2,2,1,2,1,3,0,4,0,1,3,0,1,0,0,3,0,23.0,100.307,3.391,7.745,80.499
754,5,9,4,6,3,10,0,16,1,2,10,0,13,3,3,16,3,5,6,4,2,2,4,0,10,1,1,6,0,5,3,1,13,1,17.6,70.188,4.824,8.035,68.801
755,14,22,9,20,2,18,1,33,2,6,22,11,26,5,1,26,7,12,10,9,6,2,4,1,27,2,2,9,11,5,5,1,24,2,24.75,108.187,6.382,10.809,61.65
756,0,0,0,0,0,0,0,0,0,0,0,0,2,0,0,1,0,0,0,0,0,0,0,0,0,0,0,0,0,1,0,0,1,0,1.0,12.0,2.121,20.2,-47.98
757,10,9,15,9,5,5,1,17,0,5,24,0,18,4,2,21,1,9,5,11,4,2,3,1,14,0,2,11,0,4,2,1,10,1,17.857,77.925,4.933,7.705,71.624
758,0,0,0,0,0,0,0,0,0,0,0,0,0,0,0,0,0,0,0,0,0,0,0,0,0,0,0,0,0,0,0,0,0,0,0.0,0.0,0.0,-15.59,206.835
759,0,2,0,5,0,0,0,6,0,1,5,0,4,1,0,1,0,0,2,0,2,0,0,0,6,0,1,5,0,3,1,0,1,0,7.0,27.629,3.24,1.188,99.016
760,15,25,16,20,9,17,0,40,0,6,35,0,25,6,0,37,3,13,12,12,5,3,6,0,27,0,2,10,0,3,4,0,20,1,23.0,92.284,5.129,9.284,69.464
761,0,0,0,0,0,0,0,0,0,0,0,0,0,0,0,0,0,0,0,0,0,0,0,0,0,0,0,0,0,0,0,0,0,0,0.0,0.0,0.0,-15.59,206.835
762,21,33,20,27,13,27,0,55,3,8,44,17,31,8,0,41,2,17,12,17,6,3,4,0,41,3,2,13,15,5,7,0,27,1,14.409,56.11,6.632,5.701,79.855
763,10,11,12,18,7,9,0,19,2,5,31,2,13,6,0,22,0,9,6,9,5,3,3,0,18,2,2,6,2,3,4,0,16,0,15.4,58.746,4.786,4.668,89.025
764,0,0,0,0,0,0,0,0,0,0,0,0,0,0,0,0,0,0,0,0,0,0,0,0,0,0,0,0,0,0,0,0,0,0,0.0,0.0,0.0,-15.59,206.835
765,0,0,0,0,0,0,0,0,0,0,0,0,0,0,0,0,0,0,0,0,0,0,0,0,0,0,0,0,0,0,0,0,0,0,0.0,0.0,0.0,-15.59,206.835
766,0,0,0,0,0,0,0,0,0,0,0,0,0,0,0,0,0,0,0,0,0,0,0,0,0,0,0,0,0,0,0,0,0,0,0.0,0.0,0.0,-15.59,206.835
767,110,126,75,90,45,98,1,256,12,50,154,18,137,43,1,174,7,63,26,46,8,5,12,1,128,7,2,22,15,8,13,1,98,2,29.116,123.458,8.493,12.306,58.693
768,0,0,0,0,0,0,0,0,0,0,0,0,0,0,0,0,0,0,0,0,0,0,0,0,0,0,0,0,0,0,0,0,0,0,0.0,0.0,0.0,-15.59,206.835
769,12,16,10,13,1,12,0,23,2,4,13,4,15,2,0,14,0,11,7,9,3,1,4,0,14,2,2,5,2,4,2,0,11,0,12.6,48.893,4.599,5.807,75.875
770,18,38,19,24,6,27,1,53,2,9,44,0,24,4,1,36,8,18,16,16,8,1,7,1,42,2,2,11,0,7,2,1,26,2,17.176,68.039,6.497,6.142,81.623
771,0,0,0,0,0,0,0,0,0,0,0,0,0,0,0,0,0,0,0,0,0,0,0,0,0,0,0,0,0,0,0,0,0,0,0.0,0.0,0.0,-15.59,206.835
772,5,5,8,6,4,9,0,17,1,2,17,4,13,1,0,16,1,5,4,8,3,2,5,0,16,1,2,8,4,7,1,0,15,1,9.5,35.511,5.731,4.014,83.205
773,16,23,18,14,12,11,1,35,3,8,46,2,40,3,0,34,9,14,9,12,3,3,4,1,29,3,2,13,2,7,3,0,27,3,15.8,60.293,5.971,5.409,84.423
774,5,6,5,7,4,2,1,18,4,1,12,0,15,1,0,8,0,5,5,5,3,1,2,1,15,4,1,6,0,6,1,0,7,0,14.0,53.268,4.733,5.21,82.645
775,1,2,3,5,0,2,0,5,0,0,8,4,3,1,0,5,6,1,2,3,3,0,2,0,5,0,0,5,4,2,1,0,5,3,14.0,42.405,3.928,10.38,45.582
776,11,10,19,15,4,10,0,18,3,4,21,3,25,3,0,20,8,9,8,9,6,2,5,0,14,1,2,7,3,6,3,0,15,2,14.8,56.882,4.941,2.859,100.925
777,0,0,0,0,0,0,0,0,0,0,0,0,0,0,0,0,0,0,0,0,0,0,0,0,0,0,0,0,0,0,0,0,0,0,0.0,0.0,0.0,-15.59,206.835
778,1,5,6,1,2,4,0,10,0,5,12,0,8,1,0,13,3,1,5,6,1,2,4,0,8,0,2,4,0,3,1,0,9,2,10.5,40.652,4.276,3.676,87.406
779,17,23,26,28,17,18,0,46,7,13,59,2,41,10,1,48,3,15,13,21,6,3,6,0,35,4,3,10,2,6,7,1,23,1,19.812,77.539,5.838,6.468,83.978
780,0,0,0,0,0,0,0,0,0,0,0,0,2,0,0,1,0,0,0,0,0,0,0,0,0,0,0,0,0,1,0,0,1,0,1.0,12.0,2.121,20.2,-47.98
781,21,50,34,49,13,23,1,60,4,28,87,0,43,17,0,73,2,19,18,24,9,3,8,1,41,3,2,18,0,9,7,0,42,1,27.118,112.348,6.323,9.499,75.258
782,4,17,5,11,4,8,0,25,0,4,21,0,11,4,0,15,5,4,9,5,4,2,4,0,18,0,2,9,0,6,4,0,14,2,20.5,87.12,5.037,7.371,78.73
783,0,0,0,0,0,0,0,0,0,0,0,0,0,0,0,0,0,0,0,0,0,0,0,0,0,0,0,0,0,0,0,0,0,0,0.0,0.0,0.0,-15.59,206.835
784,0,0,0,0,0,0,0,0,0,0,0,0,0,0,0,0,0,0,0,0,0,0,0,0,0,0,0,0,0,0,0,0,0,0,0.0,0.0,0.0,-15.59,206.835
785,0,0,0,0,0,0,0,0,0,0,0,0,2,0,0,1,0,0,0,0,0,0,0,0,0,0,0,0,0,1,0,0,1,0,1.0,12.0,2.121,20.2,-47.98
786,14,31,11,29,10,22,0,45,1,11,31,6,40,8,0,35,3,13,14,11,6,2,5,0,32,1,3,10,3,10,6,0,31,1,25.9,110.534,6.283,11.004,62.302
787,0,0,0,0,0,0,0,0,0,0,0,0,0,0,0,0,0,0,0,0,0,0,0,0,0,0,0,0,0,0,0,0,0,0,0.0,0.0,0.0,-15.59,206.835
788,9,8,3,13,7,9,0,30,2,6,27,2,22,3,0,21,2,8,6,3,5,2,5,0,25,1,2,8,2,7,3,0,17,2,17.75,71.193,5.459,7.62,72.047
789,0,0,0,0,0,0,0,0,0,0,0,0,0,0,0,0,0,0,0,0,0,0,0,0,0,0,0,0,0,0,0,0,0,0,0.0,0.0,0.0,-15.59,206.835
790,1,3,2,1,0,0,0,3,1,0,5,0,3,0,0,3,0,1,3,2,1,0,0,0,3,1,0,4,0,2,0,0,3,0,9.5,39.961,3.244,3.641,85.877
791,1,5,3,4,3,6,1,13,2,1,1,1,4,2,0,4,1,1,5,3,1,2,3,1,10,2,1,1,1,2,2,0,4,1,15.667,70.588,4.126,5.082,86.533
792,21,24,22,26,18,20,0,55,6,10,48,0,34,11,0,35,3,18,13,16,6,3,7,0,44,4,2,13,0,6,9,0,28,1,33.222,130.105,6.379,11.732,70.123
793,0,2,1,2,1,1,0,1,0,0,2,0,1,1,0,2,0,0,2,1,2,1,1,0,1,0,0,2,0,1,1,0,2,0,13.0,58.871,2.746,2.188,102.532
794,0,0,0,0,0,0,0,0,0,0,0,0,0,0,0,0,0,0,0,0,0,0,0,0,0,0,0,0,0,0,0,0,0,0,0.0,0.0,0.0,-15.59,206.835
795,32,39,33,40,26,31,1,77,2,24,75,1,56,14,0,72,5,28,16,22,6,3,6,1,51,1,3,15,1,6,9,0,47,1,21.455,89.549,6.672,9.052,68.375
796,13,13,7,11,5,9,0,22,1,4,16,1,14,3,0,13,1,9,7,7,2,3,3,0,18,1,1,7,1,5,2,0,11,1,23.8,93.266,4.862,9.062,72.485
797,1,4,1,1,1,2,0,6,1,2,5,4,3,0,0,5,0,1,2,1,1,1,2,0,5,1,1,5,4,3,0,0,4,0,16.5,52.023,3.57,6.578,77.288
798,28,25,23,33,14,24,0,64,4,12,36,3,43,10,1,45,6,25,12,21,7,3,7,0,57,3,2,9,2,9,7,1,35,2,21.6,90.395,7.464,9.369,66.367
799,0,0,1,1,0,0,0,1,0,0,2,0,2,2,0,1,0,0,0,1,1,0,0,0,1,0,0,2,0,2,2,0,1,0,8.0,35.833,2.5,5.23,71.815
800,0,0,0,0,0,0,0,0,0,0,0,0,0,0,0,1,0,0,0,0,0,0,0,0,0,0,0,0,0,0,0,0,1,0,1.0,0.0,0.707,279.8,-1909.18
801,3,1,2,0,0,0,0,4,0,0,0,1,3,0,0,0,1,3,1,2,0,0,0,0,4,0,0,0,1,2,0,0,0,1,6.0,19.258,2.858,1.5,94.995
802,0,0,0,0,0,0,0,0,0,0,0,0,2,0,0,1,0,0,0,0,0,0,0,0,0,0,0,0,0,1,0,0,1,0,1.0,12.0,2.121,20.2,-47.98
803,5,3,3,1,1,3,0,7,0,1,6,3,10,0,2,5,1,5,2,3,1,1,2,0,7,0,1,6,3,3,0,1,5,1,9.75,40.849,4.756,4.854,77.631
804,0,0,0,0,0,0,0,0,0,0,0,0,2,0,0,1,0,0,0,0,0,0,0,0,0,0,0,0,0,1,0,0,1,0,1.0,6.0,2.121,20.2,-47.98
805,9,13,6,14,4,6,0,26,2,6,23,1,16,4,0,15,0,9,8,5,6,2,3,0,17,2,2,8,1,7,3,0,14,0,18.429,74.991,5.292,7.239,75.986
806,17,25,16,14,9,16,1,46,4,10,33,9,18,6,1,36,1,15,10,12,6,3,3,1,34,4,2,9,7,7,6,1,29,1,17.429,65.497,6.473,7.311,73.687
807,2,9,2,3,1,4,1,17,0,4,8,1,6,2,0,13,2,2,9,2,2,1,3,1,15,0,2,5,1,3,2,0,11,1,13.8,58.589,5.022,4.841,84.932
808,4,5,3,6,4,3,0,11,0,2,10,0,7,1,0,6,0,4,4,2,3,2,3,0,10,0,2,4,0,4,1,0,6,0,14.0,54.233,4.158,6.938,70.257
809,8,16,4,8,5,16,0,26,0,5,6,10,13,1,0,9,2,8,8,4,4,3,3,0,19,0,3,3,7,6,1,0,8,1,16.571,57.107,4.99,7.454,71.137
810,7,18,6,7,5,11,0,22,1,6,15,6,13,2,0,15,2,7,9,6,4,2,4,0,17,1,2,10,6,5,2,0,14,2,13.556,53.064,5.506,5.656,78.658
811,3,6,1,1,1,7,0,10,1,2,4,0,5,0,0,4,1,2,6,1,1,1,5,0,9,1,1,3,0,3,0,0,4,1,13.667,54.154,4.086,8.447,58.841
812,9,15,8,12,4,11,0,24,3,5,23,1,22,4,0,27,0,7,10,7,3,2,4,0,21,2,2,5,1,5,4,0,22,0,13.364,53.7,5.366,3.91,90.83
813,5,7,5,6,3,7,1,20,0,1,11,3,9,1,1,8,0,5,6,5,3,1,4,1,19,0,1,5,3,6,1,1,4,0,15.6,65.321,5.124,9.858,52.17
814,5,12,3,7,4,7,0,18,0,4,13,9,12,1,0,11,0,5,6,3,2,3,4,0,15,0,2,10,7,5,1,0,10,0,18.8,66.088,5.251,6.931,78.853
815,0,0,0,0,0,0,0,0,0,0,0,0,0,0,0,0,0,0,0,0,0,0,0,0,0,0,0,0,0,0,0,0,0,0,0.0,0.0,0.0,-15.59,206.835
816,0,0,0,0,0,0,0,0,0,0,0,0,2,0,0,1,0,0,0,0,0,0,0,0,0,0,0,0,0,1,0,0,1,0,1.0,12.0,2.121,20.2,-47.98
817,0,0,0,0,0,0,0,0,0,0,0,0,2,0,0,1,0,0,0,0,0,0,0,0,0,0,0,0,0,1,0,0,1,0,1.0,12.0,2.121,20.2,-47.98
818,8,19,12,13,5,9,1,31,0,12,19,1,19,5,0,27,0,8,10,11,4,2,5,1,23,0,2,5,1,7,5,0,21,0,14.727,59.158,5.556,5.741,80.131
819,4,4,1,5,3,3,0,7,0,1,9,0,5,0,0,5,0,4,2,1,3,2,3,0,6,0,1,6,0,3,0,0,5,0,10.5,43.845,3.928,6.486,67.263
820,37,61,34,42,22,45,2,102,6,14,76,1,67,17,0,60,6,33,18,27,9,3,7,2,65,4,2,13,1,6,6,0,44,1,20.192,79.422,7.16,7.861,74.668
821,0,0,0,0,0,0,0,0,0,0,0,0,0,0,0,0,0,0,0,0,0,0,0,0,0,0,0,0,0,0,0,0,0,0,0.0,0.0,0.0,-15.59,206.835
822,0,0,0,0,0,0,0,0,0,0,0,0,2,0,0,1,0,0,0,0,0,0,0,0,0,0,0,0,0,1,0,0,1,0,1.0,12.0,2.121,20.2,-47.98
823,0,0,0,0,0,0,0,0,0,0,0,0,2,0,0,1,0,0,0,0,0,0,0,0,0,0,0,0,0,1,0,0,1,0,1.0,12.0,2.121,20.2,-47.98
824,0,0,0,0,0,0,0,0,0,0,0,0,0,0,0,0,0,0,0,0,0,0,0,0,0,0,0,0,0,0,0,0,0,0,0.0,0.0,0.0,-15.59,206.835
825,0,0,0,0,0,0,0,0,0,0,0,0,2,0,0,1,0,0,0,0,0,0,0,0,0,0,0,0,0,1,0,0,1,0,1.0,12.0,2.121,20.2,-47.98
826,5,6,1,4,0,4,0,9,1,1,5,0,6,0,0,4,0,5,6,1,2,0,3,0,7,1,1,4,0,3,0,0,4,0,13.0,60.387,3.963,4.306,87.348
827,34,57,34,35,17,45,1,74,5,16,61,5,58,9,0,60,6,29,18,27,9,5,7,1,52,5,2,14,3,11,6,0,39,1,20.087,75.973,7.073,6.726,82.619
828,0,2,1,2,0,0,0,4,0,0,5,0,2,1,0,3,0,0,2,1,1,0,0,0,4,0,0,5,0,1,1,0,3,0,9.0,46.018,2.833,6.931,61.4
829,6,7,4,4,1,5,0,18,0,1,6,4,7,0,1,6,0,6,4,3,3,1,3,0,15,0,1,6,4,4,0,1,6,0,15.5,62.023,5.119,8.726,60.109
830,4,7,4,3,2,4,0,8,1,0,8,0,4,1,0,6,0,4,6,3,2,2,3,0,7,1,0,7,0,2,1,0,5,0,16.0,68.735,4.287,5.892,81.32
831,0,0,0,0,0,0,0,0,0,0,0,0,0,0,0,0,0,0,0,0,0,0,0,0,0,0,0,0,0,0,0,0,0,0,0.0,0.0,0.0,-15.59,206.835
832,12,14,6,10,3,7,1,21,3,6,19,8,16,4,1,19,5,12,8,5,5,2,3,1,15,3,1,6,8,6,3,1,16,2,15.444,56.697,5.578,5.714,81.605
833,0,0,0,0,0,0,0,0,0,0,0,0,0,0,0,0,0,0,0,0,0,0,0,0,0,0,0,0,0,0,0,0,0,0,0.0,0.0,0.0,-15.59,206.835
834,1,8,3,9,3,3,0,8,0,3,16,0,12,2,0,12,0,1,5,2,3,2,2,0,7,0,3,8,0,5,2,0,9,0,22.667,95.874,3.944,9.388,68.125
835,0,0,0,0,0,0,0,0,0,0,0,0,2,0,0,1,0,0,0,0,0,0,0,0,0,0,0,0,0,1,0,0,1,0,1.0,12.0,2.121,20.2,-47.98
836,18,30,26,23,17,26,0,61,6,18,49,3,41,6,0,46,2,18,13,20,5,3,7,0,47,6,2,8,3,8,6,0,29,1,18.333,71.963,6.5,6.185,83.374
837,18,30,19,20,13,18,1,58,6,10,37,3,37,2,4,34,8,18,13,15,5,3,7,1,43,5,3,10,3,7,1,1,26,3,17.25,69.682,6.682,7.384,72.848
838,0,0,0,0,0,0,0,0,0,0,0,0,2,0,0,1,0,0,0,0,0,0,0,0,0,0,0,0,0,1,0,0,1,0,1.0,12.0,2.121,20.2,-47.98
839,4,10,4,4,3,4,0,9,0,1,10,0,4,0,0,13,0,4,9,4,3,3,3,0,9,0,1,7,0,3,0,0,12,0,12.4,58.326,4.939,6.756,68.714
840,5,15,12,12,6,5,0,24,0,8,30,2,13,5,0,21,3,5,5,10,4,2,4,0,20,0,2,11,2,7,4,0,15,2,16.444,65.261,5.115,5.494,84.966
841,0,0,0,0,0,0,0,0,0,0,0,0,0,0,0,0,0,0,0,0,0,0,0,0,0,0,0,0,0,0,0,0,0,0,0.0,0.0,0.0,-15.59,206.835
842,0,0,0,0,0,0,0,0,0,0,0,0,0,0,0,0,0,0,0,0,0,0,0,0,0,0,0,0,0,0,0,0,0,0,0.0,0.0,0.0,-15.59,206.835
843,10,18,7,11,4,16,0,31,4,6,23,0,12,5,1,21,1,10,11,7,4,2,6,0,27,4,3,6,0,4,3,1,20,1,17.444,67.736,5.869,6.621,78.664
844,6,7,2,2,2,6,0,20,1,1,4,0,6,0,0,8,1,6,5,2,2,2,3,0,14,1,1,3,0,3,0,0,5,1,20.0,90.252,4.29,6.96,80.785
845,0,0,0,0,0,0,0,0,0,0,0,0,0,0,0,0,0,0,0,0,0,0,0,0,0,0,0,0,0,0,0,0,0,0,0.0,0.0,0.0,-15.59,206.835
846,4,13,2,2,3,11,0,22,0,3,6,2,10,0,0,8,1,4,7,2,1,1,4,0,16,0,1,4,2,4,0,0,7,1,19.5,74.857,4.323,10.471,54.719
847,4,9,7,4,3,5,0,8,0,5,10,3,4,2,0,10,1,4,8,7,2,3,3,0,8,0,2,6,3,4,2,0,10,1,24.0,86.577,5.167,10.323,63.8
848,0,0,0,0,0,0,0,0,0,0,0,0,0,0,0,0,0,0,0,0,0,0,0,0,0,0,0,0,0,0,0,0,0,0,0.0,0.0,0.0,-15.59,206.835
849,0,3,3,2,0,2,0,7,0,1,2,0,6,0,0,5,0,0,3,3,2,0,1,0,7,0,1,2,0,3,0,0,5,0,8.333,40.606,3.818,5.596,69.785
850,3,6,1,4,1,3,0,9,0,0,4,4,7,1,1,4,0,3,5,1,3,1,2,0,8,0,0,4,4,4,1,1,4,0,8.0,28.263,4.472,4.935,73.93
851,0,0,0,0,0,0,0,0,0,0,0,0,2,0,0,1,0,0,0,0,0,0,0,0,0,0,0,0,0,1,0,0,1,0,1.0,12.0,2.121,20.2,-47.98
852,10,12,12,14,8,12,0,24,3,5,22,0,18,3,0,16,3,9,6,12,3,3,6,0,22,3,2,10,0,4,3,0,15,3,13.0,48.562,5.558,4.993,82.418
853,2,3,2,3,1,2,1,8,2,3,8,1,7,0,0,9,1,2,1,2,2,1,2,1,8,2,1,6,1,3,0,0,9,1,11.75,43.031,4.435,5.814,74.309
854,0,0,0,0,0,0,0,0,0,0,0,0,0,0,0,0,0,0,0,0,0,0,0,0,0,0,0,0,0,0,0,0,0,0,0.0,0.0,0.0,-15.59,206.835
855,0,0,0,0,0,0,0,0,0,0,0,0,0,0,0,0,0,0,0,0,0,0,0,0,0,0,0,0,0,0,0,0,0,0,0.0,0.0,0.0,-15.59,206.835
856,0,0,0,0,0,0,0,0,0,0,0,0,2,0,0,1,0,0,0,0,0,0,0,0,0,0,0,0,0,1,0,0,1,0,1.0,12.0,2.121,20.2,-47.98
857,8,14,7,7,3,7,1,37,1,5,19,0,26,3,4,19,9,8,8,7,4,2,5,1,33,1,3,9,0,6,1,1,17,1,29.0,117.538,6.401,9.88,75.88
858,24,42,14,37,17,33,0,69,7,18,49,4,39,7,1,47,3,22,16,13,8,3,7,0,54,5,3,12,2,4,3,1,36,1,21.824,90.085,6.608,7.965,76.825
859,15,7,5,8,4,8,0,21,0,2,15,1,23,3,0,12,4,14,5,5,4,2,4,0,15,0,2,8,1,8,3,0,11,2,17.333,72.715,5.686,6.828,76.984
860,4,7,8,5,5,7,0,17,2,0,9,4,20,2,4,11,3,4,3,8,2,4,6,0,13,2,0,6,4,6,2,2,10,2,13.833,50.9,5.666,6.154,75.577
861,38,64,39,58,34,53,5,112,11,25,113,24,114,20,3,96,4,33,21,32,8,4,8,4,85,6,3,18,17,10,13,1,64,1,24.0,91.831,8.362,8.791,74.78
862,15,22,10,24,14,21,0,42,1,7,44,3,26,6,1,37,0,15,13,9,7,3,8,0,30,1,2,13,3,8,3,1,28,0,34.857,137.304,6.111,12.126,70.212
863,0,0,0,0,0,0,0,0,0,0,0,0,0,0,0,0,0,0,0,0,0,0,0,0,0,0,0,0,0,0,0,0,0,0,0.0,0.0,0.0,-15.59,206.835
864,4,4,2,3,1,1,0,3,0,2,9,1,6,1,0,6,0,4,4,2,2,1,1,0,3,0,2,5,1,1,1,0,6,0,6.167,23.277,3.836,1.166,97.684
865,0,0,0,0,0,0,0,0,0,0,0,0,2,0,0,1,0,0,0,0,0,0,0,0,0,0,0,0,0,1,0,0,1,0,1.0,12.0,2.121,20.2,-47.98
866,1,0,0,2,0,1,0,1,0,0,3,0,3,1,0,1,0,1,0,0,2,0,1,0,1,0,0,3,0,1,1,0,1,0,3.333,14.667,2.46,-1.31,110.392
867,7,13,17,19,12,19,0,31,2,11,34,2,21,4,0,38,0,6,9,12,5,3,6,0,29,2,2,6,1,4,4,0,25,0,11.0,42.344,5.331,2.702,95.283
868,0,0,0,0,0,0,0,0,0,0,0,0,0,0,0,0,0,0,0,0,0,0,0,0,0,0,0,0,0,0,0,0,0,0,0.0,0.0,0.0,-15.59,206.835
869,31,52,39,46,29,35,0,75,6,26,85,6,72,8,0,78,5,29,13,25,7,3,10,0,61,6,4,19,5,10,5,0,46,1,18.607,73.914,7.156,6.796,79.479
870,14,25,8,22,6,15,0,49,7,11,29,1,23,6,2,21,6,12,11,8,5,2,5,0,30,7,2,11,1,7,4,2,17,2,22.0,84.294,5.816,6.453,87.984
871,0,0,0,0,0,0,0,0,0,0,0,0,2,0,0,1,0,0,0,0,0,0,0,0,0,0,0,0,0,1,0,0,1,0,1.0,12.0,2.121,20.2,-47.98
872,0,0,0,0,0,0,0,0,0,0,0,0,2,0,0,1,0,0,0,0,0,0,0,0,0,0,0,0,0,1,0,0,1,0,1.0,12.0,2.121,20.2,-47.98
873,7,14,12,20,8,9,3,27,2,4,31,0,17,5,0,22,8,6,10,10,5,2,5,1,22,2,2,9,0,5,5,0,18,3,19.0,75.28,5.353,5.759,87.613
874,0,2,1,4,1,0,0,5,0,1,3,1,2,1,0,5,1,0,1,1,3,1,0,0,5,0,1,2,1,2,1,0,5,1,12.5,48.675,3.394,5.805,75.708
875,7,7,2,3,6,0,0,17,0,0,7,0,5,1,0,8,0,5,6,2,3,3,0,0,12,0,0,5,0,3,1,0,6,0,29.0,131.455,4.178,12.606,56.334
876,0,0,0,0,0,0,0,0,0,0,0,0,0,0,0,0,0,0,0,0,0,0,0,0,0,0,0,0,0,0,0,0,0,0,0.0,0.0,0.0,-15.59,206.835
877,10,23,5,13,9,14,2,50,3,6,23,5,34,4,5,24,5,9,13,5,5,1,3,2,40,2,2,8,3,6,3,2,20,1,18.091,72.026,6.065,7.713,71.988
878,3,5,2,4,1,5,0,11,1,1,7,3,8,3,0,6,2,3,5,2,2,1,4,0,9,1,1,4,3,3,3,0,5,2,13.0,47.67,4.707,3.776,91.144
879,31,44,17,21,23,30,0,75,1,18,55,0,38,11,0,62,8,22,16,14,3,3,8,0,52,1,2,13,0,6,7,0,43,1,14.667,57.062,6.467,6.459,74.876
880,0,0,0,0,0,0,0,0,0,0,0,0,0,0,0,0,0,0,0,0,0,0,0,0,0,0,0,0,0,0,0,0,0,0,0.0,0.0,0.0,-15.59,206.835
881,0,0,0,0,0,0,0,0,0,0,0,0,0,0,0,0,0,0,0,0,0,0,0,0,0,0,0,0,0,0,0,0,0,0,0.0,0.0,0.0,-15.59,206.835
882,4,5,1,7,4,2,0,18,1,2,6,6,4,1,0,6,0,4,5,1,3,2,2,0,15,1,1,3,6,2,1,0,6,0,15.75,62.704,4.365,6.473,76.706
883,0,0,0,0,0,0,0,0,0,0,0,0,0,0,0,0,0,0,0,0,0,0,0,0,0,0,0,0,0,0,0,0,0,0,0.0,0.0,0.0,-15.59,206.835
884,0,0,0,0,0,0,0,0,0,0,0,0,0,0,0,0,0,0,0,0,0,0,0,0,0,0,0,0,0,0,0,0,0,0,0.0,0.0,0.0,-15.59,206.835
885,0,0,2,1,1,0,0,4,3,0,1,0,6,0,0,1,0,0,0,2,1,1,0,0,4,3,0,1,0,2,0,0,1,0,13.0,31.917,2.942,4.911,83.009
886,0,0,0,0,0,0,0,0,0,0,0,0,0,0,0,0,0,0,0,0,0,0,0,0,0,0,0,0,0,0,0,0,0,0,0.0,0.0,0.0,-15.59,206.835
887,0,0,0,0,0,0,0,0,0,0,0,0,0,0,0,0,0,0,0,0,0,0,0,0,0,0,0,0,0,0,0,0,0,0,0.0,0.0,0.0,-15.59,206.835
888,7,10,6,8,8,10,0,21,1,3,25,5,19,3,0,23,8,7,7,5,4,3,4,0,20,1,2,8,3,5,1,0,15,1,10.615,38.258,5.056,2.659,94.908
889,4,6,4,7,2,3,0,16,3,1,8,8,8,0,0,7,5,3,4,4,4,2,2,0,16,3,1,2,7,7,0,0,7,1,25.333,83.379,5.11,9.816,69.806
890,16,26,18,25,10,13,0,46,0,5,27,13,19,8,0,24,4,15,10,16,7,1,4,0,40,0,2,9,12,3,6,0,19,1,23.5,92.891,6.365,11.601,53.743
891,0,0,0,0,0,0,0,0,0,0,0,0,0,0,0,0,0,0,0,0,0,0,0,0,0,0,0,0,0,0,0,0,0,0,0.0,0.0,0.0,-15.59,206.835
892,0,0,0,0,0,0,0,0,0,0,0,0,0,0,0,0,0,0,0,0,0,0,0,0,0,0,0,0,0,0,0,0,0,0,0.0,0.0,0.0,-15.59,206.835
893,4,10,6,10,2,5,0,20,2,3,16,1,14,4,1,17,1,4,7,6,3,1,3,0,15,1,2,6,1,6,4,1,14,1,20.2,77.692,5.066,7.126,79.954
894,0,1,0,1,1,1,0,2,1,0,1,0,1,0,0,1,0,0,1,0,1,1,1,0,2,1,0,1,0,1,0,0,1,0,9.0,24.571,2.357,-0.28,113.1
895,1,8,4,5,3,4,0,14,2,3,5,4,7,0,0,6,0,1,5,2,3,2,2,0,12,2,2,2,4,5,0,0,6,0,29.5,120.976,4.327,10.915,69.35
896,12,15,12,16,7,11,0,24,3,7,22,1,16,3,1,23,3,12,7,10,5,4,4,0,19,3,2,5,1,6,3,1,17,1,22.714,90.932,5.383,9.002,70.98
897,3,13,4,11,6,8,1,19,3,6,15,12,13,4,0,15,4,3,7,4,4,3,4,1,16,3,2,5,10,5,3,0,11,2,17.714,60.427,4.953,7.877,70.142
898,0,0,0,0,0,0,0,0,0,0,0,0,2,0,0,1,0,0,0,0,0,0,0,0,0,0,0,0,0,1,0,0,1,0,1.0,12.0,2.121,20.2,-47.98
899,0,0,0,0,0,0,0,0,0,0,0,0,2,0,0,1,0,0,0,0,0,0,0,0,0,0,0,0,0,1,0,0,1,0,1.0,12.0,2.121,20.2,-47.98
900,1,2,1,2,0,0,0,4,0,2,5,0,5,2,0,6,1,1,1,1,1,0,0,0,3,0,1,4,0,3,2,0,6,1,14.0,66.646,3.341,4.62,86.875
901,0,0,0,0,0,0,0,0,0,0,0,0,2,0,0,1,0,0,0,0,0,0,0,0,0,0,0,0,0,1,0,0,1,0,1.0,12.0,2.121,20.2,-47.98
902,37,68,31,39,18,34,2,85,3,13,78,2,43,15,0,64,8,25,15,24,5,3,5,2,58,3,2,16,1,8,10,0,44,1,27.556,110.982,6.699,9.835,73.628
903,0,0,0,0,0,0,0,0,0,0,0,0,0,0,0,0,0,0,0,0,0,0,0,0,0,0,0,0,0,0,0,0,0,0,0.0,0.0,0.0,-15.59,206.835
904,2,2,2,5,1,4,0,10,0,1,6,1,12,2,0,10,1,2,2,1,4,1,4,0,10,0,1,3,1,6,2,0,8,1,15.333,64.943,4.587,1.933,108.511
905,0,0,0,0,0,0,0,0,0,0,0,0,2,0,0,1,0,0,0,0,0,0,0,0,0,0,0,0,0,1,0,0,1,0,1.0,12.0,2.121,20.2,-47.98
906,0,0,0,0,0,0,0,0,0,0,0,0,0,0,0,0,0,0,0,0,0,0,0,0,0,0,0,0,0,0,0,0,0,0,0.0,0.0,0.0,-15.59,206.835
907,0,0,0,0,0,0,0,0,0,0,0,0,2,0,0,1,0,0,0,0,0,0,0,0,0,0,0,0,0,1,0,0,1,0,1.0,12.0,2.121,20.2,-47.98
908,0,0,0,0,0,0,0,0,0,0,0,0,0,0,0,0,0,0,0,0,0,0,0,0,0,0,0,0,0,0,0,0,0,0,0.0,0.0,0.0,-15.59,206.835
909,0,0,0,0,0,0,0,0,0,0,0,0,0,0,0,0,0,0,0,0,0,0,0,0,0,0,0,0,0,0,0,0,0,0,0.0,0.0,0.0,-15.59,206.835
910,0,0,0,0,0,0,0,0,0,0,0,0,2,0,0,1,0,0,0,0,0,0,0,0,0,0,0,0,0,1,0,0,1,0,1.0,12.0,2.121,20.2,-47.98
911,6,16,4,11,6,15,0,29,3,7,15,11,17,4,3,19,2,6,7,2,5,4,5,0,23,3,2,5,8,5,3,1,15,1,29.2,104.801,5.384,9.053,82.167
912,5,17,5,10,6,14,2,27,1,3,15,4,14,2,0,13,2,5,9,5,3,3,4,2,23,1,2,6,4,5,2,0,12,1,15.5,63.407,5.398,6.537,75.801
913,7,11,6,7,7,16,1,32,1,7,18,3,19,5,1,24,3,7,8,6,3,2,6,1,25,1,3,6,3,7,5,1,19,2,18.625,78.95,5.677,8.067,70.399
914,37,48,28,30,21,30,1,93,7,8,57,4,50,10,0,52,7,34,14,25,6,2,4,1,65,5,2,10,4,7,7,0,44,4,22.737,93.432,7.451,9.448,67.824
915,2,3,0,3,0,3,0,5,0,2,7,0,3,0,0,8,0,1,3,0,3,0,2,0,4,0,1,5,0,3,0,0,6,0,16.5,72.633,3.323,8.009,67.033
916,4,4,5,8,0,2,1,12,1,2,8,0,7,1,0,7,5,4,2,5,4,0,2,1,12,1,1,6,0,3,1,0,7,2,15.0,63.603,4.656,6.977,71.76
917,0,0,0,0,0,0,0,0,0,0,0,0,0,0,0,0,0,0,0,0,0,0,0,0,0,0,0,0,0,0,0,0,0,0,0.0,0.0,0.0,-15.59,206.835
918,14,36,18,15,9,19,1,42,3,9,37,10,34,2,1,35,13,13,13,16,8,3,4,1,33,3,2,11,7,14,1,1,27,3,18.929,67.252,6.602,6.041,85.464
919,1,1,1,0,0,1,0,1,0,0,2,0,1,1,0,2,0,1,1,1,0,0,1,0,1,0,0,1,0,1,1,0,2,0,10.0,28.667,2.236,2.47,95.165
920,26,40,38,60,23,43,1,74,5,24,92,2,45,15,0,68,11,26,14,25,10,4,7,1,50,3,2,16,2,5,8,0,39,2,23.727,90.01,6.159,7.498,83.566
921,27,47,30,28,21,22,0,68,2,9,42,3,44,8,0,47,3,24,16,25,9,2,5,0,53,2,2,14,3,6,5,0,38,1,25.571,113.954,7.175,11.621,57.288
922,1,2,0,1,0,3,0,6,2,0,2,1,3,0,0,1,0,1,2,0,1,0,3,0,6,2,0,2,1,1,0,0,1,0,6.333,18.213,3.244,-0.699,111.354
923,31,36,26,39,11,27,1,58,4,21,38,11,46,8,6,48,8,30,11,22,7,3,5,1,46,4,2,8,6,8,4,2,38,1,23.062,95.581,6.957,9.042,71.314
924,6,13,8,14,8,7,0,28,2,4,23,2,17,4,0,16,4,5,8,7,3,3,3,0,22,1,2,6,2,4,4,0,12,1,17.375,66.626,4.798,5.788,84.514
925,5,8,5,11,5,8,1,15,0,3,16,1,11,2,0,15,3,5,6,5,5,2,4,1,13,0,2,9,1,7,2,0,15,1,16.333,62.515,5.357,8.119,65.946
926,17,19,15,14,7,10,0,26,1,5,32,1,14,8,0,16,2,15,11,14,4,2,3,0,18,1,2,8,1,4,6,0,13,1,24.714,93.753,5.43,8.304,79.545
927,4,5,4,7,1,5,0,12,0,4,10,0,8,3,1,10,1,4,5,4,4,1,3,0,11,0,2,7,0,6,2,1,8,1,22.0,96.961,4.961,11.763,49.914
928,16,16,11,15,5,16,1,27,2,9,20,0,16,5,0,22,1,16,10,9,5,2,5,1,23,2,2,6,0,7,5,0,17,1,16.6,69.326,5.927,5.172,87.549
929,16,36,16,24,11,26,1,70,12,18,39,5,35,6,2,46,4,15,13,14,6,3,9,1,45,11,2,11,4,9,4,1,31,1,27.25,110.873,6.687,9.905,72.585
930,0,0,0,0,0,0,0,0,0,0,0,0,0,0,0,0,0,0,0,0,0,0,0,0,0,0,0,0,0,0,0,0,0,0,0.0,0.0,0.0,-15.59,206.835
931,0,0,0,0,0,0,0,0,0,0,0,0,0,0,0,0,0,0,0,0,0,0,0,0,0,0,0,0,0,0,0,0,0,0,0.0,0.0,0.0,-15.59,206.835
932,3,1,3,5,1,1,0,5,0,2,7,0,3,1,0,4,0,3,1,3,2,1,1,0,5,0,2,4,0,1,1,0,4,0,8.25,32.869,3.447,1.573,98.479
933,5,7,2,3,2,5,0,9,1,2,6,5,9,1,0,8,1,5,5,2,2,1,3,0,9,1,1,2,5,4,1,0,8,1,27.5,100.512,4.672,11.226,63.559
934,11,16,11,11,4,20,1,30,0,5,11,4,21,2,0,11,5,10,8,8,4,2,4,1,21,0,3,6,3,8,2,0,8,2,28.4,114.256,5.222,12.023,59.45
935,4,3,1,4,0,4,0,13,0,0,5,7,6,0,0,5,0,4,3,1,3,0,2,0,11,0,0,3,5,4,0,0,5,0,15.333,64.533,4.275,5.781,80.924
936,14,11,14,11,7,10,0,21,1,6,23,1,38,5,0,22,10,12,7,13,4,2,2,0,19,1,3,8,1,11,4,0,17,3,19.5,80.514,5.718,4.193,99.731
937,54,73,28,50,18,51,3,151,7,26,62,60,171,12,40,84,18,29,19,22,8,4,9,3,62,5,3,14,18,11,9,1,44,1,24.75,109.036,6.312,10.0,67.449
938,6,5,2,8,3,5,0,13,0,4,12,0,5,0,0,15,4,6,4,2,4,2,4,0,13,0,2,3,0,3,0,0,12,2,19.25,81.713,4.513,7.855,73.031
939,3,5,1,1,2,4,0,11,0,0,4,1,6,0,0,7,1,3,5,1,1,1,2,0,11,0,0,3,1,4,0,0,7,1,8.0,31.517,4.472,5.525,69.7
940,1,3,1,0,2,3,0,9,1,3,0,0,5,0,1,2,0,1,3,1,0,1,2,0,9,1,1,0,0,4,0,1,2,0,26.0,100.717,3.606,15.881,27.514
941,21,32,13,17,9,17,0,51,2,5,32,9,41,3,0,27,5,17,11,11,5,3,5,0,40,2,2,9,8,7,3,0,23,1,24.3,86.666,6.351,10.64,62.059
942,7,9,3,10,2,13,0,15,0,3,10,2,7,1,0,11,0,7,5,2,4,2,4,0,14,0,2,6,2,3,1,0,9,0,17.2,78.507,4.575,4.702,91.989
943,5,9,2,10,3,7,1,13,0,1,11,6,9,1,0,12,1,4,7,2,5,2,3,1,11,0,1,4,4,4,1,0,9,1,13.667,52.686,4.529,5.138,82.571
944,0,0,0,0,0,0,0,0,0,0,0,0,2,0,0,1,0,0,0,0,0,0,0,0,0,0,0,0,0,1,0,0,1,0,1.0,12.0,2.121,20.2,-47.98
945,13,15,6,19,9,12,0,32,2,11,26,9,27,4,1,19,3,12,7,6,6,3,4,0,22,2,2,6,6,6,3,1,13,1,25.714,92.155,5.218,7.025,90.495
946,122,179,128,160,64,137,3,273,11,72,264,17,234,43,3,242,27,88,30,71,11,4,11,3,153,6,3,29,12,9,19,1,110,2,22.532,92.561,8.726,9.017,70.547
947,0,0,0,0,0,0,0,0,0,0,0,0,0,0,0,0,0,0,0,0,0,0,0,0,0,0,0,0,0,0,0,0,0,0,0.0,0.0,0.0,-15.59,206.835
948,0,0,0,0,0,0,0,0,0,0,0,0,0,0,0,0,0,0,0,0,0,0,0,0,0,0,0,0,0,0,0,0,0,0,0.0,0.0,0.0,-15.59,206.835
949,0,0,0,0,0,0,0,0,0,0,0,0,0,0,0,0,0,0,0,0,0,0,0,0,0,0,0,0,0,0,0,0,0,0,0.0,0.0,0.0,-15.59,206.835
950,0,0,0,0,0,0,0,0,0,0,0,0,0,0,0,0,0,0,0,0,0,0,0,0,0,0,0,0,0,0,0,0,0,0,0.0,0.0,0.0,-15.59,206.835
951,0,0,0,0,0,0,0,0,0,0,0,0,0,0,0,0,0,0,0,0,0,0,0,0,0,0,0,0,0,0,0,0,0,0,0.0,0.0,0.0,-15.59,206.835
952,0,0,0,0,0,0,0,0,0,0,0,0,0,0,0,0,0,0,0,0,0,0,0,0,0,0,0,0,0,0,0,0,0,0,0.0,0.0,0.0,-15.59,206.835
953,0,0,0,0,0,0,0,0,0,0,0,0,2,0,0,1,0,0,0,0,0,0,0,0,0,0,0,0,0,1,0,0,1,0,1.0,6.0,2.121,20.2,-47.98
954,0,0,0,0,0,0,0,0,0,0,0,0,2,0,0,1,0,0,0,0,0,0,0,0,0,0,0,0,0,1,0,0,1,0,1.0,6.0,2.121,20.2,-47.98
955,0,0,0,0,0,0,0,0,0,0,0,0,0,0,0,0,0,0,0,0,0,0,0,0,0,0,0,0,0,0,0,0,0,0,0.0,0.0,0.0,-15.59,206.835
956,0,0,0,0,0,0,0,0,0,0,0,0,2,0,0,1,0,0,0,0,0,0,0,0,0,0,0,0,0,1,0,0,1,0,1.0,6.0,2.121,20.2,-47.98
957,0,0,0,0,0,0,0,0,0,0,0,0,2,0,0,1,0,0,0,0,0,0,0,0,0,0,0,0,0,1,0,0,1,0,1.0,6.0,2.121,20.2,-47.98
958,0,0,0,0,0,0,0,0,0,0,0,0,0,0,0,0,0,0,0,0,0,0,0,0,0,0,0,0,0,0,0,0,0,0,0.0,0.0,0.0,-15.59,206.835
959,0,0,0,0,0,0,0,0,0,0,0,0,2,0,0,1,0,0,0,0,0,0,0,0,0,0,0,0,0,1,0,0,1,0,1.0,6.0,2.121,20.2,-47.98
960,0,0,0,0,0,0,0,0,0,0,0,0,2,0,0,1,0,0,0,0,0,0,0,0,0,0,0,0,0,1,0,0,1,0,1.0,6.0,2.121,20.2,-47.98
961,0,0,0,0,0,0,0,0,0,0,0,0,0,0,0,0,0,0,0,0,0,0,0,0,0,0,0,0,0,0,0,0,0,0,0.0,0.0,0.0,-15.59,206.835
962,0,0,0,0,0,0,0,0,0,0,0,0,0,0,0,0,0,0,0,0,0,0,0,0,0,0,0,0,0,0,0,0,0,0,0.0,0.0,0.0,-15.59,206.835
963,0,0,0,0,0,0,0,0,0,0,0,0,2,0,0,1,0,0,0,0,0,0,0,0,0,0,0,0,0,1,0,0,1,0,1.0,6.0,2.121,20.2,-47.98
964,10,15,7,8,12,8,0,26,0,0,20,2,17,1,0,13,2,9,9,7,3,4,5,0,21,0,0,10,2,2,1,0,13,2,24.8,102.705,5.398,10.069,67.044
965,0,0,0,0,0,0,0,0,0,0,0,0,2,0,0,1,0,0,0,0,0,0,0,0,0,0,0,0,0,1,0,0,1,0,1.0,6.0,2.121,20.2,-47.98
966,46,46,38,21,14,22,1,69,4,31,57,14,47,6,0,73,4,33,16,27,6,3,7,1,50,3,3,15,10,4,6,0,45,1,21.238,82.225,7.165,8.885,69.19
967,0,0,0,0,0,0,0,0,0,0,0,0,2,0,0,1,0,0,0,0,0,0,0,0,0,0,0,0,0,1,0,0,1,0,1.0,6.0,2.121,20.2,-47.98
968,0,0,0,0,0,0,0,0,0,0,0,0,0,0,0,0,0,0,0,0,0,0,0,0,0,0,0,0,0,0,0,0,0,0,0.0,0.0,0.0,-15.59,206.835
969,0,0,0,0,0,0,0,0,0,0,0,0,2,0,0,1,0,0,0,0,0,0,0,0,0,0,0,0,0,1,0,0,1,0,1.0,6.0,2.121,20.2,-47.98
970,0,0,0,0,0,0,0,0,0,0,0,0,2,0,0,1,0,0,0,0,0,0,0,0,0,0,0,0,0,1,0,0,1,0,1.0,6.0,2.121,20.2,-47.98
971,0,0,0,0,0,0,0,0,0,0,0,0,0,0,0,0,0,0,0,0,0,0,0,0,0,0,0,0,0,0,0,0,0,0,0.0,0.0,0.0,-15.59,206.835
972,11,24,10,17,10,19,1,41,1,13,29,9,34,5,2,30,4,10,10,8,6,3,4,1,30,1,3,8,5,7,3,1,17,1,12.611,46.429,5.491,3.623,91.546
973,0,0,0,0,0,0,0,0,0,0,0,0,2,0,0,1,0,0,0,0,0,0,0,0,0,0,0,0,0,1,0,0,1,0,1.0,6.0,2.121,20.2,-47.98
974,0,0,0,0,0,0,0,0,0,0,0,0,2,0,0,1,0,0,0,0,0,0,0,0,0,0,0,0,0,1,0,0,1,0,1.0,6.0,2.121,20.2,-47.98
975,0,0,0,0,0,0,0,0,0,0,0,0,2,0,0,1,0,0,0,0,0,0,0,0,0,0,0,0,0,1,0,0,1,0,1.0,6.0,2.121,20.2,-47.98
976,0,0,0,0,0,0,0,0,0,0,0,0,2,0,0,1,0,0,0,0,0,0,0,0,0,0,0,0,0,1,0,0,1,0,1.0,6.0,2.121,20.2,-47.98
977,0,0,0,0,0,0,0,0,0,0,0,0,2,0,0,1,0,0,0,0,0,0,0,0,0,0,0,0,0,1,0,0,1,0,1.0,6.0,2.121,20.2,-47.98
978,3,5,8,6,4,4,1,13,0,5,14,1,14,1,0,14,3,3,3,6,3,2,3,1,9,0,2,7,1,6,1,0,12,2,10.25,40.165,4.763,3.949,85.007
979,0,0,0,0,0,0,0,0,0,0,0,0,2,0,0,1,0,0,0,0,0,0,0,0,0,0,0,0,0,1,0,0,1,0,1.0,6.0,2.121,20.2,-47.98
980,0,0,0,0,0,0,0,0,0,0,0,0,0,0,0,0,0,0,0,0,0,0,0,0,0,0,0,0,0,0,0,0,0,0,0.0,0.0,0.0,-15.59,206.835
981,0,0,0,0,0,0,0,0,0,0,0,0,2,0,0,1,0,0,0,0,0,0,0,0,0,0,0,0,0,1,0,0,1,0,1.0,6.0,2.121,20.2,-47.98
982,0,0,0,0,0,0,0,0,0,0,0,0,2,0,0,1,0,0,0,0,0,0,0,0,0,0,0,0,0,1,0,0,1,0,1.0,6.0,2.121,20.2,-47.98
983,0,0,0,0,0,0,0,0,0,0,0,0,2,0,0,1,0,0,0,0,0,0,0,0,0,0,0,0,0,1,0,0,1,0,1.0,6.0,2.121,20.2,-47.98
984,0,0,0,0,0,0,0,0,0,0,0,0,0,0,0,0,0,0,0,0,0,0,0,0,0,0,0,0,0,0,0,0,0,0,0.0,0.0,0.0,-15.59,206.835
985,0,0,0,0,0,0,0,0,0,0,0,0,2,0,0,1,0,0,0,0,0,0,0,0,0,0,0,0,0,1,0,0,1,0,1.0,6.0,2.121,20.2,-47.98
986,9,16,2,6,3,9,1,32,2,3,14,6,19,3,1,20,6,8,9,2,4,2,3,1,25,2,1,9,6,7,2,1,18,5,15.0,62.764,6.451,9.227,55.623
987,9,18,5,11,7,15,1,21,1,6,23,1,16,2,0,13,4,8,7,4,3,3,4,1,15,1,2,9,1,7,2,0,9,2,27.4,96.009,4.471,8.705,81.456
988,0,0,0,0,0,0,0,0,0,0,0,0,2,0,0,1,0,0,0,0,0,0,0,0,0,0,0,0,0,1,0,0,1,0,1.0,6.0,2.121,20.2,-47.98
989,0,0,0,0,0,0,0,0,0,0,0,0,0,0,0,0,0,0,0,0,0,0,0,0,0,0,0,0,0,0,0,0,0,0,0.0,0.0,0.0,-15.59,206.835
990,0,0,0,0,0,0,0,0,0,0,0,0,2,0,0,1,0,0,0,0,0,0,0,0,0,0,0,0,0,1,0,0,1,0,1.0,6.0,2.121,20.2,-47.98
991,19,35,42,40,21,30,0,53,1,23,58,3,37,14,0,61,6,13,18,33,7,3,3,0,36,1,2,18,3,8,9,0,43,1,31.308,129.843,6.519,10.334,76.739
992,11,17,9,7,8,15,1,30,3,6,15,2,18,2,0,16,6,10,8,8,4,3,5,1,21,3,2,6,2,6,2,0,12,1,13.455,54.541,5.289,5.364,80.569
993,0,0,0,0,0,0,0,0,0,0,0,0,2,0,0,1,0,0,0,0,0,0,0,0,0,0,0,0,0,1,0,0,1,0,1.0,6.0,2.121,20.2,-47.98
994,15,21,21,18,9,13,1,29,0,9,36,6,26,8,0,30,3,13,11,18,5,4,6,1,20,0,3,12,3,8,5,0,21,1,23.889,101.789,5.932,8.49,76.739
995,0,0,0,0,0,0,0,0,0,0,0,0,2,0,0,1,0,0,0,0,0,0,0,0,0,0,0,0,0,1,0,0,1,0,1.0,12.0,2.121,20.2,-47.98
996,12,15,7,12,5,16,1,32,1,7,14,3,16,4,2,26,1,12,12,7,7,3,5,1,25,1,2,5,3,7,4,1,21,1,26.0,117.805,6.397,11.947,55.714
997,7,5,1,3,2,4,0,11,2,1,5,0,6,0,1,6,1,7,4,1,1,1,3,0,10,1,1,4,0,4,0,1,6,1,16.0,63.806,4.491,6.137,79.558
998,0,0,0,0,0,0,0,0,0,0,0,0,2,0,0,1,0,0,0,0,0,0,0,0,0,0,0,0,0,1,0,0,1,0,1.0,6.0,2.121,20.2,-47.98
999,0,0,0,0,0,0,0,0,0,0,0,0,2,0,0,1,0,0,0,0,0,0,0,0,0,0,0,0,0,1,0,0,1,0,1.0,6.0,2.121,20.2,-47.98
1000,0,0,0,0,0,0,0,0,0,0,0,0,2,0,0,1,0,0,0,0,0,0,0,0,0,0,0,0,0,1,0,0,1,0,1.0,6.0,2.121,20.2,-47.98
1001,0,0,0,0,0,0,0,0,0,0,0,0,2,0,0,1,0,0,0,0,0,0,0,0,0,0,0,0,0,1,0,0,1,0,1.0,6.0,2.121,20.2,-47.98
1002,49,72,37,31,45,45,0,163,10,16,63,29,111,13,8,73,13,41,19,26,8,4,9,0,116,8,3,13,25,12,9,1,49,1,29.818,121.926,9.055,14.531,43.995
1003,0,0,0,0,0,0,0,0,0,0,0,0,2,0,0,1,0,0,0,0,0,0,0,0,0,0,0,0,0,1,0,0,1,0,1.0,6.0,2.121,20.2,-47.98
1004,0,0,0,0,0,0,0,0,0,0,0,0,2,0,0,1,0,0,0,0,0,0,0,0,0,0,0,0,0,1,0,0,1,0,1.0,12.0,2.121,20.2,-47.98
1005,10,17,12,16,8,15,0,28,1,6,23,1,19,7,0,28,2,9,11,10,7,4,4,0,25,1,2,11,1,6,2,0,24,1,28.833,114.558,6.075,10.115,73.897
1006,0,0,0,0,0,0,0,0,0,0,0,0,2,0,0,1,0,0,0,0,0,0,0,0,0,0,0,0,0,1,0,0,1,0,1.0,6.0,2.121,20.2,-47.98
1007,0,0,0,0,0,0,0,0,0,0,0,0,2,0,0,1,0,0,0,0,0,0,0,0,0,0,0,0,0,1,0,0,1,0,1.0,12.0,2.121,20.2,-47.98
1008,0,0,0,0,0,0,0,0,0,0,0,0,2,0,0,1,0,0,0,0,0,0,0,0,0,0,0,0,0,1,0,0,1,0,1.0,6.0,2.121,20.2,-47.98
1009,0,0,0,0,0,0,0,0,0,0,0,0,2,0,0,1,0,0,0,0,0,0,0,0,0,0,0,0,0,1,0,0,1,0,1.0,6.0,2.121,20.2,-47.98
1010,0,0,0,0,0,0,0,0,0,0,0,0,0,0,0,0,0,0,0,0,0,0,0,0,0,0,0,0,0,0,0,0,0,0,0.0,0.0,0.0,-15.59,206.835
1011,14,11,4,13,9,13,0,24,1,6,16,6,18,4,0,16,1,10,6,4,3,5,5,0,17,1,2,5,5,5,4,0,11,1,19.571,76.27,4.954,8.322,70.259
1012,0,0,0,0,0,0,0,0,0,0,0,0,2,0,0,1,0,0,0,0,0,0,0,0,0,0,0,0,0,1,0,0,1,0,1.0,6.0,2.121,20.2,-47.98
1013,20,16,8,22,7,19,1,38,2,7,24,0,18,5,0,20,3,15,7,6,4,3,6,1,27,2,2,8,0,4,4,0,18,1,16.0,68.848,5.409,6.445,77.354
1014,10,13,8,13,4,6,0,14,0,7,12,8,16,4,0,13,7,8,7,8,4,3,4,0,14,0,2,6,7,5,4,0,12,2,15.125,54.36,5.528,5.619,81.713
1015,9,9,3,12,8,9,0,18,0,4,22,1,17,0,0,14,1,8,4,3,5,2,3,0,15,0,2,10,1,5,0,0,10,1,15.714,59.228,4.517,5.128,86.289
1016,0,0,0,0,0,0,0,0,0,0,0,0,2,0,0,1,0,0,0,0,0,0,0,0,0,0,0,0,0,1,0,0,1,0,1.0,6.0,2.121,20.2,-47.98
1017,0,0,0,0,0,0,0,0,0,0,0,0,2,0,0,1,0,0,0,0,0,0,0,0,0,0,0,0,0,1,0,0,1,0,1.0,6.0,2.121,20.2,-47.98
1018,0,0,0,0,0,0,0,0,0,0,0,0,2,0,0,1,0,0,0,0,0,0,0,0,0,0,0,0,0,1,0,0,1,0,1.0,6.0,2.121,20.2,-47.98
1019,15,30,20,10,10,12,0,35,5,5,28,4,21,11,1,26,2,14,11,19,2,4,3,0,29,5,2,10,4,5,7,1,15,1,21.3,85.722,6.202,8.727,70.43
1020,0,0,0,0,0,0,0,0,0,0,0,0,2,0,0,1,0,0,0,0,0,0,0,0,0,0,0,0,0,1,0,0,1,0,1.0,12.0,2.121,20.2,-47.98
1021,0,0,0,0,0,0,0,0,0,0,0,0,2,0,0,1,0,0,0,0,0,0,0,0,0,0,0,0,0,1,0,0,1,0,1.0,6.0,2.121,20.2,-47.98
1022,0,0,0,0,0,0,0,0,0,0,0,0,2,0,0,1,0,0,0,0,0,0,0,0,0,0,0,0,0,1,0,0,1,0,1.0,6.0,2.121,20.2,-47.98
1023,0,0,0,0,0,0,0,0,0,0,0,0,0,0,0,0,0,0,0,0,0,0,0,0,0,0,0,0,0,0,0,0,0,0,0.0,0.0,0.0,-15.59,206.835
1024,0,0,0,0,0,0,0,0,0,0,0,0,0,0,0,0,0,0,0,0,0,0,0,0,0,0,0,0,0,0,0,0,0,0,0.0,0.0,0.0,-15.59,206.835
1025,0,0,0,0,0,0,0,0,0,0,0,0,2,0,0,1,0,0,0,0,0,0,0,0,0,0,0,0,0,1,0,0,1,0,1.0,6.0,2.121,20.2,-47.98
1026,5,7,6,9,2,5,1,18,0,4,17,0,11,4,0,15,4,4,6,6,4,2,3,1,15,0,2,9,0,5,3,0,11,2,16.167,69.048,5.098,4.461,91.871
1027,3,5,2,5,3,2,0,9,0,1,5,1,6,2,0,9,1,3,4,2,2,1,2,0,7,0,1,3,1,3,1,0,7,1,16.0,63.535,3.878,8.596,61.933
1028,0,0,0,0,0,0,0,0,0,0,0,0,0,0,0,0,0,0,0,0,0,0,0,0,0,0,0,0,0,0,0,0,0,0,0.0,0.0,0.0,-15.59,206.835
1029,10,7,6,7,2,7,0,12,1,3,11,3,9,5,0,10,2,10,4,6,2,1,5,0,10,1,2,6,3,3,3,0,8,2,28.667,116.693,4.88,10.82,68.545
1030,0,0,0,0,0,0,0,0,0,0,0,0,2,0,0,1,0,0,0,0,0,0,0,0,0,0,0,0,0,1,0,0,1,0,1.0,6.0,2.121,20.2,-47.98
1031,0,0,0,0,0,0,0,0,0,0,0,0,0,0,0,0,0,0,0,0,0,0,0,0,0,0,0,0,0,0,0,0,0,0,0.0,0.0,0.0,-15.59,206.835
1032,0,0,0,0,0,0,0,0,0,0,0,0,0,0,0,0,0,0,0,0,0,0,0,0,0,0,0,0,0,0,0,0,0,0,0.0,0.0,0.0,-15.59,206.835
1033,0,0,0,0,0,0,0,0,0,0,0,0,0,0,0,0,0,0,0,0,0,0,0,0,0,0,0,0,0,0,0,0,0,0,0.0,0.0,0.0,-15.59,206.835
1034,0,0,0,0,0,0,0,0,0,0,0,0,2,0,0,1,0,0,0,0,0,0,0,0,0,0,0,0,0,1,0,0,1,0,1.0,6.0,2.121,20.2,-47.98
1035,0,0,0,0,0,0,0,0,0,0,0,0,2,0,0,1,0,0,0,0,0,0,0,0,0,0,0,0,0,1,0,0,1,0,1.0,6.0,2.121,20.2,-47.98
1036,0,0,0,0,0,0,0,0,0,0,0,0,2,0,0,1,0,0,0,0,0,0,0,0,0,0,0,0,0,1,0,0,1,0,1.0,6.0,2.121,20.2,-47.98
1037,0,0,0,0,0,0,0,0,0,0,0,0,2,0,0,1,0,0,0,0,0,0,0,0,0,0,0,0,0,1,0,0,1,0,1.0,6.0,2.121,20.2,-47.98
1038,0,0,0,0,0,0,0,0,0,0,0,0,2,0,0,1,0,0,0,0,0,0,0,0,0,0,0,0,0,1,0,0,1,0,1.0,6.0,2.121,20.2,-47.98
1039,0,0,0,0,0,0,0,0,0,0,0,0,0,0,0,0,0,0,0,0,0,0,0,0,0,0,0,0,0,0,0,0,0,0,0.0,0.0,0.0,-15.59,206.835
1040,0,0,0,0,0,0,0,0,0,0,0,0,2,0,0,1,0,0,0,0,0,0,0,0,0,0,0,0,0,1,0,0,1,0,1.0,6.0,2.121,20.2,-47.98
1041,0,6,3,5,2,0,1,5,0,0,10,0,5,0,0,7,2,0,3,3,4,1,0,1,5,0,0,6,0,3,0,0,6,1,13.667,60.681,3.644,6.145,75.349
1042,0,0,0,0,0,0,0,0,0,0,0,0,2,0,0,1,0,0,0,0,0,0,0,0,0,0,0,0,0,1,0,0,1,0,1.0,6.0,2.121,20.2,-47.98
1043,20,25,19,15,9,19,1,32,5,4,30,3,25,3,0,31,5,17,9,14,5,3,6,1,21,3,2,11,1,4,3,0,20,1,13.0,45.611,5.47,4.27,87.603
1044,0,0,0,0,0,0,0,0,0,0,0,0,0,0,0,0,0,0,0,0,0,0,0,0,0,0,0,0,0,0,0,0,0,0,0.0,0.0,0.0,-15.59,206.835
1045,0,0,0,0,0,0,0,0,0,0,0,0,0,0,0,0,0,0,0,0,0,0,0,0,0,0,0,0,0,0,0,0,0,0,0.0,0.0,0.0,-15.59,206.835
1046,0,0,0,0,0,0,0,0,0,0,0,0,2,0,0,1,0,0,0,0,0,0,0,0,0,0,0,0,0,1,0,0,1,0,1.0,6.0,2.121,20.2,-47.98
1047,25,27,22,18,14,17,2,45,4,10,48,2,29,6,0,28,4,18,13,19,4,3,4,2,36,4,3,12,2,7,4,0,24,2,19.5,74.163,6.462,6.581,82.61
1048,0,0,0,0,0,0,0,0,0,0,0,0,2,0,0,1,0,0,0,0,0,0,0,0,0,0,0,0,0,1,0,0,1,0,1.0,6.0,2.121,20.2,-47.98
1049,0,0,0,0,0,0,0,0,0,0,0,0,2,0,0,1,0,0,0,0,0,0,0,0,0,0,0,0,0,1,0,0,1,0,1.0,6.0,2.121,20.2,-47.98
1050,0,0,0,0,0,0,0,0,0,0,0,0,2,0,0,1,0,0,0,0,0,0,0,0,0,0,0,0,0,1,0,0,1,0,1.0,6.0,2.121,20.2,-47.98
1051,0,0,0,0,0,0,0,0,0,0,0,0,2,0,0,1,0,0,0,0,0,0,0,0,0,0,0,0,0,1,0,0,1,0,1.0,6.0,2.121,20.2,-47.98
1052,0,0,0,0,0,0,0,0,0,0,0,0,0,0,0,0,0,0,0,0,0,0,0,0,0,0,0,0,0,0,0,0,0,0,0.0,0.0,0.0,-15.59,206.835
1053,8,6,3,9,2,3,0,5,0,5,15,0,5,1,0,9,0,6,4,3,3,2,2,0,5,0,2,5,0,1,1,0,9,0,11.0,38.113,3.656,1.573,103.379
1054,0,0,0,0,0,0,0,0,0,0,0,0,0,0,0,0,0,0,0,0,0,0,0,0,0,0,0,0,0,0,0,0,0,0,0.0,0.0,0.0,-15.59,206.835
1055,8,8,8,14,3,11,0,31,3,8,21,2,15,7,0,20,2,6,6,6,4,1,4,0,22,3,2,5,2,5,5,0,14,2,13.273,51.211,4.857,3.488,93.697
1056,0,0,0,0,0,0,0,0,0,0,0,0,0,0,0,0,0,0,0,0,0,0,0,0,0,0,0,0,0,0,0,0,0,0,0.0,0.0,0.0,-15.59,206.835
1057,0,2,1,1,0,2,0,4,0,0,1,0,1,1,0,1,0,0,2,1,1,0,2,0,4,0,0,1,0,1,1,0,1,0,13.0,56.667,2.746,9.449,50.471
1058,0,0,0,0,0,0,0,0,0,0,0,0,2,0,0,1,0,0,0,0,0,0,0,0,0,0,0,0,0,1,0,0,1,0,1.0,6.0,2.121,20.2,-47.98
1059,0,0,0,0,0,0,0,0,0,0,0,0,2,0,0,1,0,0,0,0,0,0,0,0,0,0,0,0,0,1,0,0,1,0,1.0,6.0,2.121,20.2,-47.98
1060,2,11,5,9,6,3,0,14,0,2,18,0,15,4,0,15,3,2,10,5,4,3,2,0,11,0,1,8,0,7,3,0,13,2,15.5,58.972,5.206,6.315,77.393
1061,0,0,0,0,0,0,0,0,0,0,0,0,2,0,0,1,0,0,0,0,0,0,0,0,0,0,0,0,0,1,0,0,1,0,1.0,6.0,2.121,20.2,-47.98
1062,0,0,0,0,0,0,0,0,0,0,0,0,2,0,0,1,0,0,0,0,0,0,0,0,0,0,0,0,0,1,0,0,1,0,1.0,6.0,2.121,20.2,-47.98
1063,15,15,23,18,9,11,0,28,1,10,41,1,17,6,1,33,1,13,10,12,3,2,3,0,26,1,2,7,1,4,4,1,22,1,12.412,46.603,5.257,3.679,90.793
1064,0,0,0,0,0,0,0,0,0,0,0,0,2,0,0,1,0,0,0,0,0,0,0,0,0,0,0,0,0,1,0,0,1,0,1.0,6.0,2.121,20.2,-47.98
1065,11,13,12,12,5,9,0,25,0,4,19,7,9,4,0,21,1,11,6,10,5,3,4,0,19,0,2,7,5,2,3,0,16,1,17.75,72.912,5.459,8.202,67.876
1066,0,0,0,0,0,0,0,0,0,0,0,0,2,0,0,1,0,0,0,0,0,0,0,0,0,0,0,0,0,1,0,0,1,0,1.0,6.0,2.121,20.2,-47.98
1067,0,0,0,0,0,0,0,0,0,0,0,0,2,0,0,1,0,0,0,0,0,0,0,0,0,0,0,0,0,1,0,0,1,0,1.0,6.0,2.121,20.2,-47.98
1068,0,0,0,0,0,0,0,0,0,0,0,0,2,0,0,1,0,0,0,0,0,0,0,0,0,0,0,0,0,1,0,0,1,0,1.0,6.0,2.121,20.2,-47.98
1069,0,0,0,0,0,0,0,0,0,0,0,0,2,0,0,1,0,0,0,0,0,0,0,0,0,0,0,0,0,1,0,0,1,0,1.0,6.0,2.121,20.2,-47.98
1070,5,10,5,7,6,3,0,17,0,7,6,8,14,2,0,11,3,5,8,5,3,3,3,0,17,0,2,5,8,5,2,0,9,2,14.833,57.966,5.696,5.177,84.366
1071,0,0,0,0,0,0,0,0,0,0,0,0,2,0,0,1,0,0,0,0,0,0,0,0,0,0,0,0,0,1,0,0,1,0,1.0,6.0,2.121,20.2,-47.98
1072,0,0,0,0,0,0,0,0,0,0,0,0,2,0,0,1,0,0,0,0,0,0,0,0,0,0,0,0,0,1,0,0,1,0,1.0,6.0,2.121,20.2,-47.98
1073,0,0,0,0,0,0,0,0,0,0,0,0,2,0,0,1,0,0,0,0,0,0,0,0,0,0,0,0,0,1,0,0,1,0,1.0,6.0,2.121,20.2,-47.98
1074,0,0,0,0,0,0,0,0,0,0,0,0,2,0,0,1,0,0,0,0,0,0,0,0,0,0,0,0,0,1,0,0,1,0,1.0,6.0,2.121,20.2,-47.98
1075,0,0,0,0,0,0,0,0,0,0,0,0,2,0,0,1,0,0,0,0,0,0,0,0,0,0,0,0,0,1,0,0,1,0,1.0,6.0,2.121,20.2,-47.98
1076,0,0,0,0,0,0,0,0,0,0,0,0,2,0,0,1,0,0,0,0,0,0,0,0,0,0,0,0,0,1,0,0,1,0,1.0,6.0,2.121,20.2,-47.98
1077,5,20,15,8,2,11,0,28,1,3,25,2,23,4,0,24,2,4,11,13,2,1,5,0,25,1,1,11,2,6,4,0,22,1,13.636,55.752,5.889,5.147,82.45
1078,0,0,0,0,0,0,0,0,0,0,0,0,2,0,0,1,0,0,0,0,0,0,0,0,0,0,0,0,0,1,0,0,1,0,1.0,6.0,2.121,20.2,-47.98
1079,9,20,7,8,4,11,1,26,2,5,17,14,18,4,0,16,4,9,8,6,3,2,3,1,19,2,2,5,12,4,1,0,12,1,14.8,49.21,5.115,8.679,59.197
1080,0,0,0,0,0,0,0,0,0,0,0,0,0,0,0,0,0,0,0,0,0,0,0,0,0,0,0,0,0,0,0,0,0,0,0.0,0.0,0.0,-15.59,206.835
1081,0,0,0,0,0,0,0,0,0,0,0,0,2,0,0,1,0,0,0,0,0,0,0,0,0,0,0,0,0,1,0,0,1,0,1.0,6.0,2.121,20.2,-47.98
1082,67,100,32,59,39,78,1,145,2,19,106,45,81,20,1,84,12,41,13,23,8,2,10,1,96,2,2,20,29,8,10,1,67,2,26.161,107.767,7.946,13.077,47.905
1083,0,0,0,0,0,0,0,0,0,0,0,0,2,0,0,1,0,0,0,0,0,0,0,0,0,0,0,0,0,1,0,0,1,0,1.0,6.0,2.121,20.2,-47.98
1084,4,3,4,9,2,8,0,16,1,6,12,5,9,0,0,12,3,4,3,4,4,1,2,0,16,1,2,7,5,4,0,0,12,2,14.167,56.792,5.062,6.594,73.021
1085,0,0,0,0,0,0,0,0,0,0,0,0,2,0,0,1,0,0,0,0,0,0,0,0,0,0,0,0,0,1,0,0,1,0,1.0,12.0,2.121,20.2,-47.98
1086,0,0,0,0,0,0,0,0,0,0,0,0,2,0,0,1,0,0,0,0,0,0,0,0,0,0,0,0,0,1,0,0,1,0,1.0,6.0,2.121,20.2,-47.98
1087,0,0,0,0,0,0,0,0,0,0,0,0,2,0,0,1,0,0,0,0,0,0,0,0,0,0,0,0,0,1,0,0,1,0,1.0,6.0,2.121,20.2,-47.98
1088,23,31,26,34,16,10,0,54,2,13,56,0,44,13,0,44,6,22,9,22,6,3,4,0,42,2,2,13,0,7,7,0,38,1,13.08,53.555,6.765,5.678,77.654
1089,0,0,0,0,0,0,0,0,0,0,0,0,0,0,0,0,0,0,0,0,0,0,0,0,0,0,0,0,0,0,0,0,0,0,0.0,0.0,0.0,-15.59,206.835
1090,0,0,0,0,0,0,0,0,0,0,0,0,2,0,0,1,0,0,0,0,0,0,0,0,0,0,0,0,0,1,0,0,1,0,1.0,6.0,2.121,20.2,-47.98
1091,0,0,0,0,0,0,0,0,0,0,0,0,0,0,0,0,0,0,0,0,0,0,0,0,0,0,0,0,0,0,0,0,0,0,0.0,0.0,0.0,-15.59,206.835
1092,0,0,0,0,0,0,0,0,0,0,0,0,2,0,0,1,0,0,0,0,0,0,0,0,0,0,0,0,0,1,0,0,1,0,1.0,6.0,2.121,20.2,-47.98
1093,0,0,0,0,0,0,0,0,0,0,0,0,2,0,0,1,0,0,0,0,0,0,0,0,0,0,0,0,0,1,0,0,1,0,1.0,6.0,2.121,20.2,-47.98
1094,0,0,0,0,0,0,0,0,0,0,0,0,2,0,0,1,0,0,0,0,0,0,0,0,0,0,0,0,0,1,0,0,1,0,1.0,6.0,2.121,20.2,-47.98
1095,0,0,0,0,0,0,0,0,0,0,0,0,2,0,0,1,0,0,0,0,0,0,0,0,0,0,0,0,0,1,0,0,1,0,1.0,6.0,2.121,20.2,-47.98
1096,0,0,0,0,0,0,0,0,0,0,0,0,0,0,0,0,0,0,0,0,0,0,0,0,0,0,0,0,0,0,0,0,0,0,0.0,0.0,0.0,-15.59,206.835
1097,33,45,35,38,32,47,3,100,7,15,87,7,101,18,1,84,10,25,19,27,9,4,8,3,70,6,3,17,6,14,7,1,62,2,16.5,66.728,8.09,6.705,76.383
1098,0,0,0,0,0,0,0,0,0,0,0,0,2,0,0,1,0,0,0,0,0,0,0,0,0,0,0,0,0,1,0,0,1,0,1.0,6.0,2.121,20.2,-47.98
1099,0,0,0,0,0,0,0,0,0,0,0,0,2,0,0,1,0,0,0,0,0,0,0,0,0,0,0,0,0,1,0,0,1,0,1.0,6.0,2.121,20.2,-47.98
1100,7,12,5,8,6,7,0,18,0,7,12,1,9,3,0,17,1,7,8,5,5,3,2,0,17,0,2,4,1,4,3,0,15,1,34.667,152.321,5.131,14.042,56.137
1101,7,10,10,7,3,13,0,20,0,3,12,0,13,3,0,12,2,7,7,8,3,3,4,0,15,0,1,5,0,4,3,0,10,2,14.571,56.457,4.901,5.826,79.245
1102,0,0,0,0,0,0,0,0,0,0,0,0,2,0,0,1,0,0,0,0,0,0,0,0,0,0,0,0,0,1,0,0,1,0,1.0,6.0,2.121,20.2,-47.98
1103,0,0,0,0,0,0,0,0,0,0,0,0,0,0,0,0,0,0,0,0,0,0,0,0,0,0,0,0,0,0,0,0,0,0,0.0,0.0,0.0,-15.59,206.835
1104,17,22,16,15,8,20,0,43,0,7,25,1,32,7,0,35,7,13,10,13,6,3,7,0,31,0,2,9,1,8,6,0,27,2,20.455,89.584,6.27,9.117,66.13
1105,0,0,0,0,0,0,0,0,0,0,0,0,2,0,0,1,0,0,0,0,0,0,0,0,0,0,0,0,0,1,0,0,1,0,1.0,6.0,2.121,20.2,-47.98
1106,0,0,0,0,0,0,0,0,0,0,0,0,2,0,0,1,0,0,0,0,0,0,0,0,0,0,0,0,0,1,0,0,1,0,1.0,6.0,2.121,20.2,-47.98
1107,9,17,7,9,4,5,0,28,0,5,20,0,16,4,1,19,2,9,9,6,3,3,3,0,16,0,2,5,0,6,4,1,13,1,25.8,105.579,4.794,11.852,56.043
1108,0,0,0,0,0,0,0,0,0,0,0,0,2,0,0,1,0,0,0,0,0,0,0,0,0,0,0,0,0,1,0,0,1,0,1.0,6.0,2.121,20.2,-47.98
1109,0,0,0,0,0,0,0,0,0,0,0,0,2,0,0,1,0,0,0,0,0,0,0,0,0,0,0,0,0,1,0,0,1,0,1.0,12.0,2.121,20.2,-47.98
1110,7,11,3,4,2,4,0,13,0,4,10,1,5,1,1,7,0,6,6,3,3,2,3,0,10,0,1,5,1,3,1,1,7,0,22.333,91.11,4.319,10.38,60.423
1111,0,0,0,0,0,0,0,0,0,0,0,0,0,0,0,0,0,0,0,0,0,0,0,0,0,0,0,0,0,0,0,0,0,0,0.0,0.0,0.0,-15.59,206.835
1112,17,16,17,17,12,11,0,41,4,24,52,0,23,7,0,44,2,16,9,12,3,4,3,0,30,4,2,11,0,6,5,0,28,1,16.562,67.018,5.56,5.386,85.95
1113,0,0,0,0,0,0,0,0,0,0,0,0,2,0,0,1,0,0,0,0,0,0,0,0,0,0,0,0,0,1,0,0,1,0,1.0,6.0,2.121,20.2,-47.98
1114,0,0,0,0,0,0,0,0,0,0,0,0,2,0,0,1,0,0,0,0,0,0,0,0,0,0,0,0,0,1,0,0,1,0,1.0,6.0,2.121,20.2,-47.98
1115,0,0,0,0,0,0,0,0,0,0,0,0,2,0,0,1,0,0,0,0,0,0,0,0,0,0,0,0,0,1,0,0,1,0,1.0,6.0,2.121,20.2,-47.98
1116,36,55,31,39,23,23,2,81,9,26,87,4,62,18,1,78,8,33,16,19,7,3,10,2,61,7,2,16,3,8,5,1,47,4,27.368,109.52,7.194,10.583,67.937
1117,0,0,0,0,0,0,0,0,0,0,0,0,0,0,0,0,0,0,0,0,0,0,0,0,0,0,0,0,0,0,0,0,0,0,0.0,0.0,0.0,-15.59,206.835
1118,3,3,2,6,2,4,0,12,1,1,9,0,6,0,0,8,1,2,3,2,3,2,3,0,6,1,1,8,0,5,0,0,7,1,17.333,72.927,4.118,8.416,65.596
1119,27,28,22,31,19,19,1,49,4,17,49,2,42,4,1,40,7,24,12,13,7,3,5,1,34,4,2,19,2,6,2,1,28,1,15.095,60.329,6.076,4.182,91.968
1120,0,0,0,0,0,0,0,0,0,0,0,0,0,0,0,0,0,0,0,0,0,0,0,0,0,0,0,0,0,0,0,0,0,0,0.0,0.0,0.0,-15.59,206.835
1121,0,0,0,0,0,0,0,0,0,0,0,0,0,0,0,0,0,0,0,0,0,0,0,0,0,0,0,0,0,0,0,0,0,0,0.0,0.0,0.0,-15.59,206.835
1122,0,0,0,0,0,0,0,0,0,0,0,0,2,0,0,1,0,0,0,0,0,0,0,0,0,0,0,0,0,1,0,0,1,0,1.0,6.0,2.121,20.2,-47.98
1123,13,11,0,10,7,8,0,30,3,5,15,0,21,3,0,16,1,12,8,0,4,3,4,0,28,3,2,4,0,8,3,0,15,1,20.167,93.491,5.914,10.609,54.921
1124,14,9,6,15,8,13,0,24,3,6,15,0,15,0,0,16,1,13,6,6,4,3,5,0,16,3,2,7,0,6,0,0,15,1,18.571,73.036,5.271,6.902,78.656
1125,0,0,0,0,0,0,0,0,0,0,0,0,2,0,0,1,0,0,0,0,0,0,0,0,0,0,0,0,0,1,0,0,1,0,1.0,12.0,2.121,20.2,-47.98
1126,5,9,5,6,3,13,0,19,1,3,6,1,7,2,0,9,2,5,7,5,4,2,3,0,17,1,1,3,1,4,2,0,8,1,21.0,79.858,4.706,7.631,77.756
1127,0,0,0,0,0,0,0,0,0,0,0,0,0,0,0,0,0,0,0,0,0,0,0,0,0,0,0,0,0,0,0,0,0,0,0.0,0.0,0.0,-15.59,206.835
1128,16,17,13,16,10,15,0,37,0,6,37,0,22,7,0,35,2,15,12,12,7,3,6,0,33,0,2,11,0,7,6,0,27,1,20.8,92.093,6.668,8.123,73.872
1129,16,26,9,21,10,13,1,41,0,12,49,11,26,9,2,47,2,13,7,9,5,5,6,1,35,0,2,12,6,8,6,1,29,1,22.25,89.23,5.972,8.202,75.887
1130,0,0,0,0,0,0,0,0,0,0,0,0,2,0,0,1,0,0,0,0,0,0,0,0,0,0,0,0,0,1,0,0,1,0,1.0,12.0,2.121,20.2,-47.98
1131,14,16,18,22,9,16,0,35,2,8,41,6,28,9,1,36,5,13,11,14,6,3,3,0,28,2,2,11,6,6,4,1,26,2,18.231,69.744,6.017,5.859,85.526
1132,0,0,0,0,0,0,0,0,0,0,0,0,2,0,0,1,0,0,0,0,0,0,0,0,0,0,0,0,0,1,0,0,1,0,1.0,12.0,2.121,20.2,-47.98
1133,0,0,0,0,0,0,0,0,0,0,0,0,0,0,0,0,0,0,0,0,0,0,0,0,0,0,0,0,0,0,0,0,0,0,0.0,0.0,0.0,-15.59,206.835
1134,1,1,1,1,1,0,0,8,1,0,1,0,1,1,0,2,0,1,1,1,1,1,0,0,7,1,0,1,0,1,1,0,2,0,9.0,43.028,3.0,4.964,75.5
1135,42,54,34,36,25,34,3,83,4,22,110,1,79,13,3,75,8,36,17,25,8,2,10,3,56,3,2,21,1,7,9,1,42,2,31.941,134.825,6.949,12.448,62.705
1136,25,22,17,19,7,14,0,46,1,8,20,3,36,5,1,28,4,22,11,13,6,4,4,0,38,1,3,9,3,8,4,1,22,2,31.286,132.176,7.024,12.991,57.644
1137,0,0,0,0,0,0,0,0,0,0,0,0,2,0,0,1,0,0,0,0,0,0,0,0,0,0,0,0,0,1,0,0,1,0,1.0,12.0,2.121,20.2,-47.98
1138,5,5,5,7,4,4,0,15,1,2,8,0,6,4,0,10,3,5,4,5,2,2,4,0,13,1,2,3,0,3,3,0,9,2,18.25,66.004,4.8,7.369,74.739
1139,76,115,86,105,33,94,0,189,21,43,169,18,120,38,1,163,14,54,23,51,9,3,11,0,108,13,3,24,12,5,13,1,75,2,23.28,96.313,7.855,8.817,73.313
1140,5,7,5,3,1,2,0,11,0,0,6,0,4,2,0,7,0,5,5,5,3,1,2,0,9,0,0,4,0,2,2,0,7,0,16.0,72.767,4.491,8.104,65.457
1141,16,25,6,23,10,29,0,57,7,11,34,3,35,6,0,35,3,13,13,4,5,3,8,0,35,5,2,6,2,7,5,0,29,1,13.947,59.065,5.907,6.325,74.558
1142,2,0,1,3,1,0,0,0,0,0,4,0,3,1,0,1,0,2,0,1,1,1,0,0,0,0,0,2,0,2,1,0,1,0,13.0,40.533,2.157,2.188,102.532
1143,0,0,0,0,0,0,0,0,0,0,0,0,2,0,0,1,0,0,0,0,0,0,0,0,0,0,0,0,0,1,0,0,1,0,1.0,12.0,2.121,20.2,-47.98
1144,1,4,2,7,1,1,1,6,0,1,8,0,9,2,0,8,1,1,2,2,4,1,1,1,6,0,1,5,0,6,2,0,8,1,10.75,45.915,4.313,2.598,95.584
1145,31,33,14,14,9,22,0,45,7,4,27,17,29,5,0,27,4,27,13,11,5,3,5,0,36,6,2,6,13,7,4,0,19,1,25.9,89.926,6.678,8.953,77.001
1146,33,68,31,37,20,62,2,124,4,36,110,1,62,16,0,113,11,24,19,24,10,2,8,2,74,3,4,18,1,7,9,0,54,3,20.242,79.526,6.703,7.761,75.473
1147,0,0,0,0,0,0,0,0,0,0,0,0,0,0,0,0,0,0,0,0,0,0,0,0,0,0,0,0,0,0,0,0,0,0,0.0,0.0,0.0,-15.59,206.835
1148,0,0,0,0,0,0,0,0,0,0,0,0,2,0,0,1,0,0,0,0,0,0,0,0,0,0,0,0,0,1,0,0,1,0,1.0,12.0,2.121,20.2,-47.98
1149,0,0,0,0,0,0,0,0,0,0,0,0,2,0,0,1,0,0,0,0,0,0,0,0,0,0,0,0,0,1,0,0,1,0,1.0,12.0,2.121,20.2,-47.98
1150,0,0,0,0,0,0,0,0,0,0,0,0,2,0,0,1,0,0,0,0,0,0,0,0,0,0,0,0,0,1,0,0,1,0,1.0,12.0,2.121,20.2,-47.98
1151,12,22,10,16,9,11,0,44,4,12,23,23,33,3,6,30,1,11,8,9,4,3,4,0,27,3,3,6,18,7,3,1,24,1,22.0,81.277,6.245,11.709,50.299
1152,0,0,0,0,0,0,0,0,0,0,0,0,2,0,0,1,0,0,0,0,0,0,0,0,0,0,0,0,0,1,0,0,1,0,1.0,12.0,2.121,20.2,-47.98
1153,6,22,6,16,4,10,2,21,0,9,30,5,21,7,1,24,5,6,10,6,4,2,3,2,21,0,2,12,3,9,2,1,19,3,20.875,87.912,5.417,6.188,87.876
1154,26,55,45,46,16,50,1,83,9,21,68,8,61,11,0,73,13,23,17,30,8,4,8,1,59,7,2,13,7,8,8,0,50,4,17.467,64.163,7.29,4.801,91.752
1155,4,2,2,5,1,3,0,4,0,1,5,0,3,1,1,5,1,4,2,2,3,1,1,0,4,0,1,4,0,2,1,1,5,1,34.0,158.867,3.759,13.288,60.354
1156,11,14,6,14,6,14,0,21,1,6,14,7,13,4,0,15,0,9,9,6,4,2,7,0,17,1,3,8,4,5,3,0,11,0,26.6,105.277,5.028,12.706,51.346
1157,3,3,6,6,2,4,0,11,0,1,16,1,7,1,1,11,0,3,3,6,3,2,3,0,11,0,1,9,1,3,1,1,8,0,16.25,75.999,4.561,6.541,77.107
1158,1,5,2,4,2,1,0,3,0,1,3,0,2,1,0,3,0,1,5,2,2,2,1,0,2,0,1,2,0,2,1,0,2,0,26.0,121.081,3.19,10.435,66.56
1159,0,0,0,0,0,0,0,0,0,0,0,0,2,0,0,1,0,0,0,0,0,0,0,0,0,0,0,0,0,1,0,0,1,0,1.0,12.0,2.121,20.2,-47.98
1160,14,36,8,31,15,31,0,63,2,6,76,12,78,16,0,56,30,13,14,8,7,3,6,0,52,2,3,12,6,10,7,0,37,6,19.25,76.168,6.234,5.802,87.754
1161,5,8,9,7,2,2,0,8,1,2,18,3,15,2,0,11,6,4,5,9,3,1,2,0,7,1,2,9,3,7,2,0,10,3,10.5,42.387,5.015,3.115,91.435
1162,0,0,0,0,0,0,0,0,0,0,0,0,2,0,0,1,0,0,0,0,0,0,0,0,0,0,0,0,0,1,0,0,1,0,1.0,12.0,2.121,20.2,-47.98
1163,9,19,4,8,5,14,1,26,1,4,10,0,13,1,0,16,1,9,9,3,4,2,5,1,22,1,2,7,0,4,1,0,14,1,19.833,88.957,5.315,11.184,50.207
1164,8,13,3,14,6,14,0,28,0,1,15,3,9,2,0,14,6,7,8,3,4,3,5,0,23,0,1,8,3,3,2,0,12,1,12.7,49.462,5.02,3.3,94.023
1165,0,0,0,0,0,0,0,0,0,0,0,0,0,0,0,0,0,0,0,0,0,0,0,0,0,0,0,0,0,0,0,0,0,0,0.0,0.0,0.0,-15.59,206.835
1166,0,0,0,0,0,0,0,0,0,0,0,0,2,0,0,1,0,0,0,0,0,0,0,0,0,0,0,0,0,1,0,0,1,0,1.0,12.0,2.121,20.2,-47.98
1167,11,9,16,13,6,4,1,11,1,4,27,0,16,3,0,18,0,11,8,12,4,2,2,1,11,1,2,12,0,4,2,0,16,0,13.889,51.734,5.502,6.158,75.651
1168,0,0,0,0,0,0,0,0,0,0,0,0,2,0,0,1,0,0,0,0,0,0,0,0,0,0,0,0,0,1,0,0,1,0,1.0,6.0,2.121,20.2,-47.98
1169,24,44,42,42,20,34,0,75,4,27,90,0,80,14,0,56,5,20,12,27,6,3,8,0,44,3,2,17,0,7,10,0,33,1,21.591,84.144,5.775,7.239,81.619
1170,15,28,15,26,11,22,1,52,8,7,39,5,25,6,2,37,7,12,11,14,7,2,6,1,33,8,2,8,4,6,6,1,31,2,20.071,80.693,6.201,7.817,74.766
1171,0,0,0,0,0,0,0,0,0,0,0,0,0,0,0,0,0,0,0,0,0,0,0,0,0,0,0,0,0,0,0,0,0,0,0.0,0.0,0.0,-15.59,206.835
1172,2,10,12,9,2,7,0,18,0,3,19,3,6,4,0,18,1,1,5,11,4,1,1,0,15,0,2,7,3,4,4,0,16,1,18.0,84.087,4.831,7.819,71.065
1173,0,0,0,0,0,0,0,0,0,0,0,0,0,0,0,0,0,0,0,0,0,0,0,0,0,0,0,0,0,0,0,0,0,0,0.0,0.0,0.0,-15.59,206.835
1174,22,52,21,30,12,22,0,61,8,20,72,11,62,8,8,59,5,20,19,16,9,4,5,0,40,7,3,16,8,8,6,2,37,1,20.45,79.624,6.608,6.09,87.826
1175,11,28,28,20,6,16,0,31,2,9,30,0,18,5,0,27,5,10,11,17,6,3,5,0,25,2,2,10,0,4,3,0,20,2,19.818,78.3,5.412,7.295,78.059
1176,0,0,0,0,0,0,0,0,0,0,0,0,0,0,0,0,0,0,0,0,0,0,0,0,0,0,0,0,0,0,0,0,0,0,0.0,0.0,0.0,-15.59,206.835
1177,0,0,0,0,0,0,0,0,0,0,0,0,0,0,0,0,0,0,0,0,0,0,0,0,0,0,0,0,0,0,0,0,0,0,0.0,0.0,0.0,-15.59,206.835
1178,1,3,4,2,1,1,2,2,2,0,5,0,3,0,0,3,0,1,3,3,1,1,1,2,2,2,0,5,0,2,0,0,3,0,26.0,91.35,3.606,10.435,66.56
1179,2,10,2,3,1,8,0,14,0,1,7,4,5,1,0,8,0,2,7,2,2,1,2,0,10,0,1,5,4,3,1,0,6,0,20.333,79.12,4.074,6.848,82.18
1180,17,31,18,28,12,25,1,46,6,13,49,3,15,6,0,40,7,15,12,16,6,4,5,1,35,4,2,14,3,4,4,0,28,3,20.133,81.689,6.103,7.969,73.786
1181,3,9,4,7,2,7,0,16,1,9,11,0,10,3,0,15,2,3,7,4,3,1,4,0,14,1,4,5,0,5,3,0,12,1,22.0,87.503,5.05,8.008,76.832
1182,1,4,3,3,2,4,1,6,0,2,7,2,2,1,0,6,4,1,4,3,2,1,4,1,6,0,1,4,2,1,1,0,6,1,15.333,43.948,3.649,4.755,88.28
1183,0,0,0,0,0,0,0,0,0,0,0,0,2,0,0,1,0,0,0,0,0,0,0,0,0,0,0,0,0,1,0,0,1,0,1.0,12.0,2.121,20.2,-47.98
1184,2,9,5,7,3,7,0,17,1,7,21,1,9,2,0,18,1,2,5,5,4,2,2,0,12,1,2,6,1,3,2,0,17,1,14.429,57.98,4.503,6.277,75.76
1185,0,0,0,0,0,0,0,0,0,0,0,0,2,0,0,1,0,0,0,0,0,0,0,0,0,0,0,0,0,1,0,0,1,0,1.0,6.0,2.121,20.2,-47.98
1186,5,23,8,19,5,19,0,35,1,8,25,6,18,11,1,24,4,5,10,8,6,3,6,0,21,1,2,7,5,4,6,1,18,2,24.125,97.081,5.09,9.287,71.448
1187,4,7,4,3,2,8,1,13,1,4,15,2,9,1,0,16,1,4,5,3,3,1,4,1,12,1,1,6,2,3,1,0,12,1,16.4,69.164,4.451,6.779,75.669
1188,8,12,12,9,6,6,1,23,3,7,25,0,18,3,0,19,2,7,8,11,4,3,4,1,19,2,2,8,0,6,3,0,16,1,19.429,80.255,5.518,8.125,71.412
1189,9,21,20,16,7,16,0,24,3,3,25,3,17,4,0,23,0,9,8,16,3,2,4,0,21,3,2,8,3,7,4,0,14,0,15.818,61.352,5.468,4.414,91.593
1190,5,3,7,5,3,4,1,14,0,3,7,1,9,1,0,12,2,5,2,7,3,2,2,1,10,0,2,5,1,4,1,0,9,1,11.333,48.714,4.716,6.183,70.92
1191,6,4,2,3,3,7,0,19,1,4,11,0,14,0,1,13,1,6,4,2,1,1,3,0,17,1,2,8,0,10,0,1,13,1,10.714,44.185,5.634,5.109,77.52
1192,11,11,6,2,7,5,0,25,1,4,16,0,13,2,0,21,1,10,8,6,2,2,4,0,22,1,1,6,0,5,2,0,17,1,22.6,90.734,5.721,9.828,64.857
1193,20,25,17,31,11,24,1,44,6,10,49,6,36,14,1,40,6,17,8,13,5,4,6,1,32,4,2,14,4,8,8,1,32,1,17.941,71.574,6.276,6.882,77.674
1194,3,3,0,1,0,1,0,2,0,0,2,1,3,0,0,1,2,3,3,0,1,0,1,0,2,0,0,2,1,2,0,0,1,1,8.0,27.774,3.005,4.493,77.103
1195,6,16,15,10,9,17,1,27,1,7,22,0,20,2,0,25,4,6,7,13,4,3,8,1,26,1,2,10,0,8,2,0,24,2,23.143,92.649,6.278,9.169,70.545
1196,19,42,18,38,13,18,2,64,7,11,49,17,63,6,1,41,16,16,14,15,6,4,6,2,47,6,3,17,14,10,4,1,33,2,13.107,46.238,7.234,4.183,88.415
1197,0,0,0,0,0,0,0,0,0,0,0,0,2,0,0,1,0,0,0,0,0,0,0,0,0,0,0,0,0,1,0,0,1,0,1.0,6.0,2.121,20.2,-47.98
1198,0,0,0,0,0,0,0,0,0,0,0,0,2,0,0,1,0,0,0,0,0,0,0,0,0,0,0,0,0,1,0,0,1,0,1.0,6.0,2.121,20.2,-47.98
1199,1,4,6,5,3,0,1,9,1,1,11,1,7,1,0,11,1,1,4,6,4,2,0,1,7,1,1,7,1,5,1,0,11,1,18.333,77.708,5.053,6.793,79.016
1200,0,5,0,1,1,1,0,8,4,1,2,1,11,0,0,2,3,0,4,0,1,1,1,0,7,4,1,2,1,2,0,0,2,1,9.667,28.722,3.545,1.608,100.754
1201,16,21,11,24,4,19,1,34,0,10,30,3,25,5,0,21,4,11,9,8,5,3,6,1,27,0,2,8,3,7,5,0,18,1,15.538,63.603,5.423,5.95,80.078
1202,0,0,0,0,0,0,0,0,0,0,0,0,2,0,0,1,0,0,0,0,0,0,0,0,0,0,0,0,0,1,0,0,1,0,1.0,12.0,2.121,20.2,-47.98
1203,14,18,9,13,10,13,1,39,2,3,24,8,19,6,1,22,5,11,9,9,4,2,4,1,35,2,2,8,8,5,5,1,19,2,14.462,58.704,6.395,8.691,58.507
1204,0,0,0,0,0,0,0,0,0,0,0,0,2,0,0,1,0,0,0,0,0,0,0,0,0,0,0,0,0,1,0,0,1,0,1.0,12.0,2.121,20.2,-47.98
1205,2,1,2,3,2,2,0,2,0,0,3,0,3,1,0,4,2,2,1,2,3,2,2,0,2,0,0,3,0,2,1,0,4,2,24.0,101.571,3.608,9.503,69.675
1206,0,0,0,0,0,0,0,0,0,0,0,0,0,0,0,0,0,0,0,0,0,0,0,0,0,0,0,0,0,0,0,0,0,0,0.0,0.0,0.0,-15.59,206.835
1207,0,0,0,0,0,0,0,0,0,0,0,0,0,0,0,0,0,0,0,0,0,0,0,0,0,0,0,0,0,0,0,0,0,0,0.0,0.0,0.0,-15.59,206.835
1208,0,0,0,0,0,0,0,0,0,0,0,0,2,0,0,1,0,0,0,0,0,0,0,0,0,0,0,0,0,1,0,0,1,0,1.0,12.0,2.121,20.2,-47.98
1209,3,6,0,6,5,2,1,9,0,3,10,8,9,2,0,13,5,3,4,0,2,2,2,1,8,0,2,5,5,4,2,0,11,2,14.6,53.433,4.304,3.036,99.304
1210,12,9,10,12,7,9,0,29,1,5,20,0,21,0,4,17,3,12,6,10,5,2,4,0,27,1,2,10,0,7,0,1,14,1,13.3,53.614,6.193,6.454,72.478
1211,0,0,0,0,0,0,0,0,0,0,0,0,2,0,0,1,0,0,0,0,0,0,0,0,0,0,0,0,0,1,0,0,1,0,1.0,12.0,2.121,20.2,-47.98
1212,63,81,52,49,48,52,0,143,9,37,150,4,75,26,0,122,11,35,15,26,9,3,11,0,72,6,4,18,3,6,9,0,60,2,23.5,87.157,6.418,9.127,71.483
1213,14,22,6,16,7,11,0,29,4,7,31,13,16,4,1,25,3,13,11,6,4,3,4,0,23,2,3,11,12,5,2,1,19,1,19.2,70.555,5.869,7.14,78.072
1214,0,0,0,0,0,0,0,0,0,0,0,0,2,0,0,1,0,0,0,0,0,0,0,0,0,0,0,0,0,1,0,0,1,0,1.0,12.0,2.121,20.2,-47.98
1215,17,40,22,22,15,24,0,79,9,17,54,3,32,18,1,63,4,14,17,20,7,3,4,0,46,7,3,9,3,6,11,1,35,1,19.35,80.658,6.218,6.928,79.86
1216,22,27,14,21,10,17,0,49,0,9,33,7,28,6,1,34,8,19,10,14,7,3,7,0,36,0,3,12,7,8,3,1,26,2,23.364,98.798,6.616,11.153,56.715
1217,0,0,0,0,0,0,0,0,0,0,0,0,0,0,0,0,0,0,0,0,0,0,0,0,0,0,0,0,0,0,0,0,0,0,0.0,0.0,0.0,-15.59,206.835
1218,2,10,7,9,7,6,1,16,1,5,16,1,11,3,0,17,2,2,8,6,6,3,2,1,14,1,2,9,1,5,2,0,15,1,12.875,50.6,5.295,3.408,93.561
1219,11,20,11,17,12,17,1,32,2,11,38,1,19,9,1,39,3,10,13,10,4,3,5,1,30,2,2,9,1,6,6,1,32,1,25.0,102.083,6.128,9.159,73.924
1220,11,20,13,11,4,13,1,31,3,1,22,8,19,4,0,19,3,11,10,11,5,2,4,1,22,3,1,9,7,7,4,0,13,1,16.5,61.876,6.055,6.364,78.826
1221,3,4,4,6,2,6,0,8,1,1,10,3,6,4,0,8,2,3,4,3,4,2,5,0,8,1,1,6,3,3,3,0,7,2,15.5,54.784,4.939,4.349,91.493
1222,16,26,24,28,14,21,1,44,4,10,53,0,29,8,0,39,3,15,13,19,6,3,5,1,35,3,2,10,0,9,5,0,28,1,14.55,54.025,6.135,4.439,89.151
1223,10,17,9,12,2,11,1,27,1,7,15,3,10,5,1,15,1,9,11,8,5,2,5,1,23,1,2,10,3,4,4,1,15,1,27.4,110.874,6.041,11.805,59.225
1224,4,14,5,5,3,7,0,42,0,1,16,7,20,3,1,19,2,4,8,5,3,2,3,0,28,0,1,3,6,6,3,1,15,1,18.429,74.241,5.479,10.715,51.065
1225,7,12,3,5,3,9,0,21,2,3,10,5,11,0,0,14,0,7,6,3,3,2,3,0,17,2,2,4,3,5,0,0,12,0,23.0,83.286,5.013,8.13,77.74
1226,8,17,12,11,6,11,1,21,1,3,19,2,16,2,0,13,3,8,9,9,3,3,3,1,18,1,2,9,2,5,2,0,13,1,14.333,57.349,5.354,3.721,93.915
1227,1,4,0,2,1,2,1,4,0,0,2,10,6,0,0,1,1,1,4,0,2,1,2,1,4,0,0,2,9,5,0,0,1,1,7.25,15.287,4.333,4.327,76.952
1228,0,0,0,0,0,0,0,0,0,0,0,0,2,0,0,1,0,0,0,0,0,0,0,0,0,0,0,0,0,1,0,0,1,0,1.0,6.0,2.121,20.2,-47.98
1229,0,0,0,0,0,0,0,0,0,0,0,0,2,0,0,1,0,0,0,0,0,0,0,0,0,0,0,0,0,1,0,0,1,0,1.0,12.0,2.121,20.2,-47.98
1230,0,0,0,0,0,0,0,0,0,0,0,0,2,0,0,1,0,0,0,0,0,0,0,0,0,0,0,0,0,1,0,0,1,0,1.0,6.0,2.121,20.2,-47.98
1231,0,0,0,0,0,0,0,0,0,0,0,0,2,0,0,1,0,0,0,0,0,0,0,0,0,0,0,0,0,1,0,0,1,0,1.0,12.0,2.121,20.2,-47.98
1232,17,13,11,16,8,7,0,36,0,8,18,5,38,3,2,20,2,12,7,9,5,2,3,0,26,0,2,5,5,10,3,1,14,1,23.286,93.704,5.594,10.142,63.826
1233,45,79,48,57,21,44,0,100,2,22,118,5,70,27,3,82,5,32,20,34,8,3,8,0,74,2,3,16,5,10,10,1,56,1,28.391,115.48,7.333,10.445,70.746
1234,0,0,0,0,0,0,0,0,0,0,0,0,2,0,0,1,0,0,0,0,0,0,0,0,0,0,0,0,0,1,0,0,1,0,1.0,12.0,2.121,20.2,-47.98
1235,0,0,0,0,0,0,0,0,0,0,0,0,2,0,0,1,0,0,0,0,0,0,0,0,0,0,0,0,0,1,0,0,1,0,1.0,12.0,2.121,20.2,-47.98
1236,0,0,0,0,0,0,0,0,0,0,0,0,0,0,0,0,0,0,0,0,0,0,0,0,0,0,0,0,0,0,0,0,0,0,0.0,0.0,0.0,-15.59,206.835
1237,17,20,19,11,14,18,1,31,0,3,33,2,19,5,0,33,4,15,11,11,4,3,7,1,28,0,1,8,2,8,3,0,21,1,23.444,93.415,5.939,8.932,72.778
1238,0,0,0,0,0,0,0,0,0,0,0,0,2,0,0,1,0,0,0,0,0,0,0,0,0,0,0,0,0,1,0,0,1,0,1.0,12.0,2.121,20.2,-47.98
1239,1,2,0,1,0,3,0,7,0,0,2,0,2,0,0,2,0,1,2,0,1,0,3,0,7,0,0,2,0,1,0,0,2,0,9.0,40.44,3.167,7.587,56.7
1240,0,0,0,0,0,0,0,0,0,0,0,0,0,0,0,0,0,0,0,0,0,0,0,0,0,0,0,0,0,0,0,0,0,0,0.0,0.0,0.0,-15.59,206.835
1241,0,0,0,0,0,0,0,0,0,0,0,0,0,0,0,0,0,0,0,0,0,0,0,0,0,0,0,0,0,0,0,0,0,0,0.0,0.0,0.0,-15.59,206.835
1242,5,9,6,7,2,2,0,11,3,2,8,3,11,2,2,7,1,4,7,5,2,1,2,0,9,3,1,3,3,4,2,1,7,1,13.6,48.54,4.63,4.811,84.793
1243,0,0,0,0,0,0,0,0,0,0,0,0,0,0,0,0,0,0,0,0,0,0,0,0,0,0,0,0,0,0,0,0,0,0,0.0,0.0,0.0,-15.59,206.835
1244,0,0,0,0,0,0,0,0,0,0,0,0,2,0,0,1,0,0,0,0,0,0,0,0,0,0,0,0,0,1,0,0,1,0,1.0,12.0,2.121,20.2,-47.98
1245,22,27,16,29,10,21,0,42,0,21,84,3,50,8,0,70,42,16,14,14,7,3,7,0,35,0,2,11,3,7,5,0,48,2,15.88,60.504,5.962,4.157,93.544
1246,48,51,45,31,30,23,3,81,3,11,59,2,66,14,1,63,8,36,14,23,6,3,7,2,67,3,2,14,2,9,7,1,40,2,23.5,103.64,7.339,10.446,62.023
1247,19,33,25,31,15,16,1,63,5,16,45,0,28,16,0,45,7,16,15,20,6,5,6,1,44,5,2,10,0,3,7,0,28,1,15.364,67.446,6.115,5.169,85.366
1248,2,2,3,1,1,2,1,6,0,1,2,0,3,0,0,3,0,2,2,3,1,1,2,1,6,0,1,2,0,3,0,0,3,0,12.0,55.701,3.897,8.757,53.655
1249,16,22,6,10,7,12,0,41,0,8,21,11,20,4,0,25,7,14,9,6,3,2,4,0,31,0,2,7,6,5,4,0,21,4,15.583,65.343,5.947,8.093,64.797
1250,0,0,0,0,0,0,0,0,0,0,0,0,0,0,0,0,0,0,0,0,0,0,0,0,0,0,0,0,0,0,0,0,0,0,0.0,0.0,0.0,-15.59,206.835
1251,0,0,0,0,0,0,0,0,0,0,0,0,0,0,0,0,0,0,0,0,0,0,0,0,0,0,0,0,0,0,0,0,0,0,0.0,0.0,0.0,-15.59,206.835
1252,0,0,0,0,0,0,0,0,0,0,0,0,0,0,0,0,0,0,0,0,0,0,0,0,0,0,0,0,0,0,0,0,0,0,0.0,0.0,0.0,-15.59,206.835
1253,0,0,0,0,0,0,0,0,0,0,0,0,0,0,0,0,0,0,0,0,0,0,0,0,0,0,0,0,0,0,0,0,0,0,0.0,0.0,0.0,-15.59,206.835
1254,0,0,0,0,0,0,0,0,0,0,0,0,2,0,0,1,0,0,0,0,0,0,0,0,0,0,0,0,0,1,0,0,1,0,1.0,12.0,2.121,20.2,-47.98
1255,22,26,19,28,13,16,0,64,20,14,42,5,65,8,0,55,4,17,11,15,7,2,5,0,43,13,2,10,5,14,6,0,36,1,25.308,105.422,6.861,9.416,72.633
1256,0,0,0,0,0,0,0,0,0,0,0,0,0,0,0,0,0,0,0,0,0,0,0,0,0,0,0,0,0,0,0,0,0,0,0.0,0.0,0.0,-15.59,206.835
1257,27,42,14,31,17,44,0,82,9,10,59,17,46,18,0,55,28,22,14,11,7,3,6,0,59,5,2,7,11,3,7,0,38,3,15.067,53.038,6.22,4.018,93.092
1258,19,27,18,18,13,15,1,47,4,12,44,1,19,5,0,40,5,17,11,15,5,3,3,1,35,2,2,12,1,6,3,0,30,1,18.0,71.961,6.068,6.639,79.525
1259,11,7,12,12,5,3,1,14,0,3,23,2,16,4,0,17,2,8,5,10,4,1,2,1,9,0,3,8,2,5,3,0,12,1,28.75,135.598,4.879,11.835,61.421
1260,52,58,44,53,26,40,1,92,12,30,87,0,59,20,2,82,6,38,18,32,7,4,9,1,61,9,2,15,0,7,8,1,50,4,26.13,106.044,7.24,9.778,71.501
1261,4,7,8,12,5,7,0,23,0,6,13,0,10,3,0,17,0,4,7,8,5,2,4,0,20,0,2,5,0,5,3,0,13,0,21.0,88.45,5.175,7.771,76.749
1262,8,14,3,13,4,20,0,25,0,11,18,2,15,7,0,23,5,6,8,3,3,2,3,0,13,0,2,6,2,6,4,0,16,2,21.857,85.134,4.23,9.824,63.556
1263,9,12,7,12,9,2,0,18,0,2,26,0,14,4,0,19,1,7,10,5,4,4,2,0,16,0,1,6,0,5,4,0,18,1,20.167,81.136,5.207,9.926,59.815
1264,43,70,33,38,15,49,1,132,9,29,82,11,77,15,2,80,9,36,19,23,9,2,9,1,86,7,2,16,9,8,7,2,51,2,23.885,97.841,8.03,10.085,65.296
1265,15,32,12,20,10,19,1,42,9,7,31,18,42,5,2,25,12,13,12,8,6,3,4,1,32,6,2,13,15,8,4,1,21,1,18.286,64.732,6.32,6.983,77.568
1266,2,8,2,7,3,7,2,18,0,2,11,2,8,3,1,9,0,2,5,2,3,3,4,2,14,0,2,6,2,4,2,1,8,0,19.0,80.716,4.623,7.346,76.234
1267,19,17,19,15,6,15,3,41,5,10,29,3,27,9,0,24,1,14,8,15,2,1,4,2,26,3,2,6,2,5,4,0,16,1,21.6,92.875,5.196,9.878,62.711
1268,7,9,4,6,12,10,1,25,7,3,10,15,34,1,2,15,19,7,6,4,2,3,4,1,18,7,1,6,10,8,1,1,11,3,46.0,133.34,5.538,18.169,46.732
1269,14,16,6,10,3,13,0,24,0,2,19,1,13,4,0,22,0,13,9,6,3,2,5,0,18,0,1,10,1,3,4,0,14,0,14.889,69.806,5.253,7.829,65.454
1270,0,0,0,0,0,0,0,0,0,0,0,0,0,0,0,0,0,0,0,0,0,0,0,0,0,0,0,0,0,0,0,0,0,0,0.0,0.0,0.0,-15.59,206.835
1271,94,164,135,148,48,122,4,234,17,73,278,35,226,62,0,260,13,62,23,66,9,4,14,4,121,7,3,29,6,9,12,0,111,2,20.524,84.872,7.653,7.65,76.772
1272,7,16,10,13,5,13,0,33,1,8,22,1,16,1,2,21,3,6,8,9,4,2,5,0,24,1,3,9,1,4,1,1,20,3,15.4,63.324,5.584,6.813,73.643
1273,0,0,0,0,0,0,0,0,0,0,0,0,2,0,0,1,0,0,0,0,0,0,0,0,0,0,0,0,0,1,0,0,1,0,1.0,12.0,2.121,20.2,-47.98
1274,26,25,16,20,6,16,0,38,0,4,36,2,26,5,1,21,1,22,11,14,5,1,6,0,35,0,2,10,2,8,2,1,18,1,16.615,74.717,6.447,9.027,59.937
1275,11,26,19,15,8,21,0,39,5,4,36,9,26,5,0,29,3,10,13,17,4,3,6,0,28,3,2,10,6,6,2,0,18,1,20.818,77.521,5.607,7.781,76.353
1276,0,0,0,0,0,0,0,0,0,0,0,0,2,0,0,1,0,0,0,0,0,0,0,0,0,0,0,0,0,1,0,0,1,0,1.0,12.0,2.121,20.2,-47.98
1277,0,0,0,0,0,0,0,0,0,0,0,0,2,0,0,1,0,0,0,0,0,0,0,0,0,0,0,0,0,1,0,0,1,0,1.0,12.0,2.121,20.2,-47.98
1278,9,13,13,10,9,9,1,20,1,8,23,0,12,3,0,22,5,7,9,10,3,4,4,1,18,1,2,7,0,3,3,0,18,1,18.25,73.896,5.15,6.884,78.215
1279,12,23,10,15,7,12,1,29,0,7,27,2,14,7,1,28,3,10,10,10,4,2,4,1,20,0,3,7,2,3,6,1,19,1,36.6,139.288,5.227,14.03,59.66
1280,10,21,14,15,5,9,0,41,1,8,43,4,17,11,0,32,1,8,11,12,5,2,4,0,21,1,1,13,3,3,5,0,23,1,17.917,82.347,5.305,9.235,60.766
1281,0,0,0,0,0,0,0,0,0,0,0,0,0,0,0,0,0,0,0,0,0,0,0,0,0,0,0,0,0,0,0,0,0,0,0.0,0.0,0.0,-15.59,206.835
1282,52,70,39,27,42,38,1,134,8,20,111,2,110,14,1,106,20,40,19,24,7,4,8,1,101,5,2,21,2,9,8,1,72,3,18.368,74.317,8.35,7.566,73.533
1283,7,13,4,11,7,8,2,15,0,0,14,7,9,3,0,12,2,7,8,4,4,4,5,2,15,0,0,5,7,6,3,0,11,1,17.5,66.728,5.521,8.766,63.381
1284,0,0,0,0,0,0,0,0,0,0,0,0,0,0,0,0,0,0,0,0,0,0,0,0,0,0,0,0,0,0,0,0,0,0,0.0,0.0,0.0,-15.59,206.835
1285,2,4,1,4,1,6,3,12,0,4,11,5,2,0,0,9,1,2,4,1,2,1,4,2,11,0,2,5,5,2,0,0,8,1,21.333,79.819,4.508,10.799,55.638
1286,0,0,0,0,0,0,0,0,0,0,0,0,0,0,0,0,0,0,0,0,0,0,0,0,0,0,0,0,0,0,0,0,0,0,0.0,0.0,0.0,-15.59,206.835
1287,4,3,0,2,1,3,1,9,2,0,4,0,5,1,0,2,6,4,3,0,2,1,3,1,8,2,0,3,0,3,1,0,2,2,20.0,72.8,4.025,5.19,93.475
1288,0,0,0,0,0,0,0,0,0,0,0,0,0,0,0,0,0,0,0,0,0,0,0,0,0,0,0,0,0,0,0,0,0,0,0.0,0.0,0.0,-15.59,206.835
1289,5,3,0,6,2,3,0,7,2,0,9,3,6,2,0,5,0,5,3,0,3,1,1,0,6,2,0,5,2,2,1,0,5,0,11.75,46.804,3.713,4.558,83.309
1290,49,104,64,60,35,66,8,164,6,47,173,5,142,30,1,135,6,31,25,46,10,3,9,5,91,4,3,23,3,10,15,1,69,1,19.18,76.168,7.535,6.877,79.919
1291,0,0,0,0,0,0,0,0,0,0,0,0,0,0,0,0,0,0,0,0,0,0,0,0,0,0,0,0,0,0,0,0,0,0,0.0,0.0,0.0,-15.59,206.835
1292,0,0,0,0,0,0,0,0,0,0,0,0,2,0,0,1,0,0,0,0,0,0,0,0,0,0,0,0,0,1,0,0,1,0,1.0,12.0,2.121,20.2,-47.98
1293,3,2,2,2,3,5,1,3,0,1,7,10,6,0,0,6,1,3,2,2,2,3,3,1,3,0,1,4,9,5,0,0,6,1,15.333,39.553,4.587,8.86,58.854
1294,0,0,0,0,0,0,0,0,0,0,0,0,2,0,0,1,0,0,0,0,0,0,0,0,0,0,0,0,0,1,0,0,1,0,1.0,12.0,2.121,20.2,-47.98
1295,33,34,26,25,20,26,1,54,7,12,52,3,33,9,0,53,5,29,13,21,9,3,6,1,42,3,2,11,3,4,6,0,38,1,15.652,57.957,6.895,4.773,88.723
1296,8,6,5,12,5,4,1,18,0,5,21,3,16,2,0,9,3,7,6,5,3,4,1,1,15,0,2,10,3,9,2,0,9,2,12.625,47.761,5.418,3.821,90.155
1297,0,0,0,0,0,0,0,0,0,0,0,0,0,0,0,0,0,0,0,0,0,0,0,0,0,0,0,0,0,0,0,0,0,0,0.0,0.0,0.0,-15.59,206.835
1298,10,16,13,8,7,9,0,26,1,4,39,0,18,5,1,25,2,10,9,12,4,2,4,0,25,1,2,12,0,4,3,1,21,1,13.75,57.817,5.78,6.507,72.901
1299,5,13,7,4,6,3,0,21,1,2,22,6,17,2,6,18,2,5,7,6,3,3,2,0,18,1,2,10,6,4,2,1,15,1,14.0,57.347,5.479,5.884,77.811
1300,20,24,6,13,9,13,1,31,2,5,22,12,21,3,0,17,2,14,10,6,4,2,5,1,22,2,2,8,11,6,3,0,16,2,16.182,64.455,5.989,7.228,72.066
1301,8,12,4,7,4,8,0,17,2,2,9,0,5,2,0,8,1,8,7,4,3,3,4,0,16,2,1,5,0,3,2,0,7,1,21.0,93.72,4.861,8.333,72.72
1302,9,11,5,6,4,9,1,21,2,5,14,0,11,4,0,10,3,7,7,5,4,2,3,1,17,2,2,6,0,7,3,0,7,1,14.857,59.511,4.923,4.387,90.072
1303,0,0,0,0,0,0,0,0,0,0,0,0,0,0,0,0,0,0,0,0,0,0,0,0,0,0,0,0,0,0,0,0,0,0,0.0,0.0,0.0,-15.59,206.835
1304,7,11,3,14,7,10,0,22,3,6,16,5,7,2,0,15,4,7,7,3,5,3,3,0,15,3,2,3,1,2,2,0,12,2,17.857,62.008,4.301,4.59,93.958
1305,5,15,12,13,5,5,1,20,2,3,25,0,13,5,0,22,3,5,9,11,6,1,2,1,16,2,1,8,0,3,4,0,20,1,19.429,81.341,5.275,8.039,72.034
1306,14,32,16,22,11,22,0,70,5,9,47,0,44,13,1,44,3,13,15,12,6,4,6,0,54,4,2,9,0,8,7,1,41,1,17.111,77.811,7.011,7.213,73.829
1307,9,7,2,5,4,2,0,8,2,1,12,1,6,2,1,10,0,9,6,2,2,3,1,0,8,2,1,6,1,2,2,1,10,0,32.5,128.793,4.824,13.787,54.106
1308,4,6,7,8,2,3,0,11,1,4,13,2,4,0,0,12,0,4,5,7,4,1,2,0,10,1,1,6,2,2,0,0,10,0,14.6,57.83,4.469,6.592,73.808
1309,18,22,13,15,12,12,1,30,7,5,27,8,20,4,0,26,1,18,14,11,4,2,6,1,27,7,2,6,7,5,3,0,20,1,15.462,53.072,6.484,5.821,80.867
1310,0,0,0,0,0,0,0,0,0,0,0,0,2,0,0,1,0,0,0,0,0,0,0,0,0,0,0,0,0,1,0,0,1,0,1.0,12.0,2.121,20.2,-47.98
1311,3,7,5,6,2,6,0,12,3,1,9,1,11,2,0,9,0,2,7,5,3,1,4,0,10,2,1,6,1,6,2,0,8,0,13.2,54.073,5.048,5.649,78.073
1312,7,4,0,11,3,3,1,14,1,4,12,1,11,1,0,11,7,7,4,0,4,2,2,1,13,1,2,7,1,4,1,0,10,3,11.429,44.049,4.743,2.142,100.06
1313,12,12,5,15,7,10,0,27,2,4,19,0,17,3,1,14,2,11,8,5,3,3,6,0,22,2,3,8,0,5,3,1,14,1,18.714,78.224,5.622,8.553,67.075
1314,2,2,1,3,2,4,0,8,1,1,5,0,3,1,0,6,0,2,2,1,3,2,4,0,7,1,1,3,0,2,1,0,6,0,18.0,69.634,4.007,5.852,85.165
1315,0,0,0,0,0,0,0,0,0,0,0,0,0,0,0,0,0,0,0,0,0,0,0,0,0,0,0,0,0,0,0,0,0,0,0.0,0.0,0.0,-15.59,206.835
1316,9,8,1,8,5,9,0,22,2,1,12,0,11,2,0,9,0,9,7,1,2,2,5,0,18,2,1,8,0,5,1,0,9,0,22.25,91.602,4.947,8.865,71.134
1317,13,13,6,17,5,15,0,30,2,4,28,8,25,2,0,22,3,10,8,6,4,3,4,0,20,1,2,7,5,4,2,0,16,1,24.0,96.214,4.746,7.958,80.754
1318,18,35,35,32,9,25,1,62,7,22,50,5,36,14,1,54,3,17,16,28,8,3,6,1,41,4,2,13,4,7,7,1,36,1,21.882,94.684,6.856,9.375,66.821
1319,0,0,0,0,0,0,0,0,0,0,0,0,2,0,0,1,0,0,0,0,0,0,0,0,0,0,0,0,0,1,0,0,1,0,1.0,12.0,2.121,20.2,-47.98
1320,6,10,2,3,2,10,1,17,0,2,8,9,15,1,0,7,3,6,5,2,1,2,4,1,16,0,1,4,9,5,1,0,6,1,13.5,45.431,5.107,6.719,70.933
1321,0,0,0,0,0,0,0,0,0,0,0,0,0,0,0,0,0,0,0,0,0,0,0,0,0,0,0,0,0,0,0,0,0,0,0.0,0.0,0.0,-15.59,206.835
1322,24,25,29,22,15,16,0,34,2,5,41,1,29,10,0,32,3,22,9,23,8,4,7,0,31,2,2,10,1,4,5,0,27,1,23.545,94.011,6.459,8.081,79.065
1323,5,12,3,10,1,8,0,14,0,4,24,2,13,1,1,15,2,5,5,3,2,1,3,0,12,0,1,7,2,5,1,1,11,1,9.182,32.616,4.151,2.128,96.163
1324,26,29,29,39,15,24,0,63,3,16,48,0,24,13,0,47,4,22,10,21,6,3,6,0,38,2,2,7,0,3,11,0,30,2,19.778,82.382,5.809,7.47,76.733
1325,19,21,10,10,7,15,0,38,2,2,21,8,21,1,0,20,2,19,9,8,3,3,6,0,31,2,1,8,5,6,1,0,19,1,13.538,58.073,6.343,7.792,63.309
1326,26,32,12,20,11,24,0,50,2,12,35,1,37,0,0,39,4,22,11,10,6,3,6,0,38,2,3,10,1,9,0,0,33,1,24.455,99.491,6.381,9.783,68.48
1327,4,7,7,9,4,4,0,16,1,3,10,0,7,2,0,13,0,3,6,7,4,3,3,0,14,1,2,4,0,3,2,0,10,0,16.2,73.98,4.635,6.753,75.503
1328,9,14,9,14,6,12,0,28,3,1,33,0,20,3,0,19,3,9,10,8,4,1,2,0,23,3,1,8,0,6,3,0,16,1,11.846,42.941,5.299,3.895,88.237
1329,14,13,11,11,6,7,0,16,5,5,16,3,19,2,1,16,4,10,9,7,3,4,3,0,13,5,2,6,3,5,2,1,14,1,14.333,55.944,5.292,5.002,84.733
1330,10,14,7,10,8,9,0,23,0,4,25,7,12,6,0,23,2,9,9,4,3,3,3,0,19,0,1,10,4,3,4,0,20,1,20.857,80.306,5.15,8.385,72.092
1331,11,20,16,26,6,11,1,24,1,5,30,1,19,7,0,29,8,10,12,13,5,2,5,1,20,1,2,6,1,10,5,0,25,2,16.333,66.747,5.909,5.711,83.212
1332,3,1,3,5,3,1,0,4,0,3,7,0,4,2,0,7,0,3,1,3,2,3,1,0,4,0,2,5,0,3,2,0,7,0,19.0,83.726,3.9,4.862,94.045
1333,15,22,6,8,10,9,0,36,5,3,20,3,27,2,0,26,1,14,11,5,6,4,6,0,28,5,1,8,3,10,1,0,24,1,18.444,73.86,6.805,8.664,65.801
1334,8,20,7,15,10,7,0,28,6,2,20,3,21,1,1,14,2,8,11,6,6,2,3,0,22,6,1,7,3,5,1,1,12,1,20.429,77.831,5.322,8.881,67.778
1335,2,4,0,3,1,2,2,5,0,0,5,5,7,1,0,3,0,2,3,0,2,1,2,2,5,0,0,3,5,6,1,0,3,0,8.25,26.109,4.185,5.149,72.843
1336,0,0,0,0,0,0,0,0,0,0,0,0,0,0,0,0,0,0,0,0,0,0,0,0,0,0,0,0,0,0,0,0,0,0,0.0,0.0,0.0,-15.59,206.835
1337,7,8,5,3,1,7,0,12,2,0,7,4,21,1,3,8,2,7,5,5,1,1,3,0,10,2,0,6,4,8,1,1,7,1,13.2,57.972,5.309,10.297,44.746
1338,23,20,16,24,7,32,0,41,3,9,22,8,36,9,1,29,2,21,10,13,5,2,7,0,28,3,2,5,7,7,8,1,23,2,20.417,83.687,6.234,6.87,82.175
1339,0,0,0,0,0,0,0,0,0,0,0,0,2,0,0,1,0,0,0,0,0,0,0,0,0,0,0,0,0,1,0,0,1,0,1.0,12.0,2.121,20.2,-47.98
1340,3,0,2,0,0,3,0,3,0,1,4,0,3,0,0,4,0,3,0,2,0,0,1,0,3,0,1,3,0,1,0,0,4,0,6.667,30.633,2.846,2.35,90.088
1341,17,15,13,16,13,9,0,41,1,10,23,9,17,6,0,27,5,14,7,12,4,3,5,0,28,1,2,5,9,3,4,0,18,1,18.636,71.71,5.433,9.81,57.924
1342,0,0,0,0,0,0,0,0,0,0,0,0,2,0,0,1,0,0,0,0,0,0,0,0,0,0,0,0,0,1,0,0,1,0,1.0,12.0,2.121,20.2,-47.98
1343,6,14,3,5,3,11,0,25,3,1,6,8,13,1,0,9,0,6,6,3,2,1,3,0,22,3,1,3,7,6,1,0,9,0,15.833,52.291,5.296,6.608,75.886
1344,0,0,0,0,0,0,0,0,0,0,0,0,0,0,0,0,0,0,0,0,0,0,0,0,0,0,0,0,0,0,0,0,0,0,0.0,0.0,0.0,-15.59,206.835
1345,0,0,0,0,0,0,0,0,0,0,0,0,2,0,0,1,0,0,0,0,0,0,0,0,0,0,0,0,0,1,0,0,1,0,1.0,6.0,2.121,20.2,-47.98
1346,0,0,0,0,0,0,0,0,0,0,0,0,0,0,0,0,0,0,0,0,0,0,0,0,0,0,0,0,0,0,0,0,0,0,0.0,0.0,0.0,-15.59,206.835
1347,0,0,0,0,0,0,0,0,0,0,0,0,0,0,0,0,0,0,0,0,0,0,0,0,0,0,0,0,0,0,0,0,0,0,0.0,0.0,0.0,-15.59,206.835
1348,0,0,0,0,0,0,0,0,0,0,0,0,2,0,0,1,0,0,0,0,0,0,0,0,0,0,0,0,0,1,0,0,1,0,1.0,12.0,2.121,20.2,-47.98
1349,4,1,1,3,1,1,1,8,0,1,4,1,4,0,1,3,0,4,1,1,3,1,1,1,7,0,1,4,1,3,0,1,3,0,9.667,49.044,4.202,8.932,48.244
1350,0,0,0,0,0,0,0,0,0,0,0,0,0,0,0,0,0,0,0,0,0,0,0,0,0,0,0,0,0,0,0,0,0,0,0.0,0.0,0.0,-15.59,206.835
1351,0,0,0,0,0,0,0,0,0,0,0,0,0,0,0,0,0,0,0,0,0,0,0,0,0,0,0,0,0,0,0,0,0,0,0.0,0.0,0.0,-15.59,206.835
1352,0,0,0,0,0,0,0,0,0,0,0,0,0,0,0,0,0,0,0,0,0,0,0,0,0,0,0,0,0,0,0,0,0,0,0.0,0.0,0.0,-15.59,206.835
1353,26,34,28,26,16,16,1,64,5,12,62,3,48,10,2,55,10,25,15,18,7,4,4,1,49,4,2,15,3,8,5,1,30,4,28.308,113.815,6.672,9.911,74.422
1354,2,2,1,3,1,2,0,4,0,3,1,0,1,1,0,5,1,2,2,1,2,1,2,0,4,0,1,1,0,1,1,0,5,1,26.0,108.333,3.19,7.258,89.337
1355,6,26,7,16,6,21,0,33,2,2,25,11,15,1,4,17,0,4,7,7,4,1,8,0,21,2,2,8,5,4,1,2,13,0,19.222,70.158,4.731,9.027,64.581
1356,19,24,12,10,3,12,2,37,6,4,16,13,31,3,4,14,5,15,9,9,4,1,4,2,27,5,2,7,9,10,3,1,11,2,25.857,96.39,6.202,11.314,60.0
1357,0,0,0,0,0,0,0,0,0,0,0,0,0,0,0,0,0,0,0,0,0,0,0,0,0,0,0,0,0,0,0,0,0,0,0.0,0.0,0.0,-15.59,206.835
1358,0,0,0,0,0,0,0,0,0,0,0,0,2,0,0,1,0,0,0,0,0,0,0,0,0,0,0,0,0,1,0,0,1,0,1.0,12.0,2.121,20.2,-47.98
1359,2,8,3,5,3,7,2,26,1,3,9,8,28,0,9,14,1,2,3,3,4,1,4,2,20,1,1,4,8,6,0,1,11,1,13.143,49.702,5.308,8.262,59.238
1360,19,33,34,29,20,19,1,41,1,13,52,7,22,16,0,53,1,14,12,26,8,3,6,1,28,1,2,9,3,3,7,0,33,1,15.409,62.203,5.646,5.352,84.135
1361,9,9,8,14,4,12,0,14,2,1,16,0,12,3,0,15,4,8,7,8,4,2,3,0,12,2,1,6,0,5,3,0,10,2,18.333,69.121,4.854,4.647,94.398
1362,0,0,0,0,0,0,0,0,0,0,0,0,0,0,0,0,0,0,0,0,0,0,0,0,0,0,0,0,0,0,0,0,0,0,0.0,0.0,0.0,-15.59,206.835
1363,0,1,0,4,0,2,0,5,0,2,4,0,3,0,0,5,0,0,1,0,2,0,1,0,5,0,1,3,0,3,0,0,5,0,11.5,47.994,2.949,2.747,95.849
1364,6,4,2,7,4,3,0,8,0,2,2,0,4,1,0,6,0,6,4,2,4,2,1,0,7,0,1,2,0,3,1,0,6,0,15.0,67.037,3.795,6.78,73.17
1365,6,15,10,15,3,5,1,19,0,3,17,2,13,5,0,14,0,6,10,10,5,2,3,1,17,0,2,7,2,6,3,0,12,0,16.429,67.965,5.539,6.824,75.398
1366,3,9,2,5,4,7,0,19,0,1,4,4,11,1,3,8,1,3,7,2,4,4,5,0,12,0,1,3,4,5,1,1,7,1,17.0,77.126,4.973,10.302,51.483
1367,0,0,0,0,0,0,0,0,0,0,0,0,0,0,0,0,0,0,0,0,0,0,0,0,0,0,0,0,0,0,0,0,0,0,0.0,0.0,0.0,-15.59,206.835
1368,0,6,4,3,3,4,1,6,1,3,7,4,5,1,0,7,1,0,2,3,3,2,2,1,6,1,2,6,4,3,1,0,7,1,17.0,61.684,4.258,6.542,78.439
1369,0,0,0,0,0,0,0,0,0,0,0,0,0,0,0,0,0,0,0,0,0,0,0,0,0,0,0,0,0,0,0,0,0,0,0.0,0.0,0.0,-15.59,206.835
1370,11,23,13,20,9,13,0,42,3,6,29,5,24,6,0,28,2,10,15,13,6,3,3,0,30,3,2,6,3,5,3,0,23,1,23.222,89.083,5.723,9.445,68.71
1371,11,24,6,14,11,20,0,57,8,10,32,8,19,9,0,38,2,8,9,6,4,1,7,0,35,7,2,9,6,4,6,0,28,1,17.857,72.14,5.635,8.933,62.825
1372,0,0,0,0,0,0,0,0,0,0,0,0,0,0,0,0,0,0,0,0,0,0,0,0,0,0,0,0,0,0,0,0,0,0,0.0,0.0,0.0,-15.59,206.835
1373,0,0,0,0,0,0,0,0,0,0,0,0,0,0,0,0,0,0,0,0,0,0,0,0,0,0,0,0,0,0,0,0,0,0,0.0,0.0,0.0,-15.59,206.835
1374,0,0,0,0,0,0,0,0,0,0,0,0,0,0,0,0,0,0,0,0,0,0,0,0,0,0,0,0,0,0,0,0,0,0,0.0,0.0,0.0,-15.59,206.835
1375,0,0,0,0,0,0,0,0,0,0,0,0,0,0,0,0,0,0,0,0,0,0,0,0,0,0,0,0,0,0,0,0,0,0,0.0,0.0,0.0,-15.59,206.835
1376,12,26,15,20,9,18,1,32,1,9,34,13,49,2,3,26,9,12,11,12,3,4,4,1,31,1,2,13,10,10,1,1,21,7,24.111,92.524,6.432,8.55,76.71
1377,15,27,12,21,10,14,2,38,3,6,36,9,24,3,0,27,4,13,8,10,6,2,4,2,28,2,3,11,6,6,2,0,19,2,13.412,53.569,5.76,5.167,81.906
1378,12,12,5,10,4,10,0,25,0,2,11,0,12,5,0,11,0,9,8,5,4,2,3,0,21,0,1,8,0,3,4,0,11,0,20.6,85.227,5.225,8.025,74.221
1379,0,0,0,0,0,0,0,0,0,0,0,0,2,0,0,1,0,0,0,0,0,0,0,0,0,0,0,0,0,1,0,0,1,0,1.0,12.0,2.121,20.2,-47.98
1380,26,44,21,37,14,19,1,59,4,21,74,5,32,9,0,59,0,21,15,18,6,2,6,1,35,3,2,10,5,5,5,0,43,0,26.133,109.178,5.929,9.834,71.107
1381,4,6,3,4,2,2,0,5,0,1,9,0,12,2,0,11,0,4,5,3,3,2,1,0,5,0,1,6,0,6,2,0,11,0,12.25,58.935,4.748,4.359,85.63
1382,0,0,0,0,0,0,0,0,0,0,0,0,2,0,0,1,0,0,0,0,0,0,0,0,0,0,0,0,0,1,0,0,1,0,1.0,12.0,2.121,20.2,-47.98
1383,12,15,4,11,6,13,1,36,3,2,17,5,25,3,2,10,2,10,12,4,3,3,5,1,30,3,2,8,4,7,3,1,10,1,19.857,79.75,6.118,10.067,58.258
1384,5,2,1,4,2,4,1,4,0,4,5,0,4,1,0,5,0,5,2,1,3,1,2,1,4,0,2,4,0,3,1,0,4,0,19.0,85.54,3.671,4.862,94.045
1385,6,6,1,0,0,0,0,17,0,0,0,23,3,0,0,0,3,5,2,1,0,0,0,0,13,0,0,0,20,3,0,0,0,1,56.0,8.8,3.969,10.886,116.759
1386,0,0,0,0,0,0,0,0,0,0,0,0,0,0,0,0,0,0,0,0,0,0,0,0,0,0,0,0,0,0,0,0,0,0,0.0,0.0,0.0,-15.59,206.835
1387,0,0,0,0,0,0,0,0,0,0,0,0,2,0,0,1,0,0,0,0,0,0,0,0,0,0,0,0,0,1,0,0,1,0,1.0,12.0,2.121,20.2,-47.98
1388,11,21,8,13,5,10,1,28,6,3,27,4,19,4,0,21,3,11,12,7,3,2,4,1,26,5,3,6,4,7,2,0,16,2,18.333,75.408,5.945,8.008,70.299
1389,6,15,6,11,8,7,1,27,4,4,11,14,17,2,1,11,2,6,3,5,4,5,3,1,18,4,2,3,10,5,2,1,7,1,16.125,59.08,4.545,6.615,76.356
1390,0,0,0,0,0,0,0,0,0,0,0,0,0,0,0,0,0,0,0,0,0,0,0,0,0,0,0,0,0,0,0,0,0,0,0.0,0.0,0.0,-15.59,206.835
1391,21,24,24,17,16,19,0,48,7,13,41,1,36,8,0,41,4,17,11,18,4,3,4,0,37,6,3,9,1,7,4,0,26,2,18.867,72.722,6.179,7.196,77.078
1392,21,26,17,15,5,17,0,49,5,3,26,3,36,5,3,21,3,17,10,15,4,2,3,0,35,4,1,7,3,9,4,1,20,2,18.0,70.757,6.399,8.584,65.582
1393,0,0,0,0,0,0,0,0,0,0,0,0,2,0,0,1,0,0,0,0,0,0,0,0,0,0,0,0,0,1,0,0,1,0,1.0,12.0,2.121,20.2,-47.98
1394,6,9,4,11,3,5,0,15,0,6,16,0,6,4,0,17,3,4,8,4,3,2,3,0,13,0,2,7,0,3,3,0,14,2,24.75,90.68,4.833,8.961,74.896
1395,0,0,0,0,0,0,0,0,0,0,0,0,0,0,0,0,0,0,0,0,0,0,0,0,0,0,0,0,0,0,0,0,0,0,0.0,0.0,0.0,-15.59,206.835
1396,23,62,44,41,15,45,1,86,5,19,70,1,47,15,0,79,6,19,19,32,8,3,8,1,62,2,2,12,1,6,7,0,51,1,46.455,189.837,6.913,17.052,55.548
1397,0,0,0,0,0,0,0,0,0,0,0,0,0,0,0,0,0,0,0,0,0,0,0,0,0,0,0,0,0,0,0,0,0,0,0.0,0.0,0.0,-15.59,206.835
1398,7,20,5,10,8,12,1,26,0,2,14,3,7,3,0,14,2,6,11,5,3,2,2,1,22,0,1,6,3,2,2,0,13,1,21.167,85.74,4.831,8.46,72.107
1399,7,8,4,4,2,5,0,18,0,4,11,0,7,2,0,14,0,6,5,4,3,2,2,0,14,0,2,7,0,4,2,0,13,0,15.8,61.695,5.012,6.256,78.355
1400,4,4,1,6,2,5,0,14,2,1,9,0,9,0,2,5,1,4,4,1,3,1,3,0,13,2,1,7,0,6,0,2,5,1,13.75,48.857,4.958,4.362,88.282
1401,5,9,9,7,2,8,0,18,1,1,14,0,13,2,0,14,1,5,8,8,2,2,5,0,15,1,1,5,0,7,2,0,14,1,15.167,59.53,5.559,7.052,71.513
1402,0,0,0,0,0,0,0,0,0,0,0,0,0,0,0,0,0,0,0,0,0,0,0,0,0,0,0,0,0,0,0,0,0,0,0.0,0.0,0.0,-15.59,206.835
1403,22,31,14,21,7,30,0,64,12,12,34,6,24,9,2,34,0,21,11,12,6,2,8,0,42,11,2,13,6,2,7,2,26,0,24.75,103.322,6.77,10.153,66.35
1404,0,0,0,0,0,0,0,0,0,0,0,0,2,0,0,1,0,0,0,0,0,0,0,0,0,0,0,0,0,1,0,0,1,0,1.0,12.0,2.121,20.2,-47.98
1405,1,2,2,3,1,1,0,5,0,2,6,0,2,3,0,5,0,1,2,2,3,1,1,0,3,0,1,5,0,2,2,0,5,0,15.5,64.896,3.429,6.823,73.754
1406,0,0,0,0,0,0,0,0,0,0,0,0,2,0,0,1,0,0,0,0,0,0,0,0,0,0,0,0,0,1,0,0,1,0,1.0,12.0,2.121,20.2,-47.98
1407,0,0,0,0,0,0,0,0,0,0,0,0,0,0,0,0,0,0,0,0,0,0,0,0,0,0,0,0,0,0,0,0,0,0,0.0,0.0,0.0,-15.59,206.835
1408,0,0,0,0,0,0,0,0,0,0,0,0,2,0,0,1,0,0,0,0,0,0,0,0,0,0,0,0,0,1,0,0,1,0,1.0,12.0,2.121,20.2,-47.98
1409,10,28,12,23,8,29,1,69,10,6,34,18,49,5,0,40,19,8,10,10,7,1,6,1,41,6,2,11,17,11,4,0,26,3,14.182,51.312,6.365,4.804,85.877
1410,3,9,2,4,1,0,1,10,0,3,9,0,5,1,0,9,1,2,6,2,4,1,0,1,10,0,1,6,0,3,1,0,9,1,26.5,104.325,4.468,11.888,57.028
1411,0,0,0,0,0,0,0,0,0,0,0,0,0,0,0,0,0,0,0,0,0,0,0,0,0,0,0,0,0,0,0,0,0,0,0.0,0.0,0.0,-15.59,206.835
1412,5,12,6,13,5,11,0,22,1,8,14,6,16,2,2,19,0,5,8,6,5,2,5,0,20,1,2,3,5,6,2,1,14,0,17.714,67.372,5.334,5.783,85.152
1413,0,0,0,0,0,0,0,0,0,0,0,0,0,0,0,0,0,0,0,0,0,0,0,0,0,0,0,0,0,0,0,0,0,0,0.0,0.0,0.0,-15.59,206.835
1414,0,0,0,0,0,0,0,0,0,0,0,0,2,0,0,1,0,0,0,0,0,0,0,0,0,0,0,0,0,1,0,0,1,0,1.0,12.0,2.121,20.2,-47.98
1415,0,0,0,0,0,0,0,0,0,0,0,0,2,0,0,1,0,0,0,0,0,0,0,0,0,0,0,0,0,1,0,0,1,0,1.0,12.0,2.121,20.2,-47.98
1416,23,22,14,14,2,11,1,39,7,5,28,7,29,3,0,21,2,19,12,12,3,1,3,1,29,5,2,7,7,8,1,0,20,2,18.273,69.747,6.484,9.207,61.599
1417,5,3,1,3,2,3,1,10,0,0,2,0,5,0,1,3,1,5,3,1,2,1,3,1,9,0,0,2,0,2,0,1,3,1,11.333,39.458,4.123,3.406,90.826
1418,2,2,0,1,0,3,0,3,0,0,2,0,2,1,0,2,0,2,2,0,1,0,2,0,2,0,0,1,0,2,1,0,2,0,16.0,44.75,2.652,12.038,37.258
1419,2,5,2,3,2,2,0,13,2,1,11,0,5,0,0,8,2,2,4,2,1,1,2,0,13,2,1,7,0,3,0,0,8,1,13.25,50.755,4.371,6.944,68.881
1420,0,0,0,0,0,0,0,0,0,0,0,0,2,0,0,1,0,0,0,0,0,0,0,0,0,0,0,0,0,1,0,0,1,0,1.0,12.0,2.121,20.2,-47.98
1421,0,0,0,0,0,0,0,0,0,0,0,0,0,0,0,0,0,0,0,0,0,0,0,0,0,0,0,0,0,0,0,0,0,0,0.0,0.0,0.0,-15.59,206.835
1422,2,9,9,8,5,5,0,12,0,3,13,1,7,3,0,9,2,2,5,9,4,4,3,0,11,0,2,4,1,6,3,0,8,2,27.0,102.323,4.95,11.547,60.363
1423,0,0,0,0,0,0,0,0,0,0,0,0,0,0,0,0,0,0,0,0,0,0,0,0,0,0,0,0,0,0,0,0,0,0,0.0,0.0,0.0,-15.59,206.835
1424,0,0,0,0,0,0,0,0,0,0,0,0,0,0,0,0,0,0,0,0,0,0,0,0,0,0,0,0,0,0,0,0,0,0,0.0,0.0,0.0,-15.59,206.835
1425,1,4,2,5,1,3,0,8,0,1,8,0,4,3,0,8,1,1,3,2,3,1,2,0,6,0,1,5,0,3,2,0,7,1,22.5,85.307,3.795,8.132,76.838
1426,0,0,1,2,0,0,0,0,0,0,2,0,1,0,0,1,0,0,0,1,2,0,0,0,0,0,0,2,0,1,0,0,1,0,6.0,31.833,2.021,-1.45,116.145
1427,0,0,0,0,0,0,0,0,0,0,0,0,2,0,0,1,0,0,0,0,0,0,0,0,0,0,0,0,0,1,0,0,1,0,1.0,6.0,2.121,20.2,-47.98
1428,0,0,0,0,0,0,0,0,0,0,0,0,2,0,0,1,0,0,0,0,0,0,0,0,0,0,0,0,0,1,0,0,1,0,1.0,12.0,2.121,20.2,-47.98
1429,0,0,0,0,0,0,0,0,0,0,0,0,0,0,0,0,0,0,0,0,0,0,0,0,0,0,0,0,0,0,0,0,0,0,0.0,0.0,0.0,-15.59,206.835
1430,0,0,0,0,0,0,0,0,0,0,0,0,0,0,0,0,0,0,0,0,0,0,0,0,0,0,0,0,0,0,0,0,0,0,0.0,0.0,0.0,-15.59,206.835
1431,0,0,0,0,0,0,0,0,0,0,0,0,2,0,0,1,0,0,0,0,0,0,0,0,0,0,0,0,0,1,0,0,1,0,1.0,12.0,2.121,20.2,-47.98
1432,3,4,4,4,1,11,0,11,0,4,9,0,9,3,0,10,1,3,4,4,2,1,5,0,9,0,2,5,0,4,3,0,10,1,21.667,85.653,4.473,7.565,79.419
1433,0,5,3,6,3,4,0,15,0,2,11,0,10,1,0,6,0,0,4,3,4,2,1,0,13,0,2,6,0,6,1,0,4,0,19.0,72.554,4.402,8.381,68.813
1434,0,0,0,0,0,0,0,0,0,0,0,0,0,0,0,0,0,0,0,0,0,0,0,0,0,0,0,0,0,0,0,0,0,0,0.0,0.0,0.0,-15.59,206.835
1435,0,1,4,2,1,0,0,2,0,0,4,0,1,1,0,2,0,0,1,4,1,1,0,0,2,0,0,2,0,1,1,0,2,0,17.0,59.25,2.572,6.311,80.098
1436,14,25,24,32,14,24,0,54,5,16,49,2,33,9,2,49,8,13,13,21,8,3,6,0,46,4,3,13,2,7,7,1,35,2,36.111,139.937,6.825,12.653,68.662
1437,0,0,0,0,0,0,0,0,0,0,0,0,0,0,0,0,0,0,0,0,0,0,0,0,0,0,0,0,0,0,0,0,0,0,0.0,0.0,0.0,-15.59,206.835
1438,0,0,0,0,0,0,0,0,0,0,0,0,2,0,0,1,0,0,0,0,0,0,0,0,0,0,0,0,0,1,0,0,1,0,1.0,12.0,2.121,20.2,-47.98
1439,0,0,0,0,0,0,0,0,0,0,0,0,2,0,0,1,0,0,0,0,0,0,0,0,0,0,0,0,0,1,0,0,1,0,1.0,12.0,2.121,20.2,-47.98
1440,18,12,5,13,5,8,0,34,2,5,24,0,12,3,0,18,1,15,6,5,5,2,2,0,19,2,2,9,0,3,3,0,16,1,20.714,85.462,4.991,6.811,83.123
1441,4,10,5,10,3,7,0,23,0,10,25,0,9,4,0,23,0,4,8,5,4,2,5,0,17,0,3,6,0,3,4,0,17,0,24.8,98.992,4.763,7.785,83.418
1442,0,0,0,0,0,0,0,0,0,0,0,0,0,0,0,0,0,0,0,0,0,0,0,0,0,0,0,0,0,0,0,0,0,0,0.0,0.0,0.0,-15.59,206.835
1443,0,0,0,0,0,0,0,0,0,0,0,0,2,0,0,1,0,0,0,0,0,0,0,0,0,0,0,0,0,1,0,0,1,0,1.0,12.0,2.121,20.2,-47.98
1444,0,0,0,0,0,0,0,0,0,0,0,0,2,0,0,1,0,0,0,0,0,0,0,0,0,0,0,0,0,1,0,0,1,0,1.0,12.0,2.121,20.2,-47.98
1445,14,17,10,10,10,14,1,39,6,3,18,10,45,3,0,20,14,14,8,9,4,3,6,1,32,5,2,7,9,10,3,0,13,3,27.143,87.592,6.412,10.522,67.969
1446,3,5,1,5,1,5,0,12,0,1,4,0,5,1,0,3,0,3,5,1,4,1,3,0,11,0,1,3,0,2,1,0,3,0,13.667,64.53,3.976,8.447,58.841
1447,2,10,5,5,4,1,3,16,1,3,11,9,10,0,1,15,5,2,4,3,4,2,1,2,13,1,2,4,9,2,0,1,10,2,11.25,38.0,4.398,7.153,63.816
1448,0,0,0,0,0,0,0,0,0,0,0,0,2,0,0,1,0,0,0,0,0,0,0,0,0,0,0,0,0,1,0,0,1,0,1.0,6.0,2.121,20.2,-47.98
1449,14,24,9,10,6,16,1,39,7,8,20,0,19,3,2,20,0,14,12,7,3,1,4,1,30,7,2,5,0,5,3,2,19,0,16.091,61.9,5.9,5.419,84.872
1450,2,9,2,5,1,10,0,18,0,2,6,0,5,0,0,7,1,2,7,2,2,1,5,0,16,0,1,3,0,3,0,0,7,1,15.75,59.591,4.365,6.099,79.392
1451,10,24,25,20,5,9,0,36,4,7,33,5,36,9,0,29,2,9,8,17,6,3,2,0,28,3,3,9,5,8,4,0,23,1,19.909,83.929,5.925,8.285,71.123
1452,0,0,0,0,0,0,0,0,0,0,0,0,0,0,0,0,0,0,0,0,0,0,0,0,0,0,0,0,0,0,0,0,0,0,0.0,0.0,0.0,-15.59,206.835
1453,8,11,8,10,3,2,1,18,0,5,21,4,11,3,0,19,1,7,9,8,5,1,2,1,17,0,2,7,4,4,3,0,13,1,19.0,85.128,5.431,7.553,74.75
1454,1,4,1,2,1,1,1,3,0,2,2,4,5,1,0,3,0,1,2,1,2,1,1,1,3,0,1,1,4,3,1,0,3,0,8.667,31.271,3.328,0.498,106.931
1455,4,6,0,5,1,6,0,14,0,1,8,0,8,1,0,8,1,4,5,0,1,1,2,0,10,0,1,5,0,3,1,0,7,1,11.0,45.803,3.909,6.078,71.077
1456,4,13,1,10,3,2,0,13,0,5,21,2,11,2,1,13,0,4,9,1,5,2,2,0,13,0,2,9,2,4,1,1,10,0,11.125,44.664,4.722,3.333,90.981
1457,9,16,7,4,4,9,1,28,0,2,21,0,13,2,0,22,6,7,11,6,4,2,5,1,21,0,2,7,0,7,1,0,16,2,18.714,75.631,5.56,8.283,69.013
1458,14,24,13,21,4,23,0,43,4,11,40,6,19,9,0,39,2,12,12,13,6,2,6,0,28,4,2,9,5,6,7,0,26,2,16.867,66.128,5.868,6.193,80.705
1459,6,4,1,5,1,2,0,6,0,2,7,1,5,0,0,2,0,6,3,1,2,1,2,0,5,0,1,6,1,3,0,0,2,0,12.333,46.65,3.836,4.528,84.565
1460,3,2,0,0,1,2,0,7,0,0,3,0,3,0,0,5,1,3,2,0,0,1,2,0,7,0,0,2,0,2,0,0,5,1,24.0,98.697,3.608,12.945,45.0
1461,9,19,11,10,9,5,0,18,1,10,28,1,12,6,0,16,1,7,9,11,4,3,3,0,16,1,2,13,1,3,5,0,11,1,20.571,81.234,5.127,5.954,89.018
1462,25,28,30,32,13,23,1,50,2,17,37,5,41,7,1,42,8,22,12,21,8,3,4,1,42,2,2,11,5,9,6,1,31,2,19.875,81.261,6.939,6.633,82.907
1463,28,46,25,42,22,41,1,77,6,14,88,8,51,7,0,74,6,25,14,17,6,3,7,1,52,5,2,16,5,9,5,0,48,2,17.25,65.67,6.66,5.356,87.386
1464,0,0,0,0,0,0,0,0,0,0,0,0,2,0,0,1,0,0,0,0,0,0,0,0,0,0,0,0,0,1,0,0,1,0,1.0,12.0,2.121,20.2,-47.98
1465,10,18,23,23,5,9,1,25,0,8,41,1,20,8,0,36,4,10,9,19,6,2,4,1,21,0,2,13,1,3,6,0,26,1,15.143,63.642,5.828,4.62,88.907
1466,0,0,0,0,0,0,0,0,0,0,0,0,0,0,0,0,0,0,0,0,0,0,0,0,0,0,0,0,0,0,0,0,0,0,0.0,0.0,0.0,-15.59,206.835
1467,1,7,6,3,4,6,1,8,0,3,13,2,8,2,0,11,3,1,4,6,3,3,4,1,8,0,2,5,2,3,2,0,10,2,14.0,51.805,4.648,3.693,93.522
1468,0,0,0,0,0,0,0,0,0,0,0,0,0,0,0,0,0,0,0,0,0,0,0,0,0,0,0,0,0,0,0,0,0,0,0.0,0.0,0.0,-15.59,206.835
1469,0,0,0,0,0,0,0,0,0,0,0,0,2,0,0,1,0,0,0,0,0,0,0,0,0,0,0,0,0,1,0,0,1,0,1.0,12.0,2.121,20.2,-47.98
1470,8,18,12,10,3,13,0,31,6,7,23,11,27,3,2,29,3,7,14,10,5,2,6,0,28,6,2,7,11,7,3,1,22,2,12.786,46.597,6.765,3.965,89.407
1471,0,0,0,0,0,0,0,0,0,0,0,0,0,0,0,0,0,0,0,0,0,0,0,0,0,0,0,0,0,0,0,0,0,0,0.0,0.0,0.0,-15.59,206.835
1472,0,0,0,0,0,0,0,0,0,0,0,0,0,0,0,0,0,0,0,0,0,0,0,0,0,0,0,0,0,0,0,0,0,0,0.0,0.0,0.0,-15.59,206.835
1473,0,0,0,0,0,0,0,0,0,0,0,0,0,0,0,0,0,0,0,0,0,0,0,0,0,0,0,0,0,0,0,0,0,0,0.0,0.0,0.0,-15.59,206.835
1474,0,0,0,0,0,0,0,0,0,0,0,0,0,0,0,0,0,0,0,0,0,0,0,0,0,0,0,0,0,0,0,0,0,0,0.0,0.0,0.0,-15.59,206.835
1475,10,19,11,17,7,11,0,31,9,6,21,4,20,4,1,24,10,8,10,11,6,3,5,0,24,9,3,5,4,5,3,1,17,3,12.267,41.028,5.838,4.649,83.577
1476,3,4,3,6,1,4,1,12,0,2,9,0,11,2,1,6,1,3,2,3,3,1,1,1,11,0,1,6,0,5,2,1,6,1,27.0,108.125,4.426,7.396,90.13
1477,0,0,0,0,0,0,0,0,0,0,0,0,0,0,0,0,0,0,0,0,0,0,0,0,0,0,0,0,0,0,0,0,0,0,0.0,0.0,0.0,-15.59,206.835
1478,0,0,0,0,0,0,0,0,0,0,0,0,0,0,0,0,0,0,0,0,0,0,0,0,0,0,0,0,0,0,0,0,0,0,0.0,0.0,0.0,-15.59,206.835
1479,0,0,0,0,0,0,0,0,0,0,0,0,0,0,0,0,0,0,0,0,0,0,0,0,0,0,0,0,0,0,0,0,0,0,0.0,0.0,0.0,-15.59,206.835
1480,0,0,0,0,0,0,0,0,0,0,0,0,0,0,0,0,0,0,0,0,0,0,0,0,0,0,0,0,0,0,0,0,0,0,0.0,0.0,0.0,-15.59,206.835
1481,3,5,2,4,2,5,0,14,0,2,5,3,6,2,0,6,2,3,4,2,3,2,2,0,13,0,2,4,3,4,2,0,6,2,14.0,57.082,4.819,6.727,71.768
1482,30,30,17,16,11,19,0,53,2,7,32,1,29,4,0,31,0,28,15,13,4,3,6,0,32,2,2,13,1,6,4,0,24,0,17.929,76.289,6.695,8.279,67.636
1483,0,0,0,0,0,0,0,0,0,0,0,0,2,0,0,1,0,0,0,0,0,0,0,0,0,0,0,0,0,1,0,0,1,0,1.0,12.0,2.121,20.2,-47.98
1484,22,26,23,25,10,15,1,35,6,8,43,0,33,7,3,31,2,21,15,19,5,3,4,1,29,6,2,14,0,7,7,1,24,1,23.091,89.13,6.744,7.956,79.147
1485,2,3,1,0,0,1,0,9,0,0,1,0,5,0,0,4,5,2,1,1,0,0,1,0,7,0,0,1,0,1,0,0,3,1,5.2,19.4,2.496,0.053,103.942
1486,1,6,5,9,2,4,0,11,0,1,8,0,4,2,0,7,0,1,3,5,4,2,2,0,8,0,1,2,0,2,2,0,7,0,14.0,57.881,3.591,6.727,71.768
1487,0,0,0,0,0,0,0,0,0,0,0,0,2,0,0,1,0,0,0,0,0,0,0,0,0,0,0,0,0,1,0,0,1,0,1.0,6.0,2.121,20.2,-47.98
1488,4,3,6,2,2,4,0,5,0,1,3,2,10,2,0,6,2,4,3,6,1,2,3,0,5,0,1,3,2,6,2,0,5,1,14.333,59.18,4.852,4.27,89.98
1489,0,0,0,0,0,0,0,0,0,0,0,0,0,0,0,0,0,0,0,0,0,0,0,0,0,0,0,0,0,0,0,0,0,0,0.0,0.0,0.0,-15.59,206.835
1490,0,0,0,0,0,0,0,0,0,0,0,0,0,0,0,0,0,0,0,0,0,0,0,0,0,0,0,0,0,0,0,0,0,0,0.0,0.0,0.0,-15.59,206.835
1491,6,8,3,7,4,7,0,14,1,4,12,2,13,3,0,10,3,5,5,3,4,2,3,0,13,1,1,6,2,6,2,0,10,1,21.0,83.946,4.861,5.664,91.856
1492,0,0,0,0,0,0,0,0,0,0,0,0,0,0,0,0,0,0,0,0,0,0,0,0,0,0,0,0,0,0,0,0,0,0,0.0,0.0,0.0,-15.59,206.835
1493,13,14,11,7,2,15,0,28,0,7,10,7,23,2,1,19,9,13,10,11,3,2,7,0,24,0,2,6,6,7,2,1,16,1,48.333,195.265,6.518,17.746,53.923
1494,0,0,0,0,0,0,0,0,0,0,0,0,0,0,0,0,0,0,0,0,0,0,0,0,0,0,0,0,0,0,0,0,0,0,0.0,0.0,0.0,-15.59,206.835
1495,10,11,7,11,2,12,0,19,4,1,20,0,14,1,1,12,6,9,7,6,3,2,4,0,13,4,1,10,0,5,1,1,7,2,16.571,68.363,4.793,5.725,83.536
1496,0,0,0,0,0,0,0,0,0,0,0,0,0,0,0,0,0,0,0,0,0,0,0,0,0,0,0,0,0,0,0,0,0,0,0.0,0.0,0.0,-15.59,206.835
1497,26,24,28,28,5,24,2,42,3,6,38,0,30,13,0,35,4,18,13,20,5,2,6,2,29,2,2,10,0,6,6,0,19,1,27.7,113.744,5.651,9.313,77.627
1498,4,7,3,1,4,4,1,15,0,3,6,1,6,3,0,7,1,4,4,3,1,3,1,1,14,0,2,3,1,2,3,0,7,1,30.0,125.279,4.473,15.187,39.615
1499,16,19,19,18,12,19,1,39,1,8,35,1,21,5,0,30,2,16,13,16,4,3,7,1,32,1,2,10,1,2,4,0,23,1,17.231,66.177,6.189,7.513,71.888
1500,0,0,0,0,0,0,0,0,0,0,0,0,0,0,0,0,0,0,0,0,0,0,0,0,0,0,0,0,0,0,0,0,0,0,0.0,0.0,0.0,-15.59,206.835
1501,0,0,0,0,0,0,0,0,0,0,0,0,0,0,0,0,0,0,0,0,0,0,0,0,0,0,0,0,0,0,0,0,0,0,0.0,0.0,0.0,-15.59,206.835
1502,0,0,0,0,0,0,0,0,0,0,0,0,0,0,0,0,0,0,0,0,0,0,0,0,0,0,0,0,0,0,0,0,0,0,0.0,0.0,0.0,-15.59,206.835
1503,5,8,10,10,7,13,1,31,2,6,23,0,15,0,0,21,4,5,6,10,2,3,4,1,26,2,2,6,0,4,0,0,16,1,20.143,74.508,5.181,8.25,71.79
1504,16,22,16,21,4,20,0,30,0,9,38,4,24,7,0,29,2,14,10,15,4,3,6,0,24,0,2,8,4,7,7,0,19,1,21.8,92.097,5.555,8.339,74.107
1505,1,3,3,2,1,1,1,8,1,2,5,0,3,0,0,5,2,1,3,3,1,1,1,1,8,1,1,5,0,2,0,0,4,1,17.5,55.935,3.944,9.104,60.964
1506,5,4,2,5,2,4,1,7,0,1,7,0,7,1,0,8,1,4,4,2,3,2,1,1,5,0,1,7,0,4,1,0,8,1,12.0,49.328,4.389,3.103,94.193
1507,0,0,0,0,0,0,0,0,0,0,0,0,0,0,0,0,0,0,0,0,0,0,0,0,0,0,0,0,0,0,0,0,0,0,0.0,0.0,0.0,-15.59,206.835
1508,7,8,5,9,0,6,0,15,4,3,13,1,12,3,0,6,4,5,6,4,4,0,2,0,11,3,2,10,1,5,2,0,5,1,12.0,43.144,4.552,2.295,99.984
1509,0,11,7,7,1,6,0,17,2,2,9,2,12,3,1,13,0,0,7,7,4,1,3,0,13,2,2,5,1,6,3,1,10,0,10.125,42.343,4.871,4.238,82.714
1510,15,18,15,20,8,15,0,46,3,15,31,3,26,10,5,35,8,13,13,14,5,4,7,0,38,2,2,5,2,7,9,1,26,4,30.125,124.564,6.468,11.337,67.437
1511,0,0,0,0,0,0,0,0,0,0,0,0,0,0,0,0,0,0,0,0,0,0,0,0,0,0,0,0,0,0,0,0,0,0,0.0,0.0,0.0,-15.59,206.835
1512,0,0,0,0,0,0,0,0,0,0,0,0,0,0,0,0,0,0,0,0,0,0,0,0,0,0,0,0,0,0,0,0,0,0,0.0,0.0,0.0,-15.59,206.835
1513,4,4,2,5,1,4,0,10,2,1,9,2,6,1,0,4,1,3,3,2,2,1,3,0,9,2,1,5,2,2,1,0,4,1,8.333,24.733,4.1,0.168,108.701
1514,6,7,2,3,2,4,0,10,0,0,4,3,4,1,0,3,0,6,5,1,1,2,4,0,9,0,0,2,3,2,1,0,3,0,22.5,82.247,4.111,12.065,48.638
1515,7,14,7,19,2,16,1,24,3,8,23,2,22,2,1,20,4,7,9,6,6,2,6,1,19,3,3,7,2,7,2,1,10,1,13.909,53.012,4.973,2.869,99.27
1516,2,9,2,4,4,0,2,15,0,3,19,6,14,4,0,15,2,2,5,2,2,1,0,2,11,0,2,8,5,5,3,0,11,1,21.75,80.493,4.321,8.083,75.848
1517,16,15,9,15,7,9,0,26,0,4,15,0,16,4,0,15,1,15,9,8,3,3,4,0,25,0,2,7,0,5,3,0,13,1,22.667,87.691,5.76,10.256,61.905
1518,5,11,4,8,5,11,0,34,4,5,16,2,21,5,1,18,6,5,7,4,5,2,4,0,26,4,1,4,2,5,1,1,13,1,16.875,72.518,4.99,7.249,73.147
1519,0,0,0,0,0,0,0,0,0,0,0,0,0,0,0,0,0,0,0,0,0,0,0,0,0,0,0,0,0,0,0,0,0,0,0.0,0.0,0.0,-15.59,206.835
1520,6,8,10,10,6,16,2,23,0,5,14,2,17,3,0,17,5,6,5,10,3,2,6,2,21,0,2,6,2,5,2,0,14,1,12.7,49.937,5.333,4.601,84.697
1521,0,0,0,0,0,0,0,0,0,0,0,0,0,0,0,0,0,0,0,0,0,0,0,0,0,0,0,0,0,0,0,0,0,0,0.0,0.0,0.0,-15.59,206.835
1522,14,18,14,13,5,16,0,34,2,7,35,3,22,6,0,33,2,13,8,11,4,2,4,0,29,2,2,8,3,9,5,0,20,1,11.278,45.2,5.807,3.573,89.534
1523,12,21,11,15,5,16,1,33,1,5,19,5,16,4,0,19,5,11,9,8,6,3,5,1,27,1,2,9,5,5,3,0,16,2,17.1,66.062,5.894,7.157,74.205
1524,0,2,0,0,1,5,0,5,0,1,1,1,2,0,0,2,0,0,2,0,0,1,3,0,5,0,1,1,1,2,0,0,2,0,9.0,33.174,3.0,2.998,89.6
1525,12,10,5,15,9,13,1,32,5,0,20,1,26,4,0,16,10,11,6,4,4,2,5,1,29,5,0,4,1,3,3,0,12,1,9.812,41.431,5.192,4.246,82.1
1526,31,43,36,46,20,29,1,73,1,28,69,2,37,17,0,68,1,28,15,20,8,3,8,1,56,1,2,12,2,7,8,0,50,1,27.294,116.572,6.861,10.72,66.818
1527,9,9,9,9,4,7,0,16,1,2,10,5,14,2,0,9,0,6,4,8,5,2,2,0,13,1,2,5,5,7,2,0,9,0,18.2,63.502,5.115,7.846,71.224
1528,8,20,8,11,8,12,1,31,0,7,10,6,16,5,1,27,0,8,9,7,6,4,4,1,24,0,2,7,6,4,5,1,17,0,19.125,87.363,5.717,9.453,61.353
1529,16,24,10,9,8,7,1,32,1,5,20,2,21,4,0,19,5,14,8,10,3,3,4,1,26,1,2,8,2,6,2,0,18,2,32.6,131.238,6.092,12.254,65.271
1530,1,3,1,8,2,5,0,11,0,1,11,0,7,2,0,7,0,1,3,1,4,1,3,0,10,0,1,7,0,3,2,0,7,0,10.6,48.652,4.274,6.578,66.782
1531,12,21,23,28,3,16,1,39,3,13,44,1,31,10,1,36,4,12,12,18,6,2,6,1,32,3,2,11,1,9,6,1,22,1,14.941,57.914,5.901,3.431,97.078
1532,0,0,0,0,0,0,0,0,0,0,0,0,2,0,0,1,0,0,0,0,0,0,0,0,0,0,0,0,0,1,0,0,1,0,1.0,12.0,2.121,20.2,-47.98
1533,19,22,24,27,10,15,0,38,2,13,44,3,36,11,0,34,4,17,14,19,5,3,7,0,28,1,2,13,3,7,6,0,23,2,22.083,91.824,5.994,8.607,72.685
1534,16,25,12,24,9,19,0,41,3,8,33,4,28,3,1,26,1,13,12,12,5,3,5,0,38,3,3,9,4,7,2,1,23,1,15.857,62.095,6.312,5.956,80.608
1535,4,8,6,7,1,4,1,19,1,1,8,0,11,3,0,9,0,4,5,6,3,1,3,1,16,1,1,3,0,4,2,0,9,0,10.286,40.723,4.833,4.319,82.42
1536,0,0,0,0,0,0,0,0,0,0,0,0,0,0,0,0,0,0,0,0,0,0,0,0,0,0,0,0,0,0,0,0,0,0,0.0,0.0,0.0,-15.59,206.835
1537,0,0,0,0,0,0,0,0,0,0,0,0,0,0,0,0,0,0,0,0,0,0,0,0,0,0,0,0,0,0,0,0,0,0,0.0,0.0,0.0,-15.59,206.835
1538,0,0,0,0,0,0,0,0,0,0,0,0,0,0,0,0,0,0,0,0,0,0,0,0,0,0,0,0,0,0,0,0,0,0,0.0,0.0,0.0,-15.59,206.835
1539,0,0,0,0,0,0,0,0,0,0,0,0,0,0,0,0,0,0,0,0,0,0,0,0,0,0,0,0,0,0,0,0,0,0,0.0,0.0,0.0,-15.59,206.835
1540,0,0,0,0,0,0,0,0,0,0,0,0,2,0,0,1,0,0,0,0,0,0,0,0,0,0,0,0,0,1,0,0,1,0,1.0,12.0,2.121,20.2,-47.98
1541,0,0,0,0,0,0,0,0,0,0,0,0,0,0,0,0,0,0,0,0,0,0,0,0,0,0,0,0,0,0,0,0,0,0,0.0,0.0,0.0,-15.59,206.835
1542,20,19,14,17,11,19,1,60,1,12,28,8,35,3,0,24,1,13,10,11,4,4,6,1,37,1,2,7,4,8,2,0,21,1,19.667,83.267,5.708,9.93,58.898
1543,0,0,0,0,0,0,0,0,0,0,0,0,2,0,0,1,0,0,0,0,0,0,0,0,0,0,0,0,0,1,0,0,1,0,1.0,12.0,2.121,20.2,-47.98
1544,4,6,3,10,0,5,1,13,0,3,9,0,6,2,0,8,0,3,5,3,5,0,3,1,12,0,2,5,0,4,2,0,7,0,12.8,54.214,4.419,2.308,101.312
1545,7,10,3,9,3,7,0,7,1,1,13,4,5,2,0,10,2,7,7,3,4,1,3,0,7,1,1,7,4,4,1,0,10,2,19.75,73.881,4.773,7.049,79.7
1546,0,0,0,0,0,0,0,0,0,0,0,0,2,0,0,1,0,0,0,0,0,0,0,0,0,0,0,0,0,1,0,0,1,0,1.0,12.0,2.121,20.2,-47.98
1547,1,1,0,1,1,0,0,5,0,0,3,0,2,0,0,1,0,1,1,0,1,1,0,0,5,0,0,2,0,2,0,0,1,0,13.0,66.548,2.746,8.542,56.978
1548,0,0,0,0,0,0,0,0,0,0,0,0,0,0,0,0,0,0,0,0,0,0,0,0,0,0,0,0,0,0,0,0,0,0,0.0,0.0,0.0,-15.59,206.835
1549,0,0,0,0,0,0,0,0,0,0,0,0,2,0,0,1,0,0,0,0,0,0,0,0,0,0,0,0,0,1,0,0,1,0,1.0,12.0,2.121,20.2,-47.98
1550,0,0,0,0,0,0,0,0,0,0,0,0,0,0,0,0,0,0,0,0,0,0,0,0,0,0,0,0,0,0,0,0,0,0,0.0,0.0,0.0,-15.59,206.835
1551,0,0,0,0,0,0,0,0,0,0,0,0,2,0,0,1,0,0,0,0,0,0,0,0,0,0,0,0,0,1,0,0,1,0,1.0,12.0,2.121,20.2,-47.98
1552,0,0,0,0,0,0,0,0,0,0,0,0,2,0,0,1,0,0,0,0,0,0,0,0,0,0,0,0,0,1,0,0,1,0,1.0,12.0,2.121,20.2,-47.98
1553,6,7,2,4,1,2,0,11,0,0,8,2,7,1,0,5,1,6,4,2,2,1,1,0,10,0,0,5,2,4,1,0,4,1,10.0,41.607,4.3,6.482,66.401
1554,0,0,0,0,0,0,0,0,0,0,0,0,0,0,0,0,0,0,0,0,0,0,0,0,0,0,0,0,0,0,0,0,0,0,0.0,0.0,0.0,-15.59,206.835
1555,2,2,1,2,1,1,0,0,0,1,2,0,1,1,0,4,0,2,2,1,1,1,1,0,0,0,1,2,0,1,1,0,4,0,17.0,61.298,2.744,4.922,90.051
1556,1,4,2,2,2,4,0,8,1,1,5,1,2,0,0,6,0,1,3,2,1,2,4,0,6,1,1,3,1,2,0,0,5,0,18.5,66.457,3.604,6.614,80.593
1557,0,0,0,0,0,0,0,0,0,0,0,0,2,0,0,1,0,0,0,0,0,0,0,0,0,0,0,0,0,1,0,0,1,0,1.0,12.0,2.121,20.2,-47.98
1558,27,37,23,41,17,26,3,62,5,19,53,9,44,10,0,50,5,24,12,18,6,3,6,2,39,2,3,15,5,8,4,0,36,1,21.278,86.584,6.034,8.668,70.818
1559,8,6,4,9,3,8,0,21,0,2,14,1,11,4,0,12,0,7,5,3,3,3,3,0,17,0,1,5,1,6,4,0,9,0,23.0,89.051,4.644,10.31,62.107
1560,8,9,5,6,3,5,0,13,0,5,15,3,8,2,0,13,5,8,6,5,3,2,2,0,13,0,2,7,3,3,2,0,12,2,18.4,66.909,5.087,7.49,74.133
1561,0,0,0,0,0,0,0,0,0,0,0,0,2,0,0,1,0,0,0,0,0,0,0,0,0,0,0,0,0,1,0,0,1,0,1.0,12.0,2.121,20.2,-47.98
1562,0,0,0,0,0,0,0,0,0,0,0,0,2,0,0,1,0,0,0,0,0,0,0,0,0,0,0,0,0,1,0,0,1,0,1.0,12.0,2.121,20.2,-47.98
1563,7,19,8,17,11,17,1,32,1,11,27,2,13,6,0,36,3,7,9,7,4,3,3,1,26,1,2,7,2,5,4,0,28,1,24.75,99.563,5.276,9.319,72.332
1564,21,25,21,22,14,15,0,36,2,14,46,1,23,9,0,41,3,17,10,15,5,3,5,0,28,2,2,12,1,6,6,0,27,1,19.214,79.717,5.863,6.511,82.605
1565,0,0,0,0,0,0,0,0,0,0,0,0,2,0,0,1,0,0,0,0,0,0,0,0,0,0,0,0,0,1,0,0,1,0,1.0,12.0,2.121,20.2,-47.98
1566,0,0,0,0,0,0,0,0,0,0,0,0,0,0,0,0,0,0,0,0,0,0,0,0,0,0,0,0,0,0,0,0,0,0,0.0,0.0,0.0,-15.59,206.835
1567,0,0,0,0,0,0,0,0,0,0,0,0,2,0,0,1,0,0,0,0,0,0,0,0,0,0,0,0,0,1,0,0,1,0,1.0,12.0,2.121,20.2,-47.98
1568,0,0,0,0,0,0,0,0,0,0,0,0,0,0,0,0,0,0,0,0,0,0,0,0,0,0,0,0,0,0,0,0,0,0,0.0,0.0,0.0,-15.59,206.835
1569,0,0,0,0,0,0,0,0,0,0,0,0,0,0,0,0,0,0,0,0,0,0,0,0,0,0,0,0,0,0,0,0,0,0,0.0,0.0,0.0,-15.59,206.835
1570,23,33,13,19,17,17,1,44,3,8,27,16,37,4,3,45,5,23,13,12,4,3,3,1,31,2,2,6,9,7,4,1,39,2,18.333,77.286,6.78,8.638,65.787
1571,3,4,5,6,2,6,2,12,0,5,11,0,10,4,2,14,1,3,2,5,2,1,2,2,10,0,1,7,0,4,2,1,11,1,15.0,67.274,4.409,6.308,76.554
1572,14,13,7,9,8,6,1,29,0,5,27,5,29,1,0,20,3,13,6,6,6,3,3,1,20,0,2,11,3,5,1,0,16,1,13.455,50.924,5.522,7.676,63.992
1573,0,0,0,0,0,0,0,0,0,0,0,0,2,0,0,1,0,0,0,0,0,0,0,0,0,0,0,0,0,1,0,0,1,0,1.0,12.0,2.121,20.2,-47.98
1574,7,16,8,17,9,14,0,31,0,4,24,0,15,5,0,21,3,7,8,8,7,3,8,0,24,0,2,7,0,6,5,0,16,1,17.667,76.972,5.327,7.182,75.039
1575,0,0,0,0,0,0,0,0,0,0,0,0,0,0,0,0,0,0,0,0,0,0,0,0,0,0,0,0,0,0,0,0,0,0,0.0,0.0,0.0,-15.59,206.835
1576,0,0,0,0,0,0,0,0,0,0,0,0,0,0,0,0,0,0,0,0,0,0,0,0,0,0,0,0,0,0,0,0,0,0,0.0,0.0,0.0,-15.59,206.835
1577,8,30,28,26,10,17,0,42,4,10,35,8,21,13,1,48,4,8,12,23,7,3,3,0,27,4,2,10,5,6,9,1,32,2,25.727,104.007,6.137,9.663,71.609
1578,10,18,6,14,9,13,0,32,3,6,27,6,21,8,0,22,7,10,8,5,4,4,5,0,30,3,1,11,6,8,5,0,19,4,16.273,63.666,6.289,4.666,90.594
1579,4,5,9,8,0,2,2,10,0,2,12,0,15,5,1,13,2,4,5,8,4,0,2,2,9,0,2,7,0,6,4,1,11,1,19.0,71.828,5.11,6.104,85.139
1580,12,13,3,17,3,8,1,21,6,3,14,1,11,4,1,12,6,10,8,3,5,2,2,1,15,6,2,6,1,6,4,1,11,2,15.5,52.906,5.207,2.445,105.138
1581,1,1,2,1,1,1,0,3,0,0,3,0,1,0,0,0,0,1,1,2,1,1,1,0,3,0,0,3,0,1,0,0,0,0,13.0,44.381,2.746,6.726,69.994
1582,3,5,2,6,1,4,0,9,0,3,6,0,4,2,0,6,1,3,4,2,3,1,2,0,8,0,1,2,0,2,1,0,5,1,16.333,63.847,3.536,5.47,84.938
1583,0,0,0,0,0,0,0,0,0,0,0,0,2,0,0,1,0,0,0,0,0,0,0,0,0,0,0,0,0,1,0,0,1,0,1.0,12.0,2.121,20.2,-47.98
1584,7,6,4,6,2,5,1,11,0,5,9,3,7,2,0,11,6,7,5,3,2,2,3,1,11,0,2,4,3,3,2,0,10,1,15.6,58.716,4.644,6.379,77.116
1585,0,0,0,0,0,0,0,0,0,0,0,0,0,0,0,0,0,0,0,0,0,0,0,0,0,0,0,0,0,0,0,0,0,0,0.0,0.0,0.0,-15.59,206.835
1586,1,2,1,2,1,1,0,1,0,0,1,1,2,0,0,1,0,1,2,1,1,1,1,0,1,0,0,1,1,2,0,0,1,0,12.0,40.548,2.654,4.823,81.855
1587,0,4,0,3,1,2,0,2,0,3,5,4,3,1,0,7,0,0,3,0,3,1,2,0,2,0,1,2,4,3,1,0,7,0,16.0,54.19,3.375,5.4,84.845
1588,0,0,0,0,0,0,0,0,0,0,0,0,0,0,0,0,0,0,0,0,0,0,0,0,0,0,0,0,0,0,0,0,0,0,0.0,0.0,0.0,-15.59,206.835
1589,8,17,7,10,9,12,0,25,1,5,21,1,25,4,1,22,2,8,8,7,2,4,5,0,18,1,2,10,1,7,4,1,16,2,18.25,77.379,5.559,7.207,75.898
1590,46,80,40,52,27,44,1,147,12,25,92,48,143,6,13,91,22,35,18,24,8,3,10,1,94,11,4,14,40,11,6,3,49,2,17.571,64.251,8.199,8.115,68.176
1591,0,0,0,0,0,0,0,0,0,0,0,0,0,0,0,0,0,0,0,0,0,0,0,0,0,0,0,0,0,0,0,0,0,0,0.0,0.0,0.0,-15.59,206.835
1592,0,0,0,0,0,0,0,0,0,0,0,0,2,0,0,1,0,0,0,0,0,0,0,0,0,0,0,0,0,1,0,0,1,0,1.0,12.0,2.121,20.2,-47.98
1593,12,19,7,21,4,16,1,40,4,5,30,2,33,8,0,30,5,12,10,7,7,2,3,1,24,2,1,7,2,8,3,0,24,2,15.615,67.791,5.36,7.183,71.378
1594,0,0,0,0,0,0,0,0,0,0,0,0,0,0,0,0,0,0,0,0,0,0,0,0,0,0,0,0,0,0,0,0,0,0,0.0,0.0,0.0,-15.59,206.835
1595,0,0,0,0,0,0,0,0,0,0,0,0,0,0,0,0,0,0,0,0,0,0,0,0,0,0,0,0,0,0,0,0,0,0,0.0,0.0,0.0,-15.59,206.835
1596,0,0,0,0,0,0,0,0,0,0,0,0,0,0,0,0,0,0,0,0,0,0,0,0,0,0,0,0,0,0,0,0,0,0,0.0,0.0,0.0,-15.59,206.835
1597,0,0,0,0,0,0,0,0,0,0,0,0,2,0,0,1,0,0,0,0,0,0,0,0,0,0,0,0,0,1,0,0,1,0,1.0,12.0,2.121,20.2,-47.98
1598,13,22,14,17,5,14,1,33,1,6,35,0,29,6,1,23,3,13,10,12,4,2,6,1,26,1,2,10,0,4,5,1,19,1,17.545,69.588,5.599,5.865,84.263
1599,10,13,10,12,6,8,1,31,0,6,19,4,31,3,3,23,6,10,6,10,4,2,3,1,26,0,2,9,4,7,3,1,17,3,12.917,51.046,6.134,4.521,85.655
1600,4,6,2,5,3,6,0,13,0,2,6,3,11,2,0,8,2,3,4,2,5,2,3,0,9,0,2,4,3,6,1,0,7,1,15.5,62.092,4.67,8.536,61.473
1601,2,7,2,3,1,5,0,11,0,1,9,0,4,3,0,9,2,2,4,2,3,1,4,0,10,0,1,5,0,2,2,0,9,1,18.333,73.744,4.291,6.364,82.092
1602,13,24,18,25,13,18,0,43,20,9,32,11,45,6,2,34,24,12,10,14,7,3,7,0,36,11,3,10,10,9,6,2,25,4,15.211,52.915,6.738,5.449,83.085
1603,20,16,12,12,11,17,0,31,1,6,17,4,30,3,0,19,5,17,12,11,3,5,5,0,29,1,1,6,4,7,2,0,15,2,34.4,143.06,6.362,13.742,57.807
1604,7,8,5,3,2,4,0,19,0,3,3,0,14,1,1,7,3,7,6,5,2,1,2,0,17,0,2,3,0,5,1,1,7,1,32.0,141.643,4.95,13.484,55.386
1605,10,12,6,10,2,10,1,22,2,4,11,1,11,4,0,10,1,9,9,4,4,2,4,1,17,2,2,4,1,5,3,0,9,1,21.2,83.961,5.22,6.704,84.755
1606,4,7,2,8,3,5,0,12,2,5,8,0,5,1,0,12,0,4,6,2,3,1,3,0,11,2,2,5,0,3,1,0,8,0,23.0,90.234,4.171,9.797,65.786
1607,7,12,3,10,6,10,0,24,1,10,19,3,14,5,0,19,2,6,9,3,4,2,4,0,21,1,2,6,2,4,3,0,13,2,32.75,118.312,4.881,10.784,76.078
1608,23,25,17,17,5,13,2,43,1,4,26,3,28,6,0,16,1,21,9,15,4,2,6,2,37,1,2,10,3,10,3,0,16,1,28.857,141.565,6.717,13.306,51.064
1609,16,11,8,11,7,13,0,22,0,7,28,0,20,3,0,19,1,11,7,8,4,2,4,0,17,0,2,13,0,6,2,0,15,1,14.5,54.125,5.109,5.364,82.429
1610,5,9,6,9,6,8,0,27,3,2,13,0,8,1,1,12,2,5,8,6,4,2,5,0,24,3,2,4,0,2,1,1,12,1,11.556,44.575,5.27,3.553,90.17
1611,9,14,8,12,14,15,2,33,4,5,24,0,21,1,0,25,1,8,8,8,4,3,4,2,24,2,2,8,0,5,1,0,18,1,27.833,105.211,5.362,9.185,78.787
1612,5,6,9,2,2,4,0,7,0,2,12,0,7,0,0,11,1,4,5,8,1,2,3,0,7,0,1,6,0,3,0,0,10,1,10.167,40.043,4.436,1.723,100.821
1613,6,8,13,11,6,3,1,21,3,4,17,0,14,4,1,19,0,6,5,10,3,3,1,1,16,3,1,8,0,8,4,1,14,0,29.25,105.977,5.426,10.744,70.131
1614,0,0,0,0,0,0,0,0,0,0,0,0,0,0,0,0,0,0,0,0,0,0,0,0,0,0,0,0,0,0,0,0,0,0,0.0,0.0,0.0,-15.59,206.835
1615,0,0,0,0,0,0,0,0,0,0,0,0,2,0,0,1,0,0,0,0,0,0,0,0,0,0,0,0,0,1,0,0,1,0,1.0,12.0,2.121,20.2,-47.98
1616,10,22,2,17,6,7,1,26,1,7,26,1,13,4,0,21,4,7,10,2,4,2,2,1,16,1,1,10,1,7,3,0,14,1,25.833,103.046,4.43,9.863,70.361
1617,0,0,0,0,0,0,0,0,0,0,0,0,0,0,0,0,0,0,0,0,0,0,0,0,0,0,0,0,0,0,0,0,0,0,0.0,0.0,0.0,-15.59,206.835
1618,69,95,68,64,37,74,1,176,5,30,118,6,119,37,3,145,24,54,17,38,10,3,7,1,95,4,2,18,6,12,12,1,74,2,23.049,90.545,7.591,9.482,68.134
1619,7,3,2,11,3,6,0,11,3,4,20,0,11,1,0,16,6,7,3,2,4,3,3,0,9,2,2,7,0,4,1,0,15,1,11.625,43.248,4.473,2.013,101.339
1620,0,0,0,0,0,0,0,0,0,0,0,0,2,0,0,1,0,0,0,0,0,0,0,0,0,0,0,0,0,1,0,0,1,0,1.0,12.0,2.121,20.2,-47.98
1621,3,1,1,2,1,0,0,4,0,0,7,0,5,0,1,4,1,3,1,1,2,1,0,0,4,0,0,5,0,3,0,1,2,1,8.0,35.2,3.32,2.772,89.44
1622,0,0,0,0,0,0,0,0,0,0,0,0,0,0,0,0,0,0,0,0,0,0,0,0,0,0,0,0,0,0,0,0,0,0,0.0,0.0,0.0,-15.59,206.835
1623,3,5,3,3,2,1,0,10,0,1,12,2,9,4,0,6,0,3,5,3,2,2,1,0,7,0,1,8,2,5,4,0,4,0,12.75,53.713,4.555,5.347,79.435
1624,8,7,10,8,5,8,1,22,3,1,12,6,19,3,4,13,5,8,2,9,5,1,2,1,17,3,1,5,6,6,3,2,13,1,18.667,62.287,5.345,7.178,76.851
1625,6,9,3,10,4,8,0,19,0,9,26,1,13,3,0,21,5,6,8,3,3,2,5,0,18,0,2,11,1,3,3,0,18,2,13.778,61.678,5.144,4.628,86.418
1626,46,70,36,37,24,54,0,138,7,37,91,17,88,17,2,108,21,34,15,21,6,3,11,0,71,5,3,19,9,4,6,2,60,5,16.419,68.293,6.946,6.825,75.373
1627,0,0,0,0,0,0,0,0,0,0,0,0,0,0,0,0,0,0,0,0,0,0,0,0,0,0,0,0,0,0,0,0,0,0,0.0,0.0,0.0,-15.59,206.835
1628,14,17,8,17,6,17,1,29,3,5,29,1,10,3,0,23,3,12,8,8,5,2,4,1,26,3,2,8,1,5,3,0,16,2,17.6,65.349,5.437,6.091,82.74
1629,0,0,0,0,0,0,0,0,0,0,0,0,0,0,0,0,0,0,0,0,0,0,0,0,0,0,0,0,0,0,0,0,0,0,0.0,0.0,0.0,-15.59,206.835
1630,0,0,0,0,0,0,0,0,0,0,0,0,0,0,0,0,0,0,0,0,0,0,0,0,0,0,0,0,0,0,0,0,0,0,0.0,0.0,0.0,-15.59,206.835
1631,5,8,7,11,1,6,0,19,0,3,19,0,23,3,1,16,8,5,6,7,4,1,3,0,16,0,2,8,0,7,2,1,13,3,7.133,28.524,5.4,1.859,94.438
1632,6,17,9,14,5,11,0,22,3,6,23,0,17,5,0,25,0,6,8,8,5,2,7,0,17,2,1,8,0,5,4,0,21,0,24.333,99.982,5.325,9.579,69.723
1633,6,11,4,7,2,6,0,10,0,4,13,1,6,2,0,13,1,6,7,4,4,2,3,0,10,0,2,8,1,3,2,0,10,1,11.429,45.51,4.743,3.47,90.543
1634,0,0,0,0,0,0,0,0,0,0,0,0,2,0,0,1,0,0,0,0,0,0,0,0,0,0,0,0,0,1,0,0,1,0,1.0,12.0,2.121,20.2,-47.98
1635,7,19,11,11,4,10,1,28,1,9,28,2,17,3,0,28,2,6,7,9,4,2,3,1,23,1,2,9,2,4,3,0,17,1,13.667,56.7,4.859,6.433,73.285
1636,13,13,7,10,2,10,0,29,4,6,11,2,16,2,0,18,6,10,7,6,4,2,4,0,22,3,1,3,2,5,2,0,15,1,10.385,42.298,5.356,3.844,86.001
1637,0,0,0,0,0,0,0,0,0,0,0,0,0,0,0,0,0,0,0,0,0,0,0,0,0,0,0,0,0,0,0,0,0,0,0.0,0.0,0.0,-15.59,206.835
1638,33,33,21,24,12,17,0,80,10,16,46,2,39,12,0,49,4,20,11,17,7,4,8,0,46,4,2,13,2,8,5,0,34,1,19.889,87.919,6.503,9.043,65.656
1639,3,4,5,3,1,6,0,9,0,3,3,0,4,2,0,6,0,3,4,5,2,1,4,0,9,0,1,3,0,5,2,0,6,0,23.0,93.061,4.692,6.206,91.533
1640,3,6,0,6,1,3,0,9,0,1,6,1,3,1,0,4,0,3,6,0,3,1,1,0,8,0,1,3,1,2,1,0,4,0,13.667,56.282,3.755,6.433,73.285
1641,0,0,0,0,0,0,0,0,0,0,0,0,0,0,0,0,0,0,0,0,0,0,0,0,0,0,0,0,0,0,0,0,0,0,0.0,0.0,0.0,-15.59,206.835
1642,20,20,16,18,9,22,1,55,2,6,30,3,23,3,2,28,6,14,10,11,4,2,6,1,42,2,1,6,3,5,3,1,23,1,21.727,89.035,5.946,9.177,67.97
1643,15,15,13,18,10,15,0,36,6,9,19,2,16,8,2,25,4,14,6,9,6,3,4,0,25,4,2,9,2,8,5,2,21,2,21.778,87.938,5.859,8.496,72.938
1644,6,1,5,4,1,5,0,5,0,1,5,0,4,1,0,4,2,6,1,5,2,1,3,0,5,0,1,4,0,2,1,0,4,1,10.0,42.425,3.913,1.88,99.395
1645,16,36,27,22,10,29,1,81,15,8,55,1,48,10,2,52,4,14,14,18,4,2,5,1,44,10,2,11,1,6,6,1,32,1,12.655,50.718,5.98,5.775,76.195
1646,0,0,0,0,0,0,0,0,0,0,0,0,2,0,0,1,0,0,0,0,0,0,0,0,0,0,0,0,0,1,0,0,1,0,1.0,6.0,2.121,20.2,-47.98
1647,13,17,7,14,8,10,2,22,7,1,22,6,10,4,0,15,2,12,9,7,5,2,3,2,19,5,1,8,5,6,3,0,13,1,16.667,58.262,5.774,5.699,83.886
1648,15,6,6,14,3,5,1,17,2,4,21,4,18,3,0,13,3,12,5,4,4,2,3,1,15,2,2,8,4,7,3,0,12,3,11.7,47.812,5.491,2.387,98.79
1649,0,0,0,0,0,0,0,0,0,0,0,0,0,0,0,0,0,0,0,0,0,0,0,0,0,0,0,0,0,0,0,0,0,0,0.0,0.0,0.0,-15.59,206.835
1650,3,10,4,2,3,5,0,13,1,5,11,4,6,0,1,16,1,3,8,4,1,2,3,0,11,1,1,8,4,2,0,1,11,1,20.0,75.933,4.902,8.582,69.153
1651,8,11,4,8,2,8,0,19,0,0,5,3,9,1,0,9,0,8,7,4,3,1,4,0,16,0,0,4,2,4,1,0,7,0,15.6,69.999,4.884,9.404,55.424
1652,8,16,14,20,9,10,0,34,4,13,31,2,12,7,0,32,3,7,11,11,7,3,4,0,25,3,2,9,2,2,4,0,25,1,18.455,72.917,5.509,6.43,81.833
1653,0,0,0,0,0,0,0,0,0,0,0,0,2,0,0,1,0,0,0,0,0,0,0,0,0,0,0,0,0,1,0,0,1,0,1.0,12.0,2.121,20.2,-47.98
1654,22,22,22,21,3,14,1,46,2,7,51,0,36,12,2,32,4,20,14,20,5,2,6,1,38,2,3,17,0,9,7,1,26,1,23.364,90.299,7.013,9.959,65.273
1655,1,2,1,1,0,2,0,2,0,1,1,0,1,0,0,1,0,1,2,1,1,0,1,0,2,0,1,1,0,1,0,0,1,0,12.0,47.65,2.245,0.89,110.055
1656,0,0,0,0,0,0,0,0,0,0,0,0,0,0,0,0,0,0,0,0,0,0,0,0,0,0,0,0,0,0,0,0,0,0,0.0,0.0,0.0,-15.59,206.835
1657,7,17,13,13,7,7,0,21,2,10,24,0,16,6,0,24,2,6,11,13,5,3,4,0,17,2,2,10,0,5,5,0,14,1,21.857,92.585,5.259,8.513,72.956
1658,0,0,0,0,0,0,0,0,0,0,0,0,0,0,0,0,0,0,0,0,0,0,0,0,0,0,0,0,0,0,0,0,0,0,0.0,0.0,0.0,-15.59,206.835
1659,26,33,24,34,17,20,0,63,10,11,51,19,56,8,4,40,10,20,14,18,4,5,4,0,47,9,3,8,17,6,5,1,30,2,17.571,61.123,7.068,6.133,82.39
1660,0,2,1,1,0,1,0,3,0,0,1,0,4,1,0,1,0,0,2,1,1,0,1,0,3,0,0,1,0,3,1,0,1,0,11.0,38.5,2.985,0.5,111.07
1661,9,10,11,11,4,4,0,17,3,2,17,2,12,1,0,9,1,7,6,10,4,3,3,0,15,3,2,7,2,5,1,0,8,1,14.286,56.815,5.374,6.029,77.279
1662,12,10,10,15,7,9,1,19,0,3,14,0,6,3,0,14,2,12,9,9,5,2,4,1,15,0,2,6,0,2,3,0,14,1,17.0,71.12,5.25,6.806,76.543
1663,0,0,0,0,0,0,0,0,0,0,0,0,2,0,0,1,0,0,0,0,0,0,0,0,0,0,0,0,0,1,0,0,1,0,1.0,12.0,2.121,20.2,-47.98
1664,4,17,4,9,1,12,0,35,6,3,6,4,19,4,0,13,10,4,7,4,2,1,2,0,19,6,2,5,4,4,3,0,8,5,15.5,65.829,4.636,9.107,57.38
1665,1,13,9,7,4,8,0,19,1,1,15,4,10,3,0,13,1,1,6,8,5,2,4,0,17,1,1,5,4,4,3,0,8,1,19.8,82.744,4.761,7.269,78.211
1666,2,3,5,4,1,7,0,17,0,1,14,4,12,1,1,9,3,2,3,4,4,1,3,0,17,0,1,5,4,7,1,1,9,2,17.75,67.479,5.287,5.792,85.154
1667,6,13,9,13,6,11,0,25,4,6,20,6,19,6,0,19,1,5,5,7,3,2,3,0,21,4,2,4,6,8,4,0,14,1,18.125,63.199,5.05,5.639,86.918
1668,8,8,8,11,3,7,0,12,1,2,17,0,16,6,0,12,0,7,6,6,4,2,5,0,10,1,1,6,0,6,3,0,12,0,15.667,65.884,4.886,5.584,82.933
1669,8,8,1,3,3,4,0,14,1,3,9,0,12,1,0,8,1,7,6,1,1,2,3,0,12,1,2,6,0,7,1,0,7,1,21.333,92.154,5.038,8.218,74.144
1670,10,12,6,12,2,8,0,20,1,7,15,3,9,5,0,16,2,8,6,6,6,2,4,0,15,1,2,6,3,5,4,0,10,1,19.833,82.719,4.862,5.73,89.308
1671,6,9,7,6,4,8,0,22,1,4,9,0,11,2,1,13,3,5,4,7,4,2,5,0,21,1,2,7,0,5,2,1,13,1,11.875,50.577,5.731,5.561,76.342
1672,0,0,0,0,0,0,0,0,0,0,0,0,2,0,0,1,0,0,0,0,0,0,0,0,0,0,0,0,0,1,0,0,1,0,1.0,12.0,2.121,20.2,-47.98
1673,0,0,0,0,0,0,0,0,0,0,0,0,0,0,0,0,0,0,0,0,0,0,0,0,0,0,0,0,0,0,0,0,0,0,0.0,0.0,0.0,-15.59,206.835
1674,4,1,2,5,2,2,0,5,1,1,4,0,3,0,0,3,0,4,1,2,3,2,2,0,5,1,1,1,0,2,0,0,3,0,10.0,34.34,3.357,6.797,64.145
1675,5,4,1,1,2,1,0,12,1,1,2,2,7,0,2,5,0,4,4,1,1,2,1,0,11,1,1,2,2,3,0,2,5,0,12.667,48.549,4.359,13.571,20.326
1676,0,0,0,0,0,0,0,0,0,0,0,0,2,0,0,1,0,0,0,0,0,0,0,0,0,0,0,0,0,1,0,0,1,0,1.0,6.0,2.121,20.2,-47.98
1677,0,0,0,0,0,0,0,0,0,0,0,0,2,0,0,1,0,0,0,0,0,0,0,0,0,0,0,0,0,1,0,0,1,0,1.0,6.0,2.121,20.2,-47.98
1678,0,0,0,0,0,0,0,0,0,0,0,0,2,0,0,1,0,0,0,0,0,0,0,0,0,0,0,0,0,1,0,0,1,0,1.0,6.0,2.121,20.2,-47.98
1679,31,49,42,33,17,37,0,80,3,12,73,1,52,15,0,76,12,25,21,29,9,3,11,0,56,3,2,17,1,9,6,0,59,3,18.615,74.386,7.778,7.81,72.227
1680,7,13,1,9,3,10,0,22,0,2,21,3,16,1,0,11,2,7,6,1,5,3,4,0,15,0,2,10,3,6,1,0,9,1,14.857,63.963,4.992,7.791,65.668
1681,4,13,3,8,4,5,0,19,0,4,20,1,10,2,0,21,2,4,8,3,4,3,3,0,14,0,2,6,1,5,1,0,16,1,21.2,96.189,4.67,10.712,56.023
1682,15,33,17,28,9,21,1,41,4,6,36,1,30,10,1,30,3,12,12,15,7,3,5,1,34,4,2,16,1,8,6,1,24,1,17.0,70.575,6.509,6.588,78.107
1683,0,0,0,0,0,0,0,0,0,0,0,0,2,0,0,1,0,0,0,0,0,0,0,0,0,0,0,0,0,1,0,0,1,0,1.0,6.0,2.121,20.2,-47.98
1684,2,1,2,4,1,0,1,7,0,1,6,5,8,1,2,5,0,2,1,2,2,1,0,1,7,0,1,4,5,4,1,1,5,0,9.0,30.95,4.36,9.226,44.95
1685,0,6,2,2,1,2,0,5,0,0,4,0,5,0,0,7,2,0,5,2,2,1,2,0,5,0,0,3,0,3,0,0,7,1,10.333,45.46,3.937,2.143,98.102
1686,0,0,0,0,0,0,0,0,0,0,0,0,2,0,0,1,0,0,0,0,0,0,0,0,0,0,0,0,0,1,0,0,1,0,1.0,12.0,2.121,20.2,-47.98
1687,2,2,0,2,1,1,0,5,0,0,5,0,1,0,0,3,0,2,2,0,2,1,1,0,5,0,0,4,0,1,0,0,3,0,22.0,78.438,3.317,9.081,69.141
1688,8,11,6,5,2,3,1,15,1,6,15,1,10,0,1,15,0,8,6,6,2,1,2,1,14,1,2,5,1,5,0,1,12,0,11.125,46.838,4.947,4.261,84.327
1689,3,7,5,9,9,6,0,14,0,3,15,15,13,1,0,13,0,3,6,5,3,4,4,0,14,0,2,6,12,4,1,0,13,0,16.667,59.072,5.233,7.312,72.324
1690,7,24,8,13,5,18,1,31,3,4,30,14,13,9,0,22,3,7,10,7,3,3,4,1,21,2,3,14,11,6,4,0,18,1,27.429,96.55,5.613,12.684,52.976
1691,0,0,0,0,0,0,0,0,0,0,0,0,2,0,0,1,0,0,0,0,0,0,0,0,0,0,0,0,0,1,0,0,1,0,1.0,12.0,2.121,20.2,-47.98
1692,3,4,1,3,2,5,0,7,2,2,7,0,3,2,1,8,0,3,4,1,3,2,3,0,7,2,1,5,0,2,2,1,8,0,23.0,93.289,4.379,7.232,84.177
1693,2,11,8,3,4,4,0,12,2,1,14,12,12,2,0,14,5,2,6,8,1,2,2,0,10,2,1,9,10,4,1,0,11,2,18.4,66.187,5.013,8.388,67.696
1694,8,32,8,21,2,26,0,39,2,5,27,0,32,6,0,28,7,8,13,7,6,2,5,0,25,2,2,11,0,8,3,0,21,1,19.545,76.237,5.256,7.016,79.574
1695,12,19,5,11,6,12,1,28,9,1,20,21,38,2,0,16,9,9,8,5,4,2,3,1,22,5,1,10,21,5,2,0,13,2,9.211,27.608,6.094,3.578,85.814
1696,3,4,8,5,2,5,2,11,0,1,9,0,9,0,1,9,0,3,3,7,2,2,2,2,11,0,1,6,0,7,0,1,9,0,19.667,88.479,4.879,4.08,100.839
1697,10,18,7,13,5,13,0,32,0,5,28,0,15,9,1,24,3,10,10,6,4,2,3,0,24,0,2,9,0,7,6,1,18,3,21.0,82.296,5.51,6.648,84.806
1698,0,0,0,0,0,0,0,0,0,0,0,0,2,0,0,1,0,0,0,0,0,0,0,0,0,0,0,0,0,1,0,0,1,0,1.0,6.0,2.121,20.2,-47.98
1699,4,5,5,6,6,7,0,13,0,4,7,4,6,2,0,11,0,4,4,5,4,4,4,0,13,0,2,3,4,4,2,0,10,0,14.8,56.608,5.179,6.925,71.772
1700,0,3,1,0,0,2,0,3,0,0,1,2,2,0,0,3,0,0,3,1,0,0,2,0,3,0,0,1,2,2,0,0,2,0,7.5,23.406,2.921,7.788,52.583
1701,0,0,0,0,0,0,0,0,0,0,0,0,2,0,0,1,0,0,0,0,0,0,0,0,0,0,0,0,0,1,0,0,1,0,1.0,12.0,2.121,20.2,-47.98
1702,0,0,0,0,0,0,0,0,0,0,0,0,0,0,0,0,0,0,0,0,0,0,0,0,0,0,0,0,0,0,0,0,0,0,0.0,0.0,0.0,-15.59,206.835
1703,6,13,7,17,2,4,0,20,0,2,26,0,15,6,1,18,9,5,9,6,5,1,1,0,14,0,2,8,0,3,4,1,12,1,10.833,44.745,4.279,3.158,91.716
1704,2,4,2,3,1,4,0,9,0,0,5,0,3,4,1,6,0,2,4,2,2,1,3,0,8,0,0,4,0,1,3,1,6,0,20.0,96.297,4.025,7.55,76.555
1705,2,10,2,11,2,5,1,18,0,1,11,0,9,2,0,9,2,2,7,2,3,2,3,1,15,0,1,7,0,5,2,0,8,1,15.2,65.741,4.704,5.243,84.544
1706,0,0,0,0,0,0,0,0,0,0,0,0,0,0,0,0,0,0,0,0,0,0,0,0,0,0,0,0,0,0,0,0,0,0,0.0,0.0,0.0,-15.59,206.835
1707,0,0,0,0,0,0,0,0,0,0,0,0,2,0,0,1,0,0,0,0,0,0,0,0,0,0,0,0,0,1,0,0,1,0,1.0,12.0,2.121,20.2,-47.98
1708,9,7,3,8,3,11,1,20,1,1,10,10,23,3,2,10,5,9,5,3,4,2,5,1,15,1,1,3,6,6,3,1,8,1,12.25,46.14,5.0,3.757,89.946
1709,4,6,3,6,5,10,0,16,0,3,12,1,7,2,0,14,0,4,6,3,3,3,6,0,14,0,1,5,1,3,2,0,11,0,13.667,53.784,4.685,4.994,83.602
1710,3,9,11,6,5,6,0,10,1,3,15,0,7,2,0,13,2,3,7,9,5,2,4,0,9,1,2,7,0,3,2,0,10,1,12.286,48.386,4.804,3.883,89.107
1711,10,8,12,13,6,10,2,18,0,3,15,1,12,4,0,12,1,9,6,10,4,2,3,2,17,0,3,10,1,7,3,0,12,1,16.429,65.205,5.671,5.901,82.019
1712,6,8,5,10,4,6,1,14,0,5,20,0,15,2,0,13,2,5,4,4,4,3,3,1,11,0,2,6,0,6,2,0,11,1,16.0,63.32,4.33,4.417,91.895
1713,6,7,10,8,1,5,0,12,2,2,14,0,9,1,0,13,4,4,6,7,5,1,2,0,8,1,1,5,0,4,1,0,12,2,16.6,65.535,4.579,5.101,88.058
1714,14,34,18,33,11,27,1,67,1,14,37,2,32,7,0,50,9,14,14,15,8,2,6,1,52,1,2,10,2,6,6,0,35,2,16.2,63.103,6.6,5.842,82.031
1715,1,6,3,7,2,6,2,7,1,4,11,7,9,1,0,11,2,1,3,3,6,2,4,2,7,1,2,5,7,5,1,0,10,1,14.2,51.104,4.951,3.576,94.715
1716,5,2,2,8,1,3,0,4,0,2,6,0,3,5,0,6,0,5,2,2,4,1,2,0,4,0,2,3,0,2,2,0,6,0,22.0,93.899,3.624,9.081,69.141
1717,7,14,6,8,7,5,0,22,7,7,17,0,23,4,2,16,3,7,7,6,3,3,3,0,12,6,2,10,0,6,3,1,9,1,15.375,64.731,4.718,5.18,85.307
1718,1,8,4,8,3,10,0,11,0,7,11,0,5,1,0,10,0,1,4,4,3,1,2,0,8,0,2,5,0,3,1,0,10,0,24.667,100.007,3.535,7.903,82.336
1719,3,5,4,5,2,4,1,13,0,3,11,1,6,3,0,13,0,3,5,4,4,2,2,1,10,0,1,7,1,4,3,0,12,0,22.667,93.559,5.059,9.388,68.125
1720,4,10,9,13,5,5,0,28,5,8,20,1,17,4,0,24,4,4,7,9,5,2,4,0,24,5,2,9,1,5,3,0,20,2,20.286,79.47,5.934,8.276,71.856
1721,8,11,1,9,1,3,0,14,2,5,8,0,6,2,1,14,0,8,7,1,3,1,3,0,11,2,1,5,0,2,2,1,12,0,15.6,70.198,4.644,9.102,57.593
1722,0,0,0,0,0,0,0,0,0,0,0,0,0,0,0,0,0,0,0,0,0,0,0,0,0,0,0,0,0,0,0,0,0,0,0.0,0.0,0.0,-15.59,206.835
1723,4,4,1,4,0,1,0,10,0,1,3,0,6,1,0,5,0,4,4,1,3,0,1,0,8,0,1,3,0,2,1,0,5,0,6.8,28.674,3.881,3.721,80.498
1724,15,17,8,10,5,18,1,46,3,6,17,12,28,3,1,23,3,14,7,7,5,2,5,1,36,3,2,6,4,8,2,1,20,1,18.2,79.623,6.237,7.328,74.942
1725,3,8,0,6,4,8,0,20,0,2,9,4,11,1,0,9,4,3,6,0,2,1,5,0,20,0,1,5,4,5,1,0,8,1,19.5,67.316,4.964,7.446,76.412
1726,7,3,3,3,0,3,0,8,0,2,5,0,4,0,0,7,0,7,3,3,2,0,2,0,5,0,1,4,0,2,0,0,7,0,13.333,50.498,3.913,7.31,66.402
1727,17,30,10,29,11,24,2,54,3,16,50,0,31,12,0,39,4,14,12,10,5,3,6,2,29,2,3,13,0,5,6,0,28,1,16.722,63.995,5.38,5.789,83.339
1728,0,0,0,0,0,0,0,0,0,0,0,0,2,0,0,1,0,0,0,0,0,0,0,0,0,0,0,0,0,1,0,0,1,0,1.0,12.0,2.121,20.2,-47.98
1729,3,3,3,6,1,2,0,5,0,3,7,1,3,3,0,9,0,3,2,3,3,1,2,0,5,0,2,2,1,2,3,0,8,0,15.333,66.445,3.858,7.577,68.05
1730,19,17,20,19,9,19,0,35,6,10,42,4,26,7,1,36,2,16,7,15,7,3,3,0,27,5,2,12,4,7,7,1,24,1,20.583,79.742,6.074,8.012,74.285
1731,3,5,4,6,2,6,0,18,0,1,5,2,11,3,0,5,8,2,4,4,3,2,3,0,13,0,1,4,2,3,2,0,5,3,7.556,27.876,4.287,2.28,92.172
1732,0,0,0,0,0,0,0,0,0,0,0,0,0,0,0,0,0,0,0,0,0,0,0,0,0,0,0,0,0,0,0,0,0,0,0.0,0.0,0.0,-15.59,206.835
1733,10,7,9,4,6,10,0,27,1,3,4,0,14,0,1,12,3,10,5,8,4,1,5,0,22,1,2,3,0,7,0,1,11,2,12.0,59.537,5.774,7.896,59.824
1734,1,1,2,1,1,2,1,5,1,0,3,0,6,1,0,4,1,1,1,2,1,1,2,1,5,1,0,2,0,5,1,0,4,1,12.0,46.8,4.041,5.315,78.33
1735,8,12,5,11,7,8,1,16,1,7,24,10,11,2,0,17,1,8,9,5,4,3,4,1,15,1,2,9,10,5,1,0,15,1,25.8,94.647,5.479,10.388,66.536
1736,16,22,7,13,7,14,1,34,2,9,23,7,29,4,0,24,8,15,12,7,5,3,4,1,31,2,2,8,5,8,3,0,20,3,27.286,106.275,6.344,9.508,75.494
1737,0,0,0,0,0,0,0,0,0,0,0,0,0,0,0,0,0,0,0,0,0,0,0,0,0,0,0,0,0,0,0,0,0,0,0.0,0.0,0.0,-15.59,206.835
1738,0,0,0,0,0,0,0,0,0,0,0,0,0,0,0,0,0,0,0,0,0,0,0,0,0,0,0,0,0,0,0,0,0,0,0.0,0.0,0.0,-15.59,206.835
1739,0,0,0,0,0,0,0,0,0,0,0,0,2,0,0,1,0,0,0,0,0,0,0,0,0,0,0,0,0,1,0,0,1,0,1.0,12.0,2.121,20.2,-47.98
1740,12,19,9,21,11,20,0,51,0,5,30,1,14,2,0,29,2,10,8,8,5,4,5,0,31,0,2,12,1,4,2,0,25,1,26.375,112.288,5.598,11.921,56.572
1741,8,13,15,14,9,9,0,17,1,4,26,1,15,1,0,23,3,8,7,14,6,3,4,0,15,1,1,14,1,6,1,0,19,1,24.0,93.068,5.598,9.749,67.913
1742,0,0,0,0,0,0,0,0,0,0,0,0,2,0,0,1,0,0,0,0,0,0,0,0,0,0,0,0,0,1,0,0,1,0,1.0,12.0,2.121,20.2,-47.98
1743,0,0,0,0,0,0,0,0,0,0,0,0,0,0,0,0,0,0,0,0,0,0,0,0,0,0,0,0,0,0,0,0,0,0,0.0,0.0,0.0,-15.59,206.835
1744,0,0,0,0,0,0,0,0,0,0,0,0,0,0,0,0,0,0,0,0,0,0,0,0,0,0,0,0,0,0,0,0,0,0,0.0,0.0,0.0,-15.59,206.835
1745,0,0,0,0,0,0,0,0,0,0,0,0,0,0,0,0,0,0,0,0,0,0,0,0,0,0,0,0,0,0,0,0,0,0,0.0,0.0,0.0,-15.59,206.835
1746,2,6,3,4,2,3,0,11,4,2,4,0,5,1,0,5,1,2,6,3,2,2,2,0,9,4,2,3,0,4,1,0,3,1,16.0,58.987,4.491,4.171,93.658
1747,0,0,0,0,0,0,0,0,0,0,0,0,0,0,0,0,0,0,0,0,0,0,0,0,0,0,0,0,0,0,0,0,0,0,0.0,0.0,0.0,-15.59,206.835
1748,0,0,0,0,0,0,0,0,0,0,0,0,2,0,0,1,0,0,0,0,0,0,0,0,0,0,0,0,0,1,0,0,1,0,1.0,12.0,2.121,20.2,-47.98
1749,0,0,0,0,0,0,0,0,0,0,0,0,0,0,0,0,0,0,0,0,0,0,0,0,0,0,0,0,0,0,0,0,0,0,0.0,0.0,0.0,-15.59,206.835
1750,43,95,58,51,31,63,1,154,17,30,101,11,87,18,4,99,8,37,23,37,7,5,10,1,91,10,3,19,10,7,7,2,57,1,25.258,98.254,7.859,9.798,69.803
1751,4,10,1,2,2,5,0,11,0,0,4,10,7,0,0,4,0,3,6,1,1,2,4,0,10,0,0,3,8,4,0,0,4,0,13.0,45.061,4.511,10.811,40.709
1752,0,0,0,0,0,0,0,0,0,0,0,0,0,0,0,0,0,0,0,0,0,0,0,0,0,0,0,0,0,0,0,0,0,0,0.0,0.0,0.0,-15.59,206.835
1753,0,0,0,0,0,0,0,0,0,0,0,0,0,0,0,0,0,0,0,0,0,0,0,0,0,0,0,0,0,0,0,0,0,0,0.0,0.0,0.0,-15.59,206.835
1754,8,15,1,9,3,10,0,36,0,2,17,4,24,3,3,11,5,7,8,1,2,3,4,0,23,0,2,9,4,8,3,1,11,2,20.667,74.941,5.588,8.838,68.51
1755,15,20,23,26,10,17,2,38,5,11,37,3,26,12,1,32,3,14,9,18,6,3,5,2,24,4,2,9,3,5,5,1,19,1,21.167,79.404,5.457,6.834,83.764
1756,7,16,14,10,6,19,0,32,0,11,14,5,19,3,2,30,1,7,8,14,5,2,5,0,28,0,3,5,4,5,3,1,20,1,21.0,78.645,5.837,8.755,69.699
1757,0,0,0,0,0,0,0,0,0,0,0,0,0,0,0,0,0,0,0,0,0,0,0,0,0,0,0,0,0,0,0,0,0,0,0.0,0.0,0.0,-15.59,206.835
1758,0,0,0,0,0,0,0,0,0,0,0,0,0,0,0,0,0,0,0,0,0,0,0,0,0,0,0,0,0,0,0,0,0,0,0.0,0.0,0.0,-15.59,206.835
1759,9,15,8,10,4,15,2,33,3,7,14,0,17,5,1,23,3,9,9,8,4,2,5,2,21,3,2,7,0,6,5,1,18,1,21.571,87.823,5.639,8.374,73.447
1760,0,0,0,0,0,0,0,0,0,0,0,0,0,0,0,0,0,0,0,0,0,0,0,0,0,0,0,0,0,0,0,0,0,0,0.0,0.0,0.0,-15.59,206.835
1761,0,1,0,1,1,1,0,2,0,0,1,0,2,0,0,2,1,0,1,0,1,1,1,0,2,0,0,1,0,2,0,0,2,1,5.0,19.024,2.683,5.24,66.4
1762,9,35,13,10,10,34,1,59,6,5,29,7,25,2,1,34,5,7,12,12,4,2,7,1,33,4,2,6,3,6,2,1,26,2,20.077,75.384,5.427,8.064,73.009
1763,0,0,0,0,0,0,0,0,0,0,0,0,0,0,0,0,0,0,0,0,0,0,0,0,0,0,0,0,0,0,0,0,0,0,0.0,0.0,0.0,-15.59,206.835
1764,12,32,8,20,8,16,0,38,5,6,24,6,33,7,2,27,0,11,13,7,8,4,6,0,29,3,2,5,3,7,4,1,23,0,23.222,96.668,5.82,9.106,71.139
1765,0,0,0,0,0,0,0,0,0,0,0,0,0,0,0,0,0,0,0,0,0,0,0,0,0,0,0,0,0,0,0,0,0,0,0.0,0.0,0.0,-15.59,206.835
1766,1,2,3,1,2,2,0,7,0,2,4,0,4,0,0,4,0,1,2,3,1,1,2,0,7,0,1,4,0,3,0,0,4,0,9.333,34.601,3.875,3.221,88.59
1767,0,0,0,0,0,0,0,0,0,0,0,0,0,0,0,0,0,0,0,0,0,0,0,0,0,0,0,0,0,0,0,0,0,0,0.0,0.0,0.0,-15.59,206.835
1768,0,0,0,0,0,0,0,0,0,0,0,0,0,0,0,0,0,0,0,0,0,0,0,0,0,0,0,0,0,0,0,0,0,0,0.0,0.0,0.0,-15.59,206.835
1769,1,3,1,4,2,1,0,13,0,2,4,2,2,0,0,4,3,1,2,1,3,1,1,0,10,0,2,3,2,2,0,0,4,1,13.333,52.403,3.578,9.375,51.597
1770,0,0,0,0,0,0,0,0,0,0,0,0,0,0,0,0,0,0,0,0,0,0,0,0,0,0,0,0,0,0,0,0,0,0,0.0,0.0,0.0,-15.59,206.835
1771,0,0,0,0,0,0,0,0,0,0,0,0,0,0,0,0,0,0,0,0,0,0,0,0,0,0,0,0,0,0,0,0,0,0,0.0,0.0,0.0,-15.59,206.835
1772,0,0,0,0,0,0,0,0,0,0,0,0,0,0,0,0,0,0,0,0,0,0,0,0,0,0,0,0,0,0,0,0,0,0,0.0,0.0,0.0,-15.59,206.835
1773,6,14,9,18,7,14,1,35,1,7,24,3,28,2,1,20,11,6,9,9,5,3,4,1,25,1,2,8,3,8,2,1,15,2,14.5,52.609,5.307,4.645,87.583
1774,0,0,0,0,0,0,0,0,0,0,0,0,0,0,0,0,0,0,0,0,0,0,0,0,0,0,0,0,0,0,0,0,0,0,0.0,0.0,0.0,-15.59,206.835
1775,0,0,0,0,0,0,0,0,0,0,0,0,0,0,0,0,0,0,0,0,0,0,0,0,0,0,0,0,0,0,0,0,0,0,0.0,0.0,0.0,-15.59,206.835
1776,0,3,2,1,0,3,0,6,0,0,3,0,3,0,0,4,1,0,2,2,1,0,3,0,6,0,0,3,0,2,0,0,4,1,11.5,47.667,3.539,5.825,73.78
1777,6,12,10,4,7,11,0,24,4,3,16,0,17,1,1,15,0,6,6,10,4,3,4,0,20,3,2,8,0,5,1,1,14,0,14.125,58.465,5.455,3.912,92.176
1778,1,1,1,1,0,1,0,1,0,0,1,0,3,1,0,2,1,1,1,1,1,0,1,0,1,0,0,1,0,3,1,0,2,1,11.0,60.464,2.985,1.573,103.379
1779,4,3,1,3,2,5,0,10,0,3,8,0,7,0,2,10,2,4,3,1,3,2,3,0,10,0,1,7,0,4,0,1,10,2,25.5,106.91,4.951,9.394,73.129
1780,13,9,7,12,4,7,0,21,2,1,19,0,18,2,0,13,3,12,4,7,5,2,4,0,18,2,1,7,0,3,2,0,12,2,10.273,40.379,5.055,2.931,92.343
1781,0,0,0,0,0,0,0,0,0,0,0,0,0,0,0,0,0,0,0,0,0,0,0,0,0,0,0,0,0,0,0,0,0,0,0.0,0.0,0.0,-15.59,206.835
1782,1,6,5,6,1,6,0,14,1,4,10,0,7,3,1,11,2,1,5,5,3,1,5,0,11,1,2,5,0,3,3,1,10,1,10.143,36.055,4.448,4.653,79.768
1783,3,1,0,3,0,2,0,4,0,0,1,1,6,0,1,1,1,3,1,0,2,0,2,0,4,0,0,1,1,4,0,1,1,1,5.667,27.633,3.601,0.502,101.554
1784,38,35,45,53,23,26,1,68,2,18,82,5,61,8,0,67,4,31,17,27,5,3,10,1,52,2,2,13,5,9,7,0,40,1,15.323,59.668,6.781,4.794,87.982
1785,4,14,2,5,2,7,0,20,0,5,13,1,5,3,0,11,0,4,9,2,2,1,3,0,15,0,1,10,1,3,2,0,11,0,17.4,73.882,4.7,6.929,76.374
1786,0,0,0,0,0,0,0,0,0,0,0,0,0,0,0,0,0,0,0,0,0,0,0,0,0,0,0,0,0,0,0,0,0,0,0.0,0.0,0.0,-15.59,206.835
1787,0,0,0,0,0,0,0,0,0,0,0,0,2,0,0,1,0,0,0,0,0,0,0,0,0,0,0,0,0,1,0,0,1,0,1.0,12.0,2.121,20.2,-47.98
1788,0,0,0,0,0,0,0,0,0,0,0,0,2,0,0,1,0,0,0,0,0,0,0,0,0,0,0,0,0,1,0,0,1,0,1.0,12.0,2.121,20.2,-47.98
1789,5,9,3,5,2,5,0,12,0,0,9,0,7,6,0,12,1,4,8,3,4,2,2,0,11,0,0,5,0,5,4,0,12,1,34.5,139.839,5.193,14.453,52.887
1790,4,9,4,8,4,8,0,23,0,7,11,0,9,3,0,13,4,4,4,4,4,2,3,0,17,0,2,4,0,3,3,0,10,1,14.0,55.146,4.143,3.356,95.939
1791,41,44,22,24,18,19,0,68,2,11,51,10,50,5,0,44,2,30,16,16,6,3,6,0,47,2,3,8,10,4,4,0,31,1,16.409,67.401,6.699,9.67,54.96
1792,0,0,0,0,0,0,0,0,0,0,0,0,0,0,0,0,0,0,0,0,0,0,0,0,0,0,0,0,0,0,0,0,0,0,0.0,0.0,0.0,-15.59,206.835
1793,18,15,11,20,12,17,1,38,9,4,22,3,37,6,0,22,3,15,9,10,5,3,4,1,30,4,2,9,3,7,5,0,15,1,20.1,87.189,5.935,8.452,70.266
1794,7,14,3,12,5,9,0,25,1,2,17,4,17,1,1,15,3,6,7,3,4,2,2,0,23,1,1,8,3,6,1,1,14,3,11.9,45.293,5.51,3.627,90.251
1795,4,4,0,5,3,5,0,11,0,2,6,0,5,0,0,6,0,3,3,0,4,2,3,0,9,0,2,4,0,3,0,0,6,0,9.2,39.034,4.066,4.928,76.114
1796,9,14,5,13,4,13,1,42,1,2,15,2,23,3,2,16,3,9,6,5,4,1,4,1,30,1,1,4,1,6,2,1,15,1,20.286,93.268,5.163,11.6,48.025
1797,3,6,0,4,2,1,0,10,5,2,8,5,6,2,0,7,0,3,3,0,2,1,1,0,8,4,2,3,5,3,2,0,6,0,11.0,35.05,4.1,4.147,84.921
1798,0,0,0,0,0,0,0,0,0,0,0,0,2,0,0,1,0,0,0,0,0,0,0,0,0,0,0,0,0,1,0,0,1,0,1.0,12.0,2.121,20.2,-47.98
1799,0,0,0,0,0,0,0,0,0,0,0,0,0,0,0,0,0,0,0,0,0,0,0,0,0,0,0,0,0,0,0,0,0,0,0.0,0.0,0.0,-15.59,206.835
1800,4,6,2,7,2,5,0,10,0,0,7,0,4,0,0,7,0,4,5,2,2,2,4,0,9,0,0,4,0,3,0,0,7,0,16.667,66.132,4.1,7.194,73.17
1801,4,9,2,6,3,4,1,9,2,2,8,7,10,1,1,6,0,4,4,2,3,2,3,1,9,2,1,5,7,6,1,1,6,0,15.75,56.861,5.078,5.162,86.106
1802,8,17,11,9,2,7,0,22,2,3,12,4,9,5,1,13,1,8,10,10,4,2,3,0,16,2,2,5,4,2,5,1,13,1,23.4,89.351,5.622,10.782,59.438
1803,31,45,17,36,17,28,0,86,3,14,69,11,50,7,0,55,8,28,14,12,6,2,4,0,63,2,3,18,10,6,5,0,39,2,16.462,66.019,6.973,7.151,73.11
1804,3,6,5,3,2,1,0,5,0,2,8,2,3,1,0,5,0,3,4,4,2,2,1,0,5,0,1,5,2,2,1,0,5,0,14.333,57.029,3.99,5.916,78.175
1805,13,25,17,21,13,13,2,40,0,12,42,1,15,9,0,31,1,11,10,11,5,2,2,2,31,0,3,12,1,3,6,0,19,1,20.083,83.336,5.284,7.47,77.278
1806,10,15,11,7,6,11,0,47,3,7,20,1,28,4,4,20,3,9,6,9,4,2,3,0,35,3,1,4,1,8,3,2,13,1,16.6,61.784,5.763,6.807,75.827
1807,9,7,7,3,2,7,0,12,0,2,8,3,17,1,0,6,0,8,5,6,2,1,5,0,12,0,2,4,3,5,1,0,5,0,22.333,92.987,4.838,7.562,80.626
1808,0,0,0,0,0,0,0,0,0,0,0,0,0,0,0,0,0,0,0,0,0,0,0,0,0,0,0,0,0,0,0,0,0,0,0.0,0.0,0.0,-15.59,206.835
1809,22,31,22,22,9,25,0,56,5,11,43,4,40,10,3,40,8,18,12,21,6,3,7,0,44,5,2,14,3,7,6,2,27,2,21.786,87.781,6.64,9.31,67.115
1810,10,10,5,9,6,10,1,33,1,5,14,0,15,1,1,13,2,9,7,5,4,1,3,1,24,1,2,5,0,5,1,1,13,1,13.333,60.432,5.229,7.113,67.812
1811,0,0,0,0,0,0,0,0,0,0,0,0,2,0,0,1,0,0,0,0,0,0,0,0,0,0,0,0,0,1,0,0,1,0,1.0,12.0,2.121,20.2,-47.98
1812,5,5,5,6,3,3,1,9,0,3,10,3,9,0,0,10,3,5,4,4,5,2,3,1,9,0,2,6,3,5,0,0,8,1,9.571,31.776,4.924,2.937,91.054
1813,2,3,0,2,2,3,0,5,0,3,4,0,6,0,0,5,1,2,3,0,1,2,1,0,5,0,2,4,0,6,0,0,5,1,7.5,31.916,4.131,3.068,86.423
1814,64,98,61,61,36,64,1,168,10,23,104,10,76,27,0,109,7,52,22,39,10,3,10,1,99,7,3,18,9,8,10,0,64,2,22.132,90.452,8.241,9.345,67.481
1815,6,14,2,4,3,5,2,10,0,3,6,0,5,1,0,6,0,5,9,2,2,2,3,2,10,0,2,5,0,4,1,0,5,0,20.667,97.18,4.58,9.028,67.145
1816,12,22,11,13,8,8,0,24,0,12,36,8,25,6,1,36,4,12,12,10,4,2,4,0,20,0,2,13,7,6,4,1,27,2,19.9,70.225,5.815,5.928,88.007
1817,0,0,0,0,0,0,0,0,0,0,0,0,2,0,0,1,0,0,0,0,0,0,0,0,0,0,0,0,0,1,0,0,1,0,1.0,12.0,2.121,20.2,-47.98
1818,1,4,1,3,1,4,0,5,0,2,4,1,2,0,0,3,1,1,3,1,3,1,3,0,5,0,1,3,1,2,0,0,3,1,15.0,43.921,3.615,3.24,98.55
1819,12,23,18,22,14,17,0,38,2,3,31,0,21,3,2,30,3,12,12,15,5,3,4,0,30,2,2,11,0,6,3,1,25,1,21.5,90.246,5.932,9.15,67.753
1820,2,13,6,13,2,10,0,24,1,1,13,0,10,2,0,9,5,1,12,6,2,2,5,0,22,1,1,5,0,5,2,0,9,3,16.833,71.246,5.207,4.878,90.072
1821,13,15,7,19,9,20,0,29,2,11,22,3,9,2,0,28,1,13,10,7,8,3,8,0,22,2,2,10,3,1,1,0,22,1,18.1,73.219,5.729,6.203,82.83
1822,14,12,7,25,8,9,2,27,2,8,26,1,21,1,1,21,4,12,7,7,7,3,5,1,23,2,2,8,1,6,1,1,19,2,20.625,77.814,5.725,6.614,84.381
1823,0,0,0,0,0,0,0,0,0,0,0,0,2,0,0,1,0,0,0,0,0,0,0,0,0,0,0,0,0,1,0,0,1,0,1.0,12.0,2.121,20.2,-47.98
1824,0,0,0,0,0,0,0,0,0,0,0,0,0,0,0,0,0,0,0,0,0,0,0,0,0,0,0,0,0,0,0,0,0,0,0.0,0.0,0.0,-15.59,206.835
1825,19,21,15,24,11,11,0,31,1,6,48,2,24,8,1,30,2,16,9,15,7,3,6,0,25,1,2,13,2,6,6,1,19,2,17.615,66.9,5.888,5.244,88.839
1826,9,14,9,19,4,13,0,24,0,7,17,0,18,5,0,17,3,7,8,8,7,2,4,0,21,0,2,9,0,7,3,0,14,1,17.625,75.279,5.3,7.268,74.346
1827,0,0,0,0,0,0,0,0,0,0,0,0,0,0,0,0,0,0,0,0,0,0,0,0,0,0,0,0,0,0,0,0,0,0,0.0,0.0,0.0,-15.59,206.835
1828,0,0,0,0,0,0,0,0,0,0,0,0,0,0,0,0,0,0,0,0,0,0,0,0,0,0,0,0,0,0,0,0,0,0,0.0,0.0,0.0,-15.59,206.835
1829,8,8,11,5,11,7,0,14,0,4,14,1,8,0,0,13,1,7,6,9,3,4,3,0,13,0,2,5,1,2,0,0,10,1,14.0,58.153,4.786,4.56,87.307
1830,0,0,0,0,0,0,0,0,0,0,0,0,0,0,0,0,0,0,0,0,0,0,0,0,0,0,0,0,0,0,0,0,0,0,0.0,0.0,0.0,-15.59,206.835
1831,0,0,0,0,0,0,0,0,0,0,0,0,0,0,0,0,0,0,0,0,0,0,0,0,0,0,0,0,0,0,0,0,0,0,0.0,0.0,0.0,-15.59,206.835
1832,8,25,9,20,6,10,1,38,7,7,27,5,24,8,1,30,7,6,11,8,6,3,5,1,27,4,2,8,3,9,4,1,25,2,17.5,68.315,5.953,5.788,84.733
1833,28,45,20,28,10,21,0,44,7,17,57,6,26,15,1,48,10,25,16,15,6,3,4,0,30,4,2,13,5,7,10,1,35,2,25.643,97.959,6.456,8.972,76.413
1834,10,19,11,14,11,7,1,34,3,2,35,4,15,5,0,17,7,10,9,8,5,3,5,1,29,3,2,13,4,5,3,0,16,3,18.0,65.824,5.956,6.442,80.935
1835,0,0,0,0,0,0,0,0,0,0,0,0,0,0,0,0,0,0,0,0,0,0,0,0,0,0,0,0,0,0,0,0,0,0,0.0,0.0,0.0,-15.59,206.835
1836,8,10,10,16,5,5,0,17,2,3,17,0,16,4,2,13,3,7,7,7,4,2,1,0,12,2,2,8,0,5,2,2,10,1,11.3,42.883,4.656,3.019,93.546
1837,0,0,0,0,0,0,0,0,0,0,0,0,2,0,0,1,0,0,0,0,0,0,0,0,0,0,0,0,0,1,0,0,1,0,1.0,12.0,2.121,20.2,-47.98
1838,32,64,48,50,28,29,0,75,1,23,93,17,75,13,0,78,9,24,13,33,8,4,6,0,57,1,2,19,16,12,6,0,39,2,16.471,68.854,6.753,5.9,82.101
1839,5,15,3,8,6,15,0,21,0,5,16,1,8,4,0,18,0,5,11,3,5,3,7,0,20,0,2,5,1,4,3,0,15,0,23.4,102.576,5.491,8.765,73.899
1840,4,18,9,16,14,7,1,21,5,6,29,6,19,4,0,24,2,3,10,8,4,3,5,1,17,4,3,10,6,4,2,0,16,1,13.833,53.365,5.104,4.377,88.318
1841,18,28,17,23,11,26,1,46,4,12,39,10,14,6,0,37,4,17,10,13,7,2,4,1,36,3,2,12,6,3,3,0,24,2,17.625,67.338,5.811,5.594,86.346
1842,0,0,0,0,0,0,0,0,0,0,0,0,2,0,0,1,0,0,0,0,0,0,0,0,0,0,0,0,0,1,0,0,1,0,1.0,12.0,2.121,20.2,-47.98
1843,0,0,0,0,0,0,0,0,0,0,0,0,0,0,0,0,0,0,0,0,0,0,0,0,0,0,0,0,0,0,0,0,0,0,0.0,0.0,0.0,-15.59,206.835
1844,0,0,0,0,0,0,0,0,0,0,0,0,0,0,0,0,0,0,0,0,0,0,0,0,0,0,0,0,0,0,0,0,0,0,0.0,0.0,0.0,-15.59,206.835
1845,4,11,0,8,1,4,0,17,0,0,12,0,8,2,0,7,1,4,8,0,2,1,2,0,15,0,0,7,0,5,2,0,6,1,16.75,80.24,4.492,8.907,61.04
1846,6,6,7,6,3,5,0,21,2,2,9,6,20,3,2,15,2,6,5,6,5,2,3,0,20,2,2,5,6,4,2,1,14,1,15.333,55.872,6.045,9.629,53.337
1847,0,1,0,1,4,3,0,9,0,1,4,0,3,0,0,7,0,0,1,0,1,2,2,0,9,0,1,3,0,2,0,0,7,0,10.0,36.167,3.486,4.043,83.885
1848,0,0,0,0,0,0,0,0,0,0,0,0,2,0,0,1,0,0,0,0,0,0,0,0,0,0,0,0,0,1,0,0,1,0,1.0,12.0,2.121,20.2,-47.98
1849,2,4,1,3,0,7,0,7,0,2,2,3,5,2,0,5,2,2,3,1,1,0,2,0,5,0,1,1,3,3,2,0,4,1,13.667,45.944,3.313,2.116,104.237
1850,0,0,0,0,0,0,0,0,0,0,0,0,2,0,0,1,0,0,0,0,0,0,0,0,0,0,0,0,0,1,0,0,1,0,1.0,12.0,2.121,20.2,-47.98
1851,21,20,6,16,6,11,0,42,8,9,24,6,28,3,5,26,1,18,11,6,3,3,3,0,31,6,2,7,6,5,3,2,19,1,24.75,91.75,5.98,8.902,75.323
1852,0,0,0,0,0,0,0,0,0,0,0,0,0,0,0,0,0,0,0,0,0,0,0,0,0,0,0,0,0,0,0,0,0,0,0.0,0.0,0.0,-15.59,206.835
1853,1,1,2,1,1,1,0,1,0,1,4,0,0,0,0,3,0,1,1,2,1,1,1,0,1,0,1,3,0,0,0,0,3,0,16.0,72.638,2.652,4.663,90.133
1854,27,31,21,18,20,31,1,56,3,14,43,6,19,9,0,43,1,19,13,18,4,3,7,1,43,3,2,12,6,5,6,0,31,1,27.0,106.897,6.521,8.743,80.469
1855,0,0,0,0,0,0,0,0,0,0,0,0,2,0,0,1,0,0,0,0,0,0,0,0,0,0,0,0,0,1,0,0,1,0,1.0,12.0,2.121,20.2,-47.98
1856,0,0,0,0,0,0,0,0,0,0,0,0,0,0,0,0,0,0,0,0,0,0,0,0,0,0,0,0,0,0,0,0,0,0,0.0,0.0,0.0,-15.59,206.835
1857,2,5,4,2,3,4,1,7,0,3,4,4,6,1,0,7,0,2,4,4,2,1,2,1,7,0,2,3,4,4,1,0,7,0,15.667,53.074,4.538,6.588,75.733
1858,0,0,0,0,0,0,0,2,0,0,0,0,1,0,0,0,0,0,0,0,0,0,0,0,2,0,0,0,0,1,0,0,0,0,2.0,8.615,1.5,8.79,35.605
1859,0,0,0,0,0,0,0,0,0,0,0,0,2,0,0,1,0,0,0,0,0,0,0,0,0,0,0,0,0,1,0,0,1,0,1.0,12.0,2.121,20.2,-47.98
1860,0,0,0,0,0,0,0,0,0,0,0,0,0,0,0,0,0,0,0,0,0,0,0,0,0,0,0,0,0,0,0,0,0,0,0.0,0.0,0.0,-15.59,206.835
1861,4,7,6,11,3,9,1,20,1,3,11,0,13,3,2,11,3,4,6,5,5,1,5,1,18,1,2,6,0,5,3,1,10,1,15.5,66.558,5.206,5.681,81.941
1862,14,30,8,17,11,15,0,38,0,7,25,7,19,6,0,24,3,14,11,7,7,1,5,0,27,0,3,11,7,6,4,0,18,1,25.5,100.825,5.644,10.551,64.835
1863,10,15,7,17,10,8,0,26,0,9,29,1,19,6,0,22,0,9,7,6,4,2,4,0,24,0,2,8,1,3,5,0,19,0,17.778,75.16,5.087,4.692,93.087
1864,1,4,0,2,1,4,0,12,0,1,3,0,10,2,0,6,1,1,4,0,1,1,4,0,11,0,1,2,0,3,1,0,6,1,9.25,38.82,4.185,3.963,83.122
1865,0,0,0,0,0,0,0,0,0,0,0,0,0,0,0,0,0,0,0,0,0,0,0,0,0,0,0,0,0,0,0,0,0,0,0.0,0.0,0.0,-15.59,206.835
1866,7,10,6,12,9,9,0,22,1,3,13,1,10,1,0,14,2,7,8,6,6,3,3,0,20,1,2,7,1,6,1,0,11,2,21.8,89.077,5.554,9.8,63.629
1867,11,14,16,20,2,11,2,31,3,4,24,12,34,7,4,21,2,11,5,13,5,2,6,2,25,3,2,5,9,6,6,1,17,1,13.071,46.944,6.116,5.241,80.768
1868,0,1,0,1,1,1,0,2,0,1,2,0,1,0,0,4,0,0,1,0,1,1,1,0,2,0,1,2,0,1,0,0,3,0,13.0,62.548,2.55,5.818,76.502
1869,15,26,10,21,15,20,0,38,1,7,24,17,34,6,0,24,9,14,13,10,6,4,5,0,24,1,2,8,9,4,5,0,20,3,32.714,110.926,5.841,12.679,62.431
1870,0,0,0,0,0,0,0,0,0,0,0,0,0,0,0,0,0,0,0,0,0,0,0,0,0,0,0,0,0,0,0,0,0,0,0.0,0.0,0.0,-15.59,206.835
1871,0,0,0,0,0,0,0,0,0,0,0,0,0,0,0,0,0,0,0,0,0,0,0,0,0,0,0,0,0,0,0,0,0,0,0.0,0.0,0.0,-15.59,206.835
1872,0,0,0,0,0,0,0,0,0,0,0,0,0,0,0,0,0,0,0,0,0,0,0,0,0,0,0,0,0,0,0,0,0,0,0.0,0.0,0.0,-15.59,206.835
1873,0,0,0,0,0,0,0,0,0,0,0,0,0,0,0,0,0,0,0,0,0,0,0,0,0,0,0,0,0,0,0,0,0,0,0.0,0.0,0.0,-15.59,206.835
1874,0,2,3,2,1,1,0,5,1,0,1,0,4,1,0,2,2,0,2,2,2,1,1,0,5,1,0,1,0,2,1,0,2,1,10.5,41.956,3.24,-0.257,115.606
1875,5,8,2,4,1,4,0,15,0,3,9,0,3,5,0,14,1,5,5,2,3,1,2,0,15,0,2,6,0,1,4,0,11,1,23.667,99.382,4.867,8.432,76.765
1876,12,14,9,17,4,14,1,31,2,7,23,5,19,10,1,22,4,11,6,9,6,3,4,1,25,2,3,11,4,6,6,1,19,2,35.0,141.209,6.147,12.692,66.406
1877,0,0,0,0,0,0,0,0,0,0,0,0,2,0,0,1,0,0,0,0,0,0,0,0,0,0,0,0,0,1,0,0,1,0,1.0,12.0,2.121,20.2,-47.98
1878,22,26,12,27,12,20,1,39,5,16,51,0,33,8,0,46,0,21,15,10,7,2,7,1,32,4,2,14,0,6,7,0,26,0,31.556,130.404,6.126,9.514,83.057
1879,0,0,0,0,0,0,0,0,0,0,0,0,0,0,0,0,0,0,0,0,0,0,0,0,0,0,0,0,0,0,0,0,0,0,0.0,0.0,0.0,-15.59,206.835
1880,0,0,0,0,0,0,0,0,0,0,0,0,0,0,0,0,0,0,0,0,0,0,0,0,0,0,0,0,0,0,0,0,0,0,0.0,0.0,0.0,-15.59,206.835
1881,1,4,3,2,2,2,0,8,1,0,6,0,4,1,0,3,0,1,3,3,2,1,2,0,8,1,0,5,0,4,1,0,3,0,16.5,68.006,4.185,5.863,82.415
1882,8,7,8,12,7,12,1,23,1,2,18,4,18,3,0,14,5,5,3,5,3,3,3,1,21,1,1,8,4,6,3,0,13,2,25.2,92.565,4.977,12.5,50.328
1883,2,3,3,2,2,3,0,6,0,1,2,0,3,1,0,5,0,2,2,3,2,1,2,0,6,0,1,1,0,2,1,0,5,0,15.0,55.357,3.615,7.173,70.35
1884,7,27,13,17,6,21,0,42,1,7,23,6,21,3,1,26,5,7,10,10,7,3,5,0,31,1,2,6,4,9,3,1,18,2,25.5,101.641,5.693,9.51,72.3
1885,12,17,10,17,7,12,0,27,3,9,30,1,17,7,0,22,1,11,11,9,6,3,4,0,25,3,2,8,1,5,3,0,17,1,17.5,74.179,5.612,6.339,80.785
1886,2,4,0,3,2,3,0,11,0,1,5,4,6,1,0,6,0,2,4,0,1,2,1,0,10,0,1,5,4,2,1,0,6,0,14.0,52.41,4.146,8.413,59.682
1887,3,4,5,3,4,5,1,10,0,1,4,4,7,1,1,5,1,3,3,5,2,2,3,1,9,0,1,3,4,4,1,1,5,1,12.75,43.011,4.753,5.579,77.776
1888,0,0,0,0,0,0,0,0,0,0,0,0,2,0,0,1,0,0,0,0,0,0,0,0,0,0,0,0,0,1,0,0,1,0,1.0,12.0,2.121,20.2,-47.98
1889,5,10,3,10,0,7,0,20,0,4,17,3,10,3,0,12,0,4,8,3,5,0,5,0,14,0,3,10,2,3,2,0,8,0,15.667,69.83,4.595,5.082,86.533
1890,5,5,2,8,3,5,0,17,0,3,7,2,10,1,0,8,0,5,4,2,2,3,3,0,16,0,1,4,2,5,1,0,6,0,13.2,54.023,4.526,4.576,85.764
1891,16,24,18,20,12,15,0,40,4,10,39,0,28,11,1,27,4,13,15,17,7,3,3,0,29,3,2,10,0,6,6,1,19,1,21.727,86.67,5.809,6.807,84.961
1892,2,13,3,8,0,12,1,19,0,3,9,0,13,1,0,7,1,2,9,3,5,0,6,1,15,0,3,7,0,5,1,0,6,1,7.9,35.95,5.012,4.369,77.806
1893,23,30,11,24,10,23,1,38,5,9,30,17,26,7,0,32,4,16,11,10,7,3,7,1,29,4,2,7,17,5,2,0,23,1,23.909,96.326,6.148,8.585,76.094
1894,2,4,9,7,4,2,0,10,3,0,15,0,6,0,2,13,1,2,3,6,3,2,2,0,9,3,0,3,0,1,0,1,11,1,11.5,44.495,4.001,3.431,90.945
1895,0,0,0,0,0,0,0,0,0,0,0,0,2,0,0,1,0,0,0,0,0,0,0,0,0,0,0,0,0,1,0,0,1,0,1.0,12.0,2.121,20.2,-47.98
1896,20,39,25,35,15,29,3,71,7,17,66,3,54,15,1,67,5,18,16,24,6,3,6,2,48,7,3,15,2,8,9,1,45,1,21.842,84.213,7.081,7.686,78.864
1897,1,1,0,1,0,1,0,7,0,1,3,0,3,1,0,4,0,1,1,0,1,0,1,0,7,0,1,2,0,3,1,0,3,0,6.667,31.306,3.32,5.3,68.938
1898,0,0,0,0,0,0,0,0,0,0,0,0,2,0,0,1,0,0,0,0,0,0,0,0,0,0,0,0,0,1,0,0,1,0,1.0,12.0,2.121,20.2,-47.98
1899,0,0,0,0,0,0,0,0,0,0,0,0,2,0,0,1,0,0,0,0,0,0,0,0,0,0,0,0,0,1,0,0,1,0,1.0,12.0,2.121,20.2,-47.98
1900,4,7,2,2,4,9,0,18,3,2,14,2,6,2,0,13,3,3,7,2,1,2,3,0,16,3,1,8,2,3,2,0,13,2,27.667,94.13,5.2,7.284,92.115
1901,5,8,4,8,3,7,0,15,0,2,11,1,13,2,0,9,4,4,6,4,5,2,4,0,11,0,1,6,1,5,1,0,9,2,26.333,87.878,4.694,9.169,76.231
1902,0,1,0,2,0,0,0,2,0,0,5,0,3,1,0,2,2,0,1,0,2,0,0,0,2,0,0,3,0,1,1,0,2,1,5.0,20.044,2.373,-0.267,105.88
1903,0,0,0,0,0,0,0,0,0,0,0,0,0,0,0,0,0,0,0,0,0,0,0,0,0,0,0,0,0,0,0,0,0,0,0.0,0.0,0.0,-15.59,206.835
1904,0,0,0,0,0,0,0,0,0,0,0,0,0,0,0,0,0,0,0,0,0,0,0,0,0,0,0,0,0,0,0,0,0,0,0.0,0.0,0.0,-15.59,206.835
1905,0,0,0,0,0,0,0,0,0,0,0,0,0,0,0,0,0,0,0,0,0,0,0,0,0,0,0,0,0,0,0,0,0,0,0.0,0.0,0.0,-15.59,206.835
1906,0,0,0,0,0,0,0,0,0,0,0,0,2,0,0,1,0,0,0,0,0,0,0,0,0,0,0,0,0,1,0,0,1,0,1.0,12.0,2.121,20.2,-47.98
1907,0,0,0,0,0,0,0,0,0,0,0,0,0,0,0,0,0,0,0,0,0,0,0,0,0,0,0,0,0,0,0,0,0,0,0.0,0.0,0.0,-15.59,206.835
1908,0,0,0,0,0,0,0,0,0,0,0,0,0,0,0,0,0,0,0,0,0,0,0,0,0,0,0,0,0,0,0,0,0,0,0.0,0.0,0.0,-15.59,206.835
1909,12,12,21,22,12,19,0,46,0,16,35,2,31,7,0,37,4,11,6,19,6,4,7,0,39,0,2,10,2,6,5,0,25,3,20.417,84.822,6.279,7.929,74.578
1910,0,0,0,0,0,0,0,0,0,0,0,0,2,0,0,1,0,0,0,0,0,0,0,0,0,0,0,0,0,1,0,0,1,0,1.0,12.0,2.121,20.2,-47.98
1911,0,0,0,0,0,0,0,0,0,0,0,0,0,0,0,0,0,0,0,0,0,0,0,0,0,0,0,0,0,0,0,0,0,0,0.0,0.0,0.0,-15.59,206.835
1912,0,0,0,0,0,0,0,0,0,0,0,0,0,0,0,0,0,0,0,0,0,0,0,0,0,0,0,0,0,0,0,0,0,0,0.0,0.0,0.0,-15.59,206.835
1913,0,0,0,0,0,0,0,0,0,0,0,0,0,0,0,0,0,0,0,0,0,0,0,0,0,0,0,0,0,0,0,0,0,0,0.0,0.0,0.0,-15.59,206.835
1914,5,9,2,13,2,7,0,31,0,3,18,0,17,0,2,13,5,5,5,2,3,1,5,0,23,0,1,5,0,8,0,1,11,2,15.571,73.229,4.606,8.129,64.518
1915,0,0,0,0,0,0,0,0,0,0,0,0,0,0,0,0,0,0,0,0,0,0,0,0,0,0,0,0,0,0,0,0,0,0,0.0,0.0,0.0,-15.59,206.835
1916,11,11,5,13,5,11,0,25,1,4,18,2,17,3,0,17,3,11,7,5,4,3,5,0,24,1,2,8,2,5,2,0,16,2,21.333,82.919,5.75,8.033,75.466
1917,28,42,26,27,5,29,1,78,4,17,56,4,45,9,0,52,11,24,17,17,7,3,9,1,45,4,3,13,4,9,4,0,35,4,17.773,83.277,6.723,7.457,73.255
1918,8,9,1,4,3,3,0,21,3,3,6,8,24,3,2,12,1,7,5,1,3,2,3,0,18,3,3,4,8,6,2,1,11,1,21.5,78.967,5.871,11.455,51.226
1919,17,24,19,26,13,15,0,39,4,17,59,2,29,11,0,61,3,15,12,13,4,4,6,0,33,3,2,13,2,4,7,0,43,1,16.316,61.427,6.225,6.151,80.022
1920,9,9,14,8,6,16,2,24,2,5,15,2,19,2,0,21,3,8,6,12,2,2,5,2,16,2,2,6,2,4,1,0,16,2,11.5,48.561,5.177,4.286,84.815
1921,25,18,23,19,7,14,1,42,0,7,26,17,44,6,2,21,7,21,7,16,4,2,5,1,27,0,2,11,13,6,3,1,17,2,19.5,71.508,6.24,8.101,71.712
1922,0,0,0,0,0,0,0,0,0,0,0,0,0,0,0,0,0,0,0,0,0,0,0,0,0,0,0,0,0,0,0,0,0,0,0.0,0.0,0.0,-15.59,206.835
1923,24,27,18,23,10,23,0,37,0,5,31,4,27,9,1,26,3,19,14,17,7,2,7,0,29,0,2,13,3,7,7,1,21,2,29.875,121.955,6.358,11.021,69.257
1924,0,0,0,0,0,0,0,0,0,0,0,0,0,0,0,0,0,0,0,0,0,0,0,0,0,0,0,0,0,0,0,0,0,0,0.0,0.0,0.0,-15.59,206.835
1925,0,0,0,0,0,0,0,0,0,0,0,0,0,0,0,0,0,0,0,0,0,0,0,0,0,0,0,0,0,0,0,0,0,0,0.0,0.0,0.0,-15.59,206.835
1926,3,11,3,8,4,7,0,11,1,3,9,6,12,1,0,12,2,3,7,2,2,2,4,0,10,1,1,5,5,6,1,0,8,1,13.5,50.967,4.4,3.806,91.821
1927,37,37,33,28,18,32,0,72,5,9,50,4,47,8,0,50,5,29,17,20,8,3,8,0,49,5,3,11,4,8,5,0,32,2,22.824,93.861,6.928,9.612,66.799
1928,11,15,16,20,8,11,0,39,0,11,41,7,35,9,2,33,7,11,8,12,6,3,5,0,29,0,3,12,7,8,6,1,23,2,16.214,59.616,6.054,3.521,98.696
1929,12,12,7,13,8,13,1,45,0,8,24,1,18,5,3,24,4,12,8,5,5,1,3,1,39,0,1,12,1,4,5,1,22,1,22.125,94.743,6.272,9.039,69.666
1930,9,17,6,12,1,15,1,31,1,4,15,1,15,2,0,14,7,9,12,6,5,1,4,1,21,1,1,7,1,5,2,0,12,3,19.571,74.771,5.316,6.427,83.844
1931,11,16,3,8,1,10,0,29,2,7,11,5,23,1,0,12,2,11,11,3,3,1,4,0,26,2,2,6,5,7,1,0,9,2,9.833,38.09,5.728,5.945,69.954
1932,1,10,3,9,4,2,0,18,2,3,8,2,4,2,0,7,2,1,7,3,3,2,1,0,18,2,2,3,2,1,2,0,6,1,18.25,63.557,4.386,4.782,93.281
1933,16,18,13,20,9,13,2,28,0,6,26,4,25,8,2,25,3,15,11,10,6,3,7,2,24,0,2,9,4,7,5,1,19,1,15.917,63.393,6.14,5.877,81.275
1934,10,8,1,11,0,11,2,16,1,2,12,5,14,3,0,9,5,9,6,1,5,0,3,2,14,1,1,8,5,3,3,0,8,2,19.2,75.005,4.907,8.615,67.497
1935,1,3,0,3,1,0,0,5,0,2,4,1,0,1,0,2,0,1,3,0,2,1,0,0,5,0,1,2,1,0,1,0,2,0,11.5,43.601,2.801,5.312,77.458
1936,0,0,0,0,0,0,0,0,0,0,0,0,0,0,0,0,0,0,0,0,0,0,0,0,0,0,0,0,0,0,0,0,0,0,0.0,0.0,0.0,-15.59,206.835
1937,14,25,6,12,4,14,0,39,3,3,14,4,24,3,0,17,6,9,11,5,3,2,3,0,29,2,1,5,4,9,2,0,13,2,15.273,56.562,5.401,6.17,78.03
1938,0,0,0,0,0,0,0,0,0,0,0,0,0,0,0,0,0,0,0,0,0,0,0,0,0,0,0,0,0,0,0,0,0,0,0.0,0.0,0.0,-15.59,206.835
1939,0,0,0,0,0,0,0,0,0,0,0,0,0,0,0,0,0,0,0,0,0,0,0,0,0,0,0,0,0,0,0,0,0,0,0.0,0.0,0.0,-15.59,206.835
1940,0,0,0,0,0,0,0,0,0,0,0,0,0,0,0,0,0,0,0,0,0,0,0,0,0,0,0,0,0,0,0,0,0,0,0.0,0.0,0.0,-15.59,206.835
1941,7,10,12,8,0,13,0,19,0,7,15,2,11,3,0,16,3,7,8,11,3,0,3,0,17,0,3,5,1,5,2,0,10,2,13.111,47.982,4.882,2.323,101.758
1942,6,8,8,6,4,5,1,19,1,2,10,5,13,1,0,13,0,6,7,8,2,1,3,1,18,1,1,6,4,7,1,0,12,0,12.714,47.769,5.621,5.809,76.06
1943,14,16,13,12,5,11,1,30,0,3,23,3,21,3,0,16,3,12,7,12,4,3,4,1,22,0,2,11,3,9,2,0,11,1,22.0,85.05,5.698,12.835,42.223
1944,0,0,0,0,0,0,0,0,0,0,0,0,2,0,0,1,0,0,0,0,0,0,0,0,0,0,0,0,0,1,0,0,1,0,1.0,12.0,2.121,20.2,-47.98
1945,0,0,0,0,0,0,0,0,0,0,0,0,0,0,0,0,0,0,0,0,0,0,0,0,0,0,0,0,0,0,0,0,0,0,0.0,0.0,0.0,-15.59,206.835
1946,7,7,11,11,5,10,0,19,1,2,14,0,16,3,0,14,3,7,6,9,4,1,5,0,17,1,1,8,0,7,2,0,13,1,17.833,73.892,5.4,7.576,72.508
1947,0,0,0,0,0,0,0,0,0,0,0,0,2,0,0,1,0,0,0,0,0,0,0,0,0,0,0,0,0,1,0,0,1,0,1.0,12.0,2.121,20.2,-47.98
1948,11,20,11,13,7,12,0,41,2,6,33,1,17,5,0,29,3,8,10,10,3,2,5,0,29,2,2,7,1,7,5,0,20,1,17.636,72.371,5.534,6.798,77.733
1949,2,7,4,4,2,9,0,15,2,2,7,0,5,3,0,10,0,2,6,2,4,1,4,0,10,1,2,5,0,5,3,0,8,0,22.333,102.621,4.579,8.795,71.788
1950,6,12,4,10,3,12,0,21,4,2,15,1,13,1,0,12,5,6,7,4,5,2,3,0,15,4,2,6,1,5,1,0,11,1,21.6,75.073,4.899,5.836,91.694
1951,0,0,0,0,0,0,0,0,0,0,0,0,0,0,0,0,0,0,0,0,0,0,0,0,0,0,0,0,0,0,0,0,0,0,0.0,0.0,0.0,-15.59,206.835
1952,0,0,0,0,0,0,0,0,0,0,0,0,2,0,0,1,0,0,0,0,0,0,0,0,0,0,0,0,0,1,0,0,1,0,1.0,6.0,2.121,20.2,-47.98
1953,7,10,4,7,2,5,0,14,0,1,7,1,6,4,0,5,0,7,6,4,4,1,3,0,10,0,1,4,1,3,4,0,4,0,33.5,142.391,4.406,16.848,33.937
1954,0,1,3,3,2,2,0,5,0,1,2,1,3,0,0,5,0,0,1,3,3,2,2,0,5,0,1,2,1,3,0,0,5,0,8.333,40.485,3.96,5.596,69.785
1955,2,4,2,5,1,3,1,9,0,1,3,0,4,2,0,8,0,2,2,2,4,1,1,1,8,0,1,3,0,3,2,0,6,0,20.5,79.251,3.865,8.234,72.54
1956,18,15,9,11,4,3,2,21,0,4,22,3,15,1,1,13,2,16,5,8,4,3,1,2,20,0,2,14,3,7,1,1,12,1,18.143,75.399,5.961,10.44,52.527
1957,0,0,0,0,0,0,0,0,0,0,0,0,2,0,0,1,0,0,0,0,0,0,0,0,0,0,0,0,0,1,0,0,1,0,1.0,12.0,2.121,20.2,-47.98
1958,15,13,3,13,6,7,0,45,4,4,15,0,29,3,4,13,7,12,7,3,5,3,6,0,27,3,2,7,0,8,2,1,12,2,21.143,86.039,5.696,10.914,54.474
1959,4,4,2,4,2,3,1,7,0,0,7,0,8,2,0,5,0,4,2,2,2,2,3,1,6,0,0,5,0,5,2,0,5,0,20.5,87.488,4.196,9.673,62.223
1960,13,13,4,11,3,11,1,27,1,7,19,0,16,3,0,23,5,11,10,3,4,2,6,1,21,1,2,11,0,5,3,0,18,2,20.143,94.906,5.717,8.417,70.59
1961,0,0,0,0,0,0,0,0,0,0,0,0,0,0,0,0,0,0,0,0,0,0,0,0,0,0,0,0,0,0,0,0,0,0,0.0,0.0,0.0,-15.59,206.835
1962,0,0,0,0,0,0,0,0,0,0,0,0,0,0,0,0,0,0,0,0,0,0,0,0,0,0,0,0,0,0,0,0,0,0,0.0,0.0,0.0,-15.59,206.835
1963,9,11,8,12,5,11,1,29,0,4,22,2,20,8,3,25,5,9,9,8,6,3,7,1,24,0,2,9,2,4,5,1,23,2,21.714,92.1,6.424,11.044,54.556
1964,5,7,4,8,2,6,0,11,2,3,8,2,8,1,0,12,1,5,6,4,4,2,3,0,11,2,1,4,2,5,1,0,11,1,14.4,52.911,5.083,4.776,86.469
1965,6,2,6,1,1,2,0,8,1,1,4,0,4,0,0,7,1,6,2,5,1,1,1,0,8,1,1,4,0,3,0,0,7,1,10.0,41.001,4.584,3.355,88.82
1966,0,0,0,0,0,0,0,0,0,0,0,0,0,0,0,0,0,0,0,0,0,0,0,0,0,0,0,0,0,0,0,0,0,0,0.0,0.0,0.0,-15.59,206.835
1967,0,0,0,0,0,0,0,0,0,0,0,0,2,0,0,1,0,0,0,0,0,0,0,0,0,0,0,0,0,1,0,0,1,0,1.0,6.0,2.121,20.2,-47.98
1968,0,0,0,0,0,0,0,0,0,0,0,0,0,0,0,0,0,0,0,0,0,0,0,0,0,0,0,0,0,0,0,0,0,0,0.0,0.0,0.0,-15.59,206.835
1969,8,10,8,13,5,12,1,22,3,10,17,1,9,3,0,25,1,8,6,8,7,2,3,1,20,3,1,7,1,4,2,0,20,1,23.167,92.714,5.338,8.726,73.767
1970,0,0,0,0,0,0,0,0,0,0,0,0,2,0,0,1,0,0,0,0,0,0,0,0,0,0,0,0,0,1,0,0,1,0,1.0,12.0,2.121,20.2,-47.98
1971,0,0,0,0,0,0,0,0,0,0,0,0,0,0,0,0,0,0,0,0,0,0,0,0,0,0,0,0,0,0,0,0,0,0,0.0,0.0,0.0,-15.59,206.835
1972,6,5,10,9,6,10,0,16,1,5,22,1,6,3,0,18,2,6,4,9,5,2,3,0,15,1,1,7,1,3,3,0,18,2,22.8,88.658,5.033,7.897,79.056
1973,2,11,4,5,1,9,1,22,4,4,10,9,16,1,1,10,7,2,6,4,3,1,4,1,22,4,1,4,7,7,1,1,9,1,16.833,53.338,5.488,9.318,58.242
1974,4,10,3,8,4,6,0,16,0,3,3,0,3,2,0,7,0,4,5,2,4,2,3,0,12,0,2,2,0,2,2,0,6,0,22.0,83.027,3.83,9.26,67.86
1975,6,14,2,11,3,12,1,18,1,5,16,6,12,2,0,18,2,6,8,2,3,1,5,1,16,1,1,4,6,4,2,0,13,1,14.625,52.184,4.707,6.351,75.575
1976,4,8,7,11,8,7,1,15,0,4,15,4,9,3,1,17,3,4,6,7,6,3,4,1,13,0,2,6,3,4,2,1,13,2,18.167,59.683,4.944,6.976,77.407
1977,48,84,53,51,36,61,2,139,9,33,108,30,98,17,3,120,10,40,21,37,8,4,7,2,76,8,3,19,16,9,11,1,62,1,39.9,159.511,7.76,15.497,55.021
1978,0,0,0,0,0,0,0,0,0,0,0,0,0,0,0,0,0,0,0,0,0,0,0,0,0,0,0,0,0,0,0,0,0,0,0.0,0.0,0.0,-15.59,206.835
1979,2,6,6,4,6,7,2,11,5,2,14,1,12,1,1,14,1,2,5,6,2,3,4,2,11,4,2,5,1,4,1,1,13,1,16.4,57.668,5.076,5.484,84.955
1980,4,10,2,5,2,5,1,11,4,0,16,6,9,1,0,12,1,4,6,1,4,1,2,1,8,4,0,8,4,2,1,0,9,1,9.875,28.776,4.376,2.6,94.007
1981,0,0,0,0,0,0,0,0,0,0,0,0,0,0,0,0,0,0,0,0,0,0,0,0,0,0,0,0,0,0,0,0,0,0,0.0,0.0,0.0,-15.59,206.835
1982,0,0,0,0,0,0,0,0,0,0,0,0,2,0,0,1,0,0,0,0,0,0,0,0,0,0,0,0,0,1,0,0,1,0,1.0,12.0,2.121,20.2,-47.98
1983,0,0,0,0,0,0,0,0,0,0,0,0,2,0,0,1,0,0,0,0,0,0,0,0,0,0,0,0,0,1,0,0,1,0,1.0,12.0,2.121,20.2,-47.98
1984,12,22,9,25,6,20,0,37,3,5,29,10,27,3,3,27,9,12,9,9,7,2,4,0,28,1,2,8,9,8,3,1,26,2,19.636,74.551,6.11,8.566,68.621
1985,0,0,0,0,0,0,0,0,0,0,0,0,2,0,0,1,0,0,0,0,0,0,0,0,0,0,0,0,0,1,0,0,1,0,1.0,12.0,2.121,20.2,-47.98
1986,0,0,0,0,0,0,0,0,0,0,0,0,2,0,0,1,0,0,0,0,0,0,0,0,0,0,0,0,0,1,0,0,1,0,1.0,12.0,2.121,20.2,-47.98
1987,0,0,0,0,0,0,0,0,0,0,0,0,0,0,0,0,0,0,0,0,0,0,0,0,0,0,0,0,0,0,0,0,0,0,0.0,0.0,0.0,-15.59,206.835
1988,3,8,11,10,5,5,1,7,2,3,19,3,4,1,0,12,1,3,4,9,4,2,3,1,5,2,2,7,3,1,1,0,10,1,15.167,54.521,4.077,4.2,91.966
1989,0,0,0,0,0,0,0,0,0,0,0,0,2,0,0,1,0,0,0,0,0,0,0,0,0,0,0,0,0,1,0,0,1,0,1.0,12.0,2.121,20.2,-47.98
1990,0,0,0,0,0,0,0,0,0,0,0,0,0,0,0,0,0,0,0,0,0,0,0,0,0,0,0,0,0,0,0,0,0,0,0.0,0.0,0.0,-15.59,206.835
1991,5,14,10,5,3,10,0,21,4,3,11,0,17,1,0,10,0,5,7,8,3,1,4,0,19,4,2,10,0,7,1,0,9,0,16.0,65.986,5.629,6.015,80.439
1992,0,0,0,0,0,0,0,0,0,0,0,0,2,0,0,1,0,0,0,0,0,0,0,0,0,0,0,0,0,1,0,0,1,0,1.0,12.0,2.121,20.2,-47.98
1993,13,10,3,9,5,9,1,29,3,3,12,5,22,3,4,13,4,10,7,3,3,2,3,1,20,3,2,6,5,6,3,1,8,2,17.286,64.026,5.271,6.17,81.617
1994,2,3,1,3,0,2,0,4,0,3,4,0,2,0,0,3,2,2,3,1,3,0,2,0,4,0,1,4,0,2,0,0,3,2,13.5,58.441,3.538,3.223,95.999
1995,6,10,3,7,3,9,0,31,0,2,8,0,8,6,0,18,1,6,8,3,3,2,5,0,19,0,2,4,0,5,4,0,16,1,20.8,99.924,5.131,9.201,66.144
1996,0,0,0,0,0,0,0,0,0,0,0,0,0,0,0,0,0,0,0,0,0,0,0,0,0,0,0,0,0,0,0,0,0,0,0.0,0.0,0.0,-15.59,206.835
1997,0,0,0,0,0,0,0,0,0,0,0,0,0,0,0,0,0,0,0,0,0,0,0,0,0,0,0,0,0,0,0,0,0,0,0.0,0.0,0.0,-15.59,206.835
1998,0,0,0,0,0,0,0,0,0,0,0,0,0,0,0,0,0,0,0,0,0,0,0,0,0,0,0,0,0,0,0,0,0,0,0.0,0.0,0.0,-15.59,206.835
1999,10,17,8,7,9,11,0,30,0,6,23,2,17,3,1,24,1,8,12,7,3,3,5,0,27,0,2,6,2,5,3,1,21,1,10.857,42.428,5.907,5.413,75.594
2000,0,0,0,0,0,0,0,0,0,0,0,0,2,0,0,1,0,0,0,0,0,0,0,0,0,0,0,0,0,1,0,0,1,0,1.0,12.0,2.121,20.2,-47.98
